株式会社ダイレクトクラウド,自社開発クラウドサービスを展開／法人営業・フィールドセールス,"東京都 港区 大門駅 徒歩5分                                                                                                                                                                    




大門駅（東京都）の求人
をすべて見る","月給33万円～58万4,000円",21日前,リクナビNEXT
株式会社インフォマート,フィールドセールス,"東京都 港区 浜松町駅 徒歩2分                                                                                                                                                                    




浜松町駅の求人
をすべて見る


株式会社インフォマートの求人
をすべて見る",年収550万円～600万円,26日前,U29JOB
株式会社求人ジャーナル ジャーナルコネクト,フィールドセールス,東京都 中央区,年収400万円～650万円,9日前,株式会社求人ジャーナル ジャーナルコネクト
SATORI株式会社,フィールドセールス,"東京都 渋谷区                                                                                                                                                                    




SATORI株式会社の求人
をすべて見る","年収400万円～1,200万円",公開していません,【公式】ワーママ転職ならママリブラ
株式会社カオナビ,フィールドセールス／第二新卒歓迎 6年連続シェアNo.1を獲得「カオナビ」で提案力を培える,東京都 港区,年収350万円～400万円,13日前,LIBZ
WealthPark株式会社,フィールドセールス,東京都 渋谷区,公開していません,21日前,マイナビAGENT
株式会社リセ,フィールドセールス 法務業務を支援するSaaS 土日祝休 リモート可 残業20h未満,"東京都 中央区                                                                                                                                                                    




株式会社リセの求人
をすべて見る",年収300万円～500万円,11日前,doda
株式会社タイミー,フィールドセールス／自社サービス「タイミー」のセールスとカスタマーサクセス,東京都 豊島区,年収500万円～700万円,14日前,doda
株式会社ブレイン・ラボ,フィールドセールス SaaS型プロダクト営業／リモートワーク中心,東京都 港区,年収350万円～600万円,16時間前,リクルートエージェント
株式会社スマートドライブ,THE MODEL型組織でモビリティSaaSのフィールドセールス募集,東京都 千代田区,"年収600万円～1,299万円",1日前,en ミドルの転職
Crevo株式会社,営業／フィールドセールス,東京都 目黒区,年収450万円～700万円,27日前,マイナビAGENT
株式会社アンドパッド,フィールドセールス 東京,東京都 千代田区 秋葉原駅 徒歩2分,年収360万円～700万円,3日前,Green
株式会社READY TO FASHION,代表直下／フィールドセールス／業界特化のsaas型求人プラットフォーム,東京都 渋谷区,公開していません,9日前,READY TO FASHION
株式会社オープンロジ,"フィールドセールス／営業未経験者も活躍中 物流×SaaS／実績10,000社以上",東京都 豊島区 池袋駅,年収360万円～500万円,18日前,doda
株式会社ラフール,リーダー候補／フィールドセールス ローンチ2年半で導入1000社,東京都,年収500万円～650万円,公開していません,キャリフレ
株式会社EN,MAツールのフィールドセールス,東京都 渋谷区 渋谷駅,年収400万円～800万円,8日前,株式会社EN
株式会社Hubble,フィールドセールス,東京都 港区 品川駅 徒歩5分,年収400万円～900万円,9日前,Green
株式会社アッテル,フィールドセールス,東京都 渋谷区,年収600万円～840万円,16日前,doda
株式会社ROXX,02 back check フィールドセールス,東京都 新宿区 東新宿駅,年収480万円～780万円,8日前,Green
株式会社3ミニッツ,フィールドセールス,東京都 新宿区 西新宿駅 徒歩9分,"年収700万円～1,000万円",公開していません,U29JOB
Ubie株式会社,フィールドセールス 累計45億調達／AI問診サービスを運営／急成長スタートアップ,東京都 中央区,"年収500万円～1,200万円",17日前,doda
エン・ジャパン株式会社,新規事業SaaSのフィールドセールス 1年で導入300社を突破!／リモートワーク可,東京都 新宿区 西新宿駅,"月給27万5,000円～",21日前,エン転職
株式会社ecbeing,Eビジネスフィールドセールス,東京都 渋谷区 渋谷駅 徒歩6分,年収400万円～700万円,公開していません,U29JOB
株式会社LegalForce,フィールドセールス ～AI×法務「国内初リーガルテック」SaaS企業～,東京都 江東区,年収650万円～900万円,17日前,doda
株式会社ジェイック,フィールドセールス HRTech×AI就活支援サイト「FutureFinder」,東京都 千代田区 神保町駅,年収375万円～500万円,14日前,doda
HRクラウド株式会社,フィールドセールス,東京都 千代田区 神保町駅,年収500万円～700万円,16日前,doda
株式会社LIFULL senior,フィールドセールス 老後の不安をゼロにする／LIFULLグループ,東京都 千代田区,年収460万円～520万円,5日前,リクルートエージェント
Tangerine株式会社,フィールドセールス・カスタマーサクセス,東京都 港区 白金高輪駅 徒歩8分,年収350万円～550万円,3日前,doda
株式会社YOUTRUST,フィールドセールス,東京都 渋谷区 神泉駅 徒歩5分,年収350万円～650万円,1日前,Green
株式会社CastingONE,営業／フィールドセールス,東京都 渋谷区 代官山駅 徒歩7分,年収360万円～600万円,16日前,Green
CREW株式会社,フィールドセールス,東京都 豊島区 池袋駅 徒歩5分,公開していません,3日前,ふれツリ求人なび
株式会社バベル,フィールドセールスマネージャー 0 1フェーズ／IPO準備中／14.6億円資金調達,東京都 渋谷区,年収400万円～600万円,公開していません,リクルートエージェント
HENNGE株式会社,フィールドセールス／マネージャー クラウド型メール配信サービス,東京都 渋谷区,年収460万円～750万円,13日前,リクルートエージェント
アライドアーキテクツ株式会社,フィールドセールス,東京都 渋谷区,年収400万円～700万円,公開していません,パソナキャリア
sweeep株式会社,フィールドセールス,東京都 渋谷区 渋谷駅 徒歩5分,年収400万円～600万円,6日前,Green
booost technologies株式会社,フィールドセールス マネージャー,東京都 千代田区 溜池山王駅,"年収600万円～1,000万円",17時間前,Green
アガサ株式会社,フィールドセールス 自社開発の製薬・医療向けクラウド型システム,東京都 中央区 茅場町駅,年収400万円～600万円,12日前,doda
スマートキャンプ株式会社,フィールドセールスリーダー候補 ～年間休日120日～,東京都 港区,年収350万円～600万円,公開していません,リクルートエージェント
イタンジ株式会社,SaaSセールス／未経験歓迎／インサイドセールス〜フィールドセールス担当,東京都 港区 六本木一丁目駅,年収360万円～700万円,公開していません,Geekly
株式会社ライトワークス,インサイドセールス／フィールドセールス,東京都 千代田区 麹町駅 徒歩5分,年収400万円～550万円,17時間前,Green
ウェルネス・コミュニケーションズ株式会社,健康管理サービスのフィールドセールス～SOMPOホールディングス等が出資／急成長のヘルスケア領域～,東京都 港区 六本木一丁目駅,年収450万円～600万円,17日前,doda
株式会社アサーティブ,「HRTech×SaaS」フィールドセールス募集!／残業月平均15時間／リモートOK,東京都 港区 虎ノ門ヒルズ駅 徒歩2分,公開していません,公開していません,株式会社アサーティブ
株式会社リアステージ,SaaS商材のフィールドセールス／リモートワーク,東京都 中央区 茅場町駅,年収450万円～600万円,27日前,株式会社リアステージ
株式会社mov,営業／フィールドセールス SaaSプロダクト／口コミマーケティングツール,東京都 渋谷区,年収450万円～700万円,26日前,リクルートエージェント
株式会社アテナ,フィールドセールス,東京都 江戸川区 葛西臨海公園駅,年収400万円～600万円,16日前,doda
株式会社スマレジ,クラウド勤怠システムのフィールドセールス 立ち上げから参画 フレックス勤務や副業OKなど自由な社風,東京都 渋谷区 恵比寿駅 徒歩7分,"月給28万5,000円～40万円",2時間前,エン転職
ビルコム株式会社,SaaSフィールドセールス 外勤営業,東京都 港区 六本木駅 徒歩1分,年収480万円～600万円,2日前,Green
ユニファ株式会社,保育ICTサービスのフィールドセールス 副業可能 Web面接OK,東京都 千代田区 飯田橋駅 徒歩4分,月給25万600円～,2時間前,エン転職
株式会社インターパーク,インサイドセールス&フィールドセールス 東京オフィス,東京都 渋谷区 渋谷駅 徒歩1分,年収310万円～610万円,19時間前,Green
スプリームシステム株式会社,フィールドセールス／自社マーケティングツール,東京都 豊島区 池袋駅,年収600万円～900万円,18日前,doda
株式会社LITALICO,福祉施設向けのフィールドセールス 児童福祉・障がい福祉分野の課題解決 充実の研修,東京都 目黒区 中目黒駅 徒歩1分,"月給24万8,000円～",7日前,エン転職
株式会社Brushup,フィールドセールス／制作物フィードバッククラウドサービス「Brushup」,東京都 品川区,年収400万円～800万円,4日前,doda
株式会社ジーネクスト,フィールドセールス 顧客対応DXを支援!直販・販売代理店体制強化のための戦略～実行までをお任せします,東京都,年収400万円～800万円,公開していません,キャリフレ
バヅクリ株式会社,フィールドセールス サントリー、野村証券など大手で導入／チームビルディングSaaS,東京都 港区,年収450万円～600万円,12日前,doda
株式会社助太刀,フィールドセールス／IT業界未経験歓迎／建設×SaaSのリーディングカンパニー,東京都 渋谷区 渋谷駅,年収400万円～700万円,公開していません,Geekly
株式会社DATAFLUCT,フィールドセールス 「JAXAベンチャー」認定／データサイエンス事業,東京都 千代田区 半蔵門駅,年収400万円～500万円,18日前,doda
株式会社テンダ,ソフトウェアパッケージ営業／インサイドセールスorフィールドセールス,東京都 豊島区 東池袋駅,年収583万円～850万円,公開していません,Geekly
株式会社PLAN-B,フィールドセールス,東京都 品川区 五反田駅 徒歩6分,月給30万円,公開していません,U29JOB
株式会社オンリーストーリー,フィールドセールス,東京都 渋谷区 恵比寿駅 徒歩3分,月給29万円～60万円,13日前,type
株式会社クラウドワークス,フィールドセールス／働き方改革を促進するSaaS「クラウドログ」営業／少数チームでサービス拡大を推進,東京都 渋谷区 恵比寿駅,年収400万円～800万円,17日前,doda
株式会社CLUE,フィールドセールスリーダー～ドローン×SaaSのリアルテック企業～,東京都 港区 品川駅,年収500万円～600万円,19日前,doda
株式会社SmartHR,フレックス・リモート／フィールドセールス@福岡 少数精鋭・裁量権大!,東京都 港区,年収400万円～700万円,13日前,LIBZ
株式会社オープンエイト,「Video BRAIN」のフィールドセールス アジアTOP100!,東京都 渋谷区,年収500万円～600万円,13日前,LIBZ
株式会社マネーフォワード,フィールドセールス 「日本No.1お金のサービスを創り上げる」,東京都,"年収400万円～1,000万円",公開していません,Spring転職エージェント
ウィズデスク株式会社,フィールドセールス・創業メンバー募集,東京都 品川区 大崎駅 徒歩5分,年収420万円～600万円,15日前,Green
株式会社メタリアル,フィールドセールスアシスタントマネージャー,東京都 千代田区 九段下駅 徒歩3分,年収300万円～700万円,公開していません,Green
株式会社サイエンスアーツ,営業／介護フィールドセールス,東京都 新宿区 神楽坂駅 徒歩6分,年収400万円～800万円,1日前,Green
Chatwork株式会社,自社サービスのフィールドセールス～法人向けオンラインサービス「セキュアSAMBA」～,東京都 港区 虎ノ門駅,年収400万円～600万円,11日前,doda
株式会社HERP,フィールドセールス担当,東京都 品川区,年収350万円～700万円,公開していません,SB Human Capital 転職エージェント
Acroforce株式会社,ベンチャー企業特化型新卒採用サービスのフィールドセールス／昨対比300%急成長ベンチャー,東京都 渋谷区,年収360万円～480万円,14日前,doda
株式会社hacomono,フィールドセールス フィットネス×ITで業界をリード／自社開発SaaS,東京都 豊島区,"年収400万円～1,100万円",14日前,doda
株式会社マクアケ,関東フィールドセールス,東京都 渋谷区 渋谷駅 徒歩3分,公開していません,12日前,株式会社マクアケ
株式会社COMPASS,フィールドセールス,東京都 文京区 後楽園駅,年収500万円～900万円,16日前,doda
株式会社インゲージ,フィールドセールス,東京都 新宿区,年収400万円～600万円,16日前,doda
株式会社メドレー,フィールドセールス／歯科医院向けクラウド型の業務支援システム「Dentis」,東京都 港区 六本木一丁目駅,年収450万円～700万円,12日前,doda
グリー株式会社,フィールドセールス／新規を中心としたクライアントへの企画提案,東京都 港区 六本木駅,"年収700万円～1,000万円",11日前,doda
リードプラス株式会社,フィールドセールス／IPO準備中・急成長ベンチャー,東京都 世田谷区 三軒茶屋駅,年収450万円～600万円,18日前,doda
株式会社チュートリアル,フィールドセールス メンバー,東京都 中央区 水天宮前駅 徒歩2分,年収420万円～720万円,1日前,Green
弁護士ドットコム株式会社,フィールドセールス ～急成長中のSaaS事業「電子契約サービス」の導入提案」～,東京都 港区 六本木一丁目駅,年収450万円～761万円,13日前,doda
キャディ株式会社,フィールドセールス,東京都 台東区 浅草橋駅,年収400万円～750万円,17日前,doda
日本リビング保証株式会社,フィールドセールス,東京都 渋谷区 初台駅,年収400万円～800万円,17日前,doda
株式会社RevComm,フィールドセールス 急成長SaaS「MiiTel」,東京都 渋谷区 渋谷駅,年収600万円～900万円,16日前,doda
株式会社ジーニー,SFA・CRMプロダクトのフィールドセールス,東京都 新宿区 西新宿駅,"年収600万円～1,200万円",公開していません,doda
株式会社ライフェックス,フィールドセールス ～成長著しいECビジネス・フレックス制・リモート可～,東京都 千代田区 水道橋駅,年収400万円～600万円,10日前,doda
株式会社KiteRa,事業会社向け新規サービス／フィールドセールス,東京都 港区 青山一丁目駅 徒歩6分,年収500万円～,17時間前,Green
株式会社YZ,フィールドセールス ベンチャーメーカーを目指しIPO準備中,東京都 千代田区 小川町駅,年収450万円～700万円,13日前,doda
コネクシオ株式会社,フィールドセールスエンジニア,東京都 港区 神谷町駅,年収480万円～700万円,17日前,doda
東京都豊島区の物流プラットフォーム企業／crew,フィールドセールス／01so,東京都 豊島区 池袋駅 徒歩5分,公開していません,18時間前,ふれつり転職相談
株式会社ハックルベリー,フィールドセールス／EC向けSaaS開発・運営やECサイト構築企業,東京都 渋谷区,"年収300万円～1,200万円",11日前,doda
株式会社SalesX,経費系クラウドサービスのフィールドセールス,東京都 港区,"時給2,000円～",6日前,かんたん応募
株式会社SUPERSTUDIO,フィールドセールス／EC／SaaS／若手活躍中／CMで話題の急成長スタートアップ,東京都 品川区 目黒駅,年収650万円～850万円,公開していません,Geekly
ーテクノロジーの力で “家族”をもっと豊かにー,「スマート保育園」推進を通じて保育施設の社会インフラ化を推進するユニファでフィールドセールス募集ーテ...,東京都 千代田区,年収350万円～550万円,13日前,LIBZ
株式会社プリバテック,自社製品・サービスのフィールドセールスエンジニア,東京都 品川区 新馬場駅,年収300万円～700万円,14日前,doda
ルームクリップ株式会社,フィールドセールス,東京都 渋谷区 千駄ケ谷駅 徒歩3分,年収360万円～750万円,公開していません,U29JOB
paiza株式会社,フィールドセールス,東京都 港区 外苑前駅,年収400万円～700万円,17日前,doda
Unipos株式会社,フィールドセールス HRSaaS／理想の組織作りに挑戦／第二新卒歓迎,東京都 渋谷区,年収400万円～900万円,24日前,リクルートエージェント
株式会社ウィルオブ・ワーク,製薬会社向けのフィールドセールス,東京都 品川区 大崎駅 徒歩7分,"時給1,900円～",公開していません,WILLOF
Thinkings株式会社,フィールドセールス,東京都 中央区 新日本橋駅 徒歩1分,年収400万円～600万円,公開していません,U29JOB
株式会社いつも,フィールドセールス,東京都 千代田区 有楽町駅 徒歩1分,年収400万円～600万円,公開していません,U29JOB
モノグサ株式会社,営業企画 フィールドセールスの戦略設計・組織作り／急成長記憶定着SaaS企業,東京都 千代田区,"年収500万円～1,150万円",公開していません,リクルートエージェント
株式会社with,マーケティング領域でのフィールドセールス,東京都 千代田区 御茶ノ水駅 徒歩6分,年収450万円～650万円,公開していません,株式会社with
株式会社SUPER STUDIO,法人向けECプラットフォーム「ecforce」のフィールドセールス／導入企業数500ショップ超～,東京都 品川区 目黒駅,年収650万円～850万円,15日前,doda
Creww株式会社,フィールドセールス,東京都 渋谷区 神泉駅 徒歩4分,年収450万円～750万円,公開していません,U29JOB
w2ソリューション株式会社,フィールドセールス／SaaS担当,東京都 中央区 東銀座駅,年収400万円～650万円,公開していません,Geekly
リアステージ,SaaSのフィールドセールス,東京都 千代田区 神田駅,月給33万円～55万円,27日前,リアステージ
ランスタッド株式会社,国際物流 フィールドセールス!500万～,東京都 品川区 天王洲アイル駅,"時給1,800円",2日前,ランスタッド 事務・オフィスワーク
株式会社MyRefer,フィールドセールス,東京都 千代田区 飯田橋駅 徒歩8分,年収497万円～565万円,17時間前,Green
株式会社エクサウィザーズ,フィールドセールス フルリモート可／AIスタートアップ,東京都 港区,"年収480万円～1,200万円",公開していません,リクルートエージェント
株式会社Buff,フィールドセールス 営業の生産性を高めるSaaSプロダクト「SALESCORE」,東京都 渋谷区,年収400万円～700万円,13日前,doda
株式会社ユーザベース,SPEEDA - フィールドセールス,東京都 港区 六本木駅,年収300万円～700万円,公開していません,Geekly
株式会社ウェルモ,フィールドセールス,東京都 千代田区 内幸町駅 徒歩4分,年収360万円～480万円,公開していません,U29JOB
株式会社ベーシック,フィールドセールス,東京都 千代田区 半蔵門駅 徒歩2分,年収624万円～930万円,27日前,U29JOB
株式会社ソーシャルインテリア,フィールドセールス 日本初 家具のサブスクリプションサービス／IPO準備中,東京都 渋谷区,年収400万円～900万円,公開していません,リクルートエージェント
株式会社灯火,営業／企画営業 フィールドセールス／リーダー候補,東京都 千代田区 神保町駅 徒歩7分,年収518万円～660万円,公開していません,株式会社灯火
株式会社セイルボート,フィールドセールス ソリューション営業,東京都 新宿区 新宿三丁目駅 徒歩2分,年収320万円～400万円,17時間前,Green
C Channel株式会社,フィールドセールス,東京都 世田谷区 池尻大橋駅 徒歩7分,月給30万円～,6日前,U29JOB
株式会社データビークル,フィールドセールス 大手企業などのデータ分析・活用を支援／統計学×SaaS,東京都 港区,年収540万円～800万円,14日前,doda
株式会社visumo,フィールドセールス,東京都 渋谷区,公開していません,公開していません,マイナビAGENT
株式会社エス・エム・エス,フィールドセールス 16期連続増収増益のプライム上場ITメガベンチャーにて介護事業者の経営課題を解決...,東京都 港区,年収400万円～600万円,13日前,LIBZ
LINE株式会社,フィールドセールス／LINEスキマニ,東京都 新宿区,公開していません,28日前,LINE株式会社
ファインディ株式会社,フィールドセールス~転職サービス「Findy」等運営企業,東京都 品川区,年収400万円～700万円,15日前,doda
株式会社ラクス,楽楽販売 フィールドセールス／成長段階の組織に携わることが可能,東京都 渋谷区,年収431万円～585万円,13日前,リクルートエージェント
キャリフレ,新卒向けオファー型サービス「dodaキャンパス」のフィールドセールス職,東京都 新宿区,年収420万円～550万円,公開していません,キャリフレ
株式会社ナレッジラボ,フィールドセールス,東京都 港区,年収400万円～700万円,13日前,リクルートエージェント
株式会社オプロ,フィールドセールス 業界トップクラスのシェア,東京都 中央区 宝町駅,年収350万円～500万円,13日前,doda
株式会社ファインズ,東京／フィールドセールス 成長業界で活躍できる／中小企業のDX推進／未経験OK,東京都 渋谷区,年収288万円～350万円,公開していません,リクルートエージェント
w2ソリューション,フィールドセールス,東京都,公開していません,公開していません,type 転職エージェント
Micoworks株式会社,フィールドセールス,東京都 千代田区,"年収700万円～1,000万円",12日前,doda
株式会社manebi,フィールドセールス／採用担当が選ぶWeb面接ツール第1位／いま注目のSaaS,東京都 千代田区,公開していません,12日前,マイナビAGENT
株式会社スタディスト,フィールドセールス～「知的活力みなぎる社会をつくる」をミッションに～,東京都 千代田区,年収450万円～700万円,19日前,doda
株式会社Sprocket,フィールドセールス,東京都 目黒区,"年収600万円～1,000万円",11日前,doda
さくらインターネット株式会社,フィールドセールス,東京都 新宿区,"年収800万円～1,100万円",13日前,パソナキャリア
株式会社アプトポッド,あらゆる製造業分野に自社IoT製品でDXをもたらしたいフィールドセールス募集,東京都 新宿区,年収550万円～900万円,1日前,en ミドルの転職
株式会社パシフィックメディカル,フィールドセールス～病院向け電子カルテ「MALL」,東京都 港区 六本木一丁目駅,年収500万円～800万円,3日前,doda
株式会社ファミトラ,フィールドセールス,東京都 港区 六本木駅,年収480万円～960万円,11日前,doda
ピーシーフェーズ株式会社,人材育成SaaSのフィールドセールス,東京都 渋谷区 渋谷駅,年収500万円～800万円,6日前,doda
株式会社DONUTS,ジョブカンApps フィールドセールス 外勤営業,東京都 新宿区 新宿駅 徒歩3分,年収350万円～550万円,3日前,Green
メリービズ株式会社,フィールドセールス:BtoB向け業務支援SaaS事業／売上7倍以上に伸長／上場視野,東京都 渋谷区,年収450万円～700万円,公開していません,リクルートエージェント
株式会社アースリンク,リモート可 フィールドセールス 残業平均20h以下／転勤なし／土日祝休み,東京都 多摩市 小田急永山駅,年収350万円～500万円,13日前,doda
アウモ株式会社,フィールドセールス#自社サービス#国内最大級のおでかけ情報サービス「aumo」,東京都 新宿区 都庁前駅,年収400万円～900万円,11日前,doda
株式会社TOKIUM,フィールドセールス／裁量をもってお仕事したい方にオススメ／累計調達資金額数十億円,東京都 千代田区,年収400万円～600万円,15日前,doda
株式会社ビズリーチ,フィールドセールス,東京都 渋谷区 渋谷駅,年収500万円～600万円,15日前,doda
メディアリンク株式会社,フィールドセールス ～ベストベンチャー100選出企業／大手顧客利用多数／在宅勤務OK～,東京都 港区,年収350万円～500万円,11日前,doda
スパイダープラス株式会社,フィールドセールス 部長候補,東京都 港区 虎ノ門ヒルズ駅,"年収700万円～1,050万円",公開していません,Geekly
ClipLine株式会社,フィールドセールス,東京都 品川区,年収600万円,公開していません,株式会社 Billage
株式会社アクシバース,フィールドセールス～見込み顧客に対して顧客視点を持ちながらテスト導入まで寄り添う営業～,東京都 渋谷区,年収400万円～700万円,18日前,doda
株式会社ルーチェ,フィールドセールス 自社サービスや求人媒体など幅広く提案／採用成功 事業成長へと貢献できるやりがい,東京都 新宿区 新宿御苑前駅 徒歩7分,月給25万円～50万円,14日前,エン転職
XMile株式会社,フィールドセールス／物流業界特化の人材会社／残業20時間程度,東京都 新宿区,年収500万円～800万円,13日前,doda
アソビュー株式会社,法人営業／フィールドセールス,東京都 品川区 大崎駅 徒歩1分,"年収364万5,000円～594万円",12日前,アソビュー株式会社
GLナビゲーション株式会社,DXコンサルファームのフィールドセールス,東京都,年収500万円～999万円,2日前,en ミドルの転職
株式会社ドリーム・アーツ,エンタープライズ向けフィールドセールス～業務デジタル化に貢献～,東京都 渋谷区 恵比寿駅,年収450万円～990万円,16日前,doda
株式会社TAPP,投資用不動産フィールドセールス 不動産×webマーケで300%成長のベンチャー 服装自由,東京都 港区 品川駅,"年収600万円～1,500万円",17日前,doda
株式会社プラスアルファ・コンサルティング,フィールドセールス／タレントマネジメントシステム「タレントパレッット」,東京都 港区 汐留駅,年収420万円～700万円,17日前,doda
bravesoft株式会社,自社SaaSプロダクトの企画提案・コンサル・フィールドセールス,東京都 港区 田町駅 徒歩4分,"年収550万円～1,200万円",公開していません,Green
ユームテクノロジージャパン株式会社,フィールドセールス ～世界100万社以上で導入実績～,東京都 渋谷区,"年収650万円～1,200万円",16日前,doda
株式会社スカイディスク,フィールドセールス／成長企業中のベンチャー企業,東京都 千代田区,年収400万円～650万円,12日前,doda
株式会社Bloom,WEBソリューション フィールドセールス,東京都 渋谷区,月給24万円～,公開していません,株式会社Bloom
株式会社ヒューマネージ,フィールドセールス／シェアNo.1のHR Tech企業で「人材戦略」の課題解決／業界未経験歓迎,東京都 千代田区 永田町駅,年収370万円～500万円,公開していません,doda
株式会社Wiz,営業／企画営業 最適なエネルギー利用で企業の活性化やSDGs促進に貢献!フィールドセールス募集,東京都 文京区 新大塚駅 徒歩1分,月給25万円～50万円,公開していません,株式会社Wiz
株式会社電脳交通,フィールドセールス,東京都 渋谷区,年収500万円～700万円,13日前,doda
2030年までに100事業・売上1兆円を目指す注...,フィールドセールス／リーダー候補／東京／01so,東京都 渋谷区,月給40万円～45万円,18時間前,ふれつり転職相談
株式会社シーズ・リンク,フィールドセールス 新規営業,東京都 新宿区,"年収400万円～1,000万円",17時間前,Green
株式会社ZENKIGEN,フィールドセールス・インサイドセールス,東京都 千代田区 大手町駅 徒歩0分,年収400万円～700万円,2日前,Green
株式会社フレクト,自社IoTアプリケーション「Cariot」におけるフィールドセールス,東京都 港区,年収630万円～750万円,公開していません,株式会社フレクト
株式会社ライトアップ,フィールドセールス／中小企業経営コンサルティング 中小企業の経営課題を一緒に解決してくれる方を募集,東京都 渋谷区 渋谷駅 徒歩6分,"年収400万円～1,000万円",8日前,Green
スマカン株式会社,フィールドセールスの募集!SaaS×HRプロダクト,東京都 大田区 大森駅 徒歩4分,年収400万円～800万円,17時間前,Green
ユミルリンク株式会社,クラウドサービスの法人営業 フィールドセールス 管理職候補,東京都 新宿区 新宿駅 徒歩3分,年収500万円～650万円,5日前,Green
株式会社ギャプライズ,フィールドセールスリーダー候補 海外最先端ITソリューション:monday.com、Sisense,東京都 新宿区 新宿駅 徒歩7分,年収420万円～630万円,12日前,Green
株式会社TECODesign,フィールドセールス,東京都 新宿区 神楽坂駅 徒歩3分,月給25万円～35万円,公開していません,株式会社TECODesign
株式会社Matchbox Technologies,営業／企画営業 フィールドセールス／インサイドセールス,東京都 千代田区 御茶ノ水駅 徒歩11分,月給30万円～60万円,公開していません,株式会社Matchbox Technologies
株式会社Billage,フィールドセールス,東京都 品川区,"年収600万円～1,000万円",公開していません,株式会社Billage
株式会社ニーリー,フィールドセールス,東京都 中央区,年収400万円～600万円,17時間前,ワークポート
株式会社エス･エム･エス,カイポケ／フィールドセールス,東京都 港区 芝公園駅 徒歩2分,年収400万円～600万円,14時間前,CREATIVE JOB
株式会社PKSHA Communication,第二新卒歓迎! フィールドセールス 国内シェアNo.1FAQツール／月曜午前休,東京都 渋谷区,年収400万円～650万円,18時間前,リクルートエージェント
ソニービズネットワークス株式会社,東京:フィールドセールス 法人向けクラウドサービス,東京都 渋谷区,年収400万円～500万円,3時間前,リクルートエージェント
SALES ROBOTICS株式会社,フィールドセールス リモートOK／営業支援サービスで顧客の課題解決,東京都 中央区,年収400万円～500万円,19時間前,リクルートエージェント
株式会社LUXAS,不動産業界のフィールドセールス職,東京都 渋谷区,年収400万円～500万円,5日前,株式会社LUXAS
株式会社EgoDiva,フィールドセールス,東京都 新宿区 新宿御苑前駅 徒歩1分,年収400万円～700万円,6日前,U29JOB
シルバーエッグ・テクノロジー株式会社,フィールドセールス,東京都 港区 赤坂見附駅 徒歩3分,年収500万円～700万円,6日前,U29JOB
日本シャクリー株式会社,フィールドセールス,東京都 新宿区,年収600万円～800万円,11日前,ワークポート
ツクリンク株式会社,フィールドセールス フルリモート可能,東京都 港区,公開していません,5日前,マイナビAGENT
株式会社Mobility Technologies,フィールドセールス,東京都 港区,年収350万円～700万円,7日前,パソナキャリア
株式会社サイカ,フィールドセールス,東京都 千代田区 神保町駅 徒歩5分,年収600万円～900万円,8日前,CREATIVE JOB
株式会社ユーザベース SPEEDA事業,SPEEDA／NewsPicksを運営するユーザベース SPEEDA フィールドセールス,東京都 千代田区,年収450万円～660万円,13日前,LIBZ
J.P.Returns株式会社,投資用不動産のフィールドセールス 完全反響型／育成制度充実／WEB面接可,東京都 千代田区,"年収336万円～2,500万円",7日前,リクルートエージェント
Instagramマーケティングに強みを持つ新進...,フィールドセールス／Web制作会社,東京都 品川区,年収300万円～650万円,17日前,マスメディアン
メダップ株式会社,フィールドセールス 在宅勤務OK／フレックス制有／IPOフェーズ,東京都 千代田区,年収450万円～800万円,15日前,リクルートエージェント
株式会社DMM Boost,フィールドセールス ネットショップ向けWebサービスの営業職,東京都 港区,年収336万円～396万円,16日前,マイナビ転職エージェントサーチ
インヴェンティット株式会社,フィールドセールス 自社SaaSプロダクト,東京都 千代田区,年収350万円～500万円,20日前,パソナキャリア
ミイダス株式会社,フィールドセールス,東京都,"年収800万円～2,000万円",26日前,日経転職版
CBcloud株式会社,リモート&フレックスOK!フィールドセールス メディア注目度高!,東京都 千代田区 秋葉原駅,年収400万円～550万円,13日前,LIBZ
テテマーチ株式会社,SINIS BizDevチーム フィールドセールス,東京都 目黒区,年収450万円～600万円,18日前,マイナビAGENT
株式会社カケハシ,フィールドセールス 在宅勤務&フルフレックス 上場目前 副業可,東京都 中央区,年収700万円～900万円,19日前,リクルートエージェント
株式会社ドクターネット,b01. 遠隔読影フィールドセールス,東京都 港区,公開していません,24日前,マイナビAGENT
株式会社アイリッジ,フィールドセールス,東京都,"年収602万円～1,200万円",26日前,Spring転職エージェント
株式会社ユーザーローカル,フィールドセールス,東京都 品川区,年収448万円～798万円,公開していません,リクルートエージェント
株式会社じげん,フィールドセールス,東京都 港区,年収350万円～550万円,公開していません,パソナキャリア
株式会社TableCheck,在宅勤務可 フィールドセールス 急成長!飲食店向け予約・顧客管理システム,東京都 中央区,年収400万円～600万円,公開していません,リクルートエージェント
株式会社ビルドアークス,営業／企画営業 自動車業界で法人向けてフィールドセールス,東京都 目黒区 中目黒駅 徒歩4分,月給30万円～50万円,2日前,株式会社ビルドアークス
株式会社Rehab for JAPAN,フィールドセールス 社会貢献性 介護業界の課題解決に取り組むベンチャー,東京都 千代田区,年収410万円～608万円,公開していません,リクルートエージェント
株式会社センシンロボティクス,フィールドセールス:電力関係 ロボティクスソフトウェア開発でDX推進,東京都 渋谷区,年収500万円～720万円,公開していません,リクルートエージェント
株式会社アイスワン,フィールドセールス 営業経験1年~OK／成長意欲高い方へ,東京都 渋谷区,年収350万円～600万円,公開していません,リクルートエージェント
テックタッチ株式会社,フィールドセールス／リーダー 世の中のDXを加速化させる国内初のSaaS企業,東京都 千代田区,"年収960万円～1,320万円",公開していません,リクルートエージェント
株式会社ワン・オー・ワン,フィールドセールス 他業界出身歓迎／人事SaaS企業／スキルナビを展開,東京都 渋谷区,年収360万円～450万円,公開していません,リクルートエージェント
株式会社アソウ・アルファ,技術営業・セールスエンジニア／フィールド,東京都 新宿区,公開していません,24日前,マイナビAGENT
シェアフル株式会社,フィールドセールス 課題解決型,東京都 港区 外苑前駅 徒歩2分,年収400万円～750万円,1日前,Green
株式会社ROBOT PAYMENT,アカウントセールス フィールドセールス／SaaSの法人営業／340兆円の成長市場,東京都 渋谷区,年収500万円～800万円,公開していません,リクルートエージェント
FRAIM株式会社,フィールドセールス,東京都 港区 外苑前駅 徒歩2分,月給25万円～50万円,公開していません,U29JOB
株式会社アイデミー,フィールドセールス／SMB領域 急成長AIベンチャー／リモートワーク可,東京都 千代田区,年収380万円～530万円,公開していません,リクルートエージェント
株式会社エボラブルアジアエージェント,フィールドセールス,東京都 港区,"月給24万8,203円～",2日前,株式会社エボラブルアジアエージェント
AI inside株式会社,フィールドセールス,東京都 渋谷区 渋谷駅 徒歩1分,年収440万円～600万円,公開していません,U29JOB
株式会社バニッシュ・スタンダード,業界未経験歓迎!フィールドセールス,東京都 渋谷区 原宿駅 徒歩5分,年収550万円～800万円,1日前,Green
株式会社HRBrain,フィールドセールス,東京都 品川区,公開していません,公開していません,パソナキャリア
株式会社ビザスク,フィールドセールス／法人営業経験者歓迎／急成長マッチングプラットフォーム,東京都 世田谷区 池尻大橋駅,年収405万円～640万円,公開していません,Geekly
株式会社リソースクリエイション,Web広告のフィールドセールス 未経験可／年間休日125日／駅徒歩1分,東京都 文京区 後楽園駅 徒歩1分,月給24万円～,公開していません,PROSEEK
注目のFintechベンチャー,フィールドセールス,東京都,"年収408万円～1,000万円",公開していません,type 転職エージェント
アドバンサー株式会社,フィールドセールス 1000万プレイヤー多数／急成長中企業,東京都 渋谷区,月給22万円～70万円,16日前,アドバンサー株式会社
エンバーポイント株式会社,フィールドセールス／業界未経験歓迎／次世代MAツール,東京都 千代田区 日比谷駅,年収300万円～700万円,公開していません,Geekly
株式会社dinii,フィールドセールス,東京都 台東区 浅草橋駅,年収400万円～600万円,公開していません,Geekly
KIYOラーニング株式会社,フィールドセールス／営業マネージャ／マネージャ候補,東京都 千代田区,"年収600万円～1,000万円",公開していません,Education Career
株式会社ユニエイム,POSサービス事業部 フィールドセールス,東京都 港区 広尾駅,年収400万円～600万円,公開していません,Geekly
株式会社DFA Robotics,営業／企画営業 フィールドセールス 配膳ロボットの導入提案,東京都 港区 新橋駅 徒歩1分,月給25万円～35万円,28日前,株式会社DFA Robotics
株式会社ヤプリ,フィールドセールス,東京都 港区 六本木一丁目駅 徒歩3分,年収400万円～700万円,公開していません,U29JOB
株式会社SODA,フィールドセールス／月間400万人以上が利用するNo.1スニーカーフリマアプリ,東京都 渋谷区 渋谷駅,年収400万円～600万円,公開していません,Geekly
キラメックス株式会社,企業向けプログラミング研修サービスのフィールドセールス,東京都 渋谷区,年収300万円～840万円,公開していません,Education Career
株式会社CAMI&Co.,フィールドセールス,東京都 品川区 五反田駅 徒歩3分,"月給26万606円～71万6,667円",公開していません,ハローワーク品川
ジーアイクラウド株式会社,営業 フィールドセールス,東京都 港区 白金高輪駅,年収500万円～900万円,26日前,Green
株式会社STAGEON,フィールドセールスとしての即戦力求む,東京都 中央区,月給25万円～,公開していません,株式会社STAGEON
株式会社システム情報企画,営業／業務無線機や防犯システムを提案:フィールドセールス,東京都 新宿区 新宿駅 徒歩10分,"月給22万9,000円～35万円",公開していません,ハローワーク新宿
Tebiki株式会社,ソリューション営業 フィールドセールス,東京都 新宿区 新宿駅 徒歩6分,年収360万円～800万円,29日前,Green
イグニション・ポイント インサイト株式会社,SI事業:フィールドセールス,東京都 渋谷区 渋谷駅 徒歩5分,年収300万円～680万円,公開していません,マイナビAGENT
エー・アール・システム株式会社,フィールドセールス 01,東京都 台東区 上野駅 徒歩5分,年収360万円～600万円,公開していません,Green
セールスリンク株式会社,Google×店舗集客で働きたいフィールドセールス・法人営業を募集,東京都 千代田区 秋葉原駅,月給25万円～,公開していません,セールスリンク株式会社
株式会社ケイエスケイ,営業／企画営業 直行直帰!フィールドセールス,東京都 港区 新橋駅 徒歩5分,月給25万円～35万円,公開していません,株式会社ケイエスケイ
株式会社プレシジョンオフィス,医療Tech×SaaS事業／有望ベンチャー企業にも選ばれた企業のフィールドセールス,東京都 文京区 本郷三丁目駅 徒歩3分,"年収600万円～1,000万円",公開していません,株式会社プレシジョン
株式会社空色,フィールドセールス,東京都 品川区 大崎駅,月給33万円～60万円,公開していません,株式会社空色
株式会社ロフティ― 株式会社ロフティー,23新卒 地域限定職 フィールドセールス,東京都 千代田区,"月給21万6,700円～",公開していません,株式会社ロフティ―
株式会社グッドパワー,法人営業,東京都 新宿区                                                                                                                                                                その他 (20),年収400万円～525万円,16時間前,株式会社グッドパワー
株式会社ロフティー,2023 新卒採用 人材サービス／人材紹介・人材派遣,東京都,"月給17万4,200円～24万円",17日前,リクナビ2023
株式会社イシカワ,2023 新卒採用 商社／インテリア,東京都 渋谷区,"月給19万円～26万4,070円",公開していません,リクナビ2023
ローソンスタッフ株式会社,インターンシップ／新しい時代に揺るがないスキルを!世界で注目の営業モデルを学ぼう,東京都 千代田区 神保町駅 徒歩6分,"時給1,200円～",公開していません,ゼロワンインターン
パーソルプロセス&テクノロジー株式会社,セールスプロセスデザイン／若手活躍中,東京都 江東区 豊洲駅,年収430万円～500万円,公開していません,Geekly
株式会社M&A Properties,飲食店の出店支援・不動産仲介営業,東京都 新宿区 新宿駅 徒歩1分,月給20万円～25万円,22日前,リクナビNEXT
株式会社即決営業,家庭教師・オンライン指導の提案営業,東京都 新宿区 新宿西口駅 徒歩3分,月給46万円,4日前,U29JOB
株式会社リクルート,営業進化を加速させる新組織のコアメンバー インサイドセールス,東京都 中央区,"月給27万7,569円～29万1,839円",13日前,リクナビNEXT
J.P.RETURNS株式会社,100%反響営業×資産形成コンサルタント／金融リテラシーを高め市場価値UP・育成制度,東京都 千代田区 東京駅,"年収336万円～1,500万円",17日前,doda
株式会社サーキュレーション,営業企画,東京都 渋谷区 原宿駅 徒歩8分,年収500万円～800万円,25日前,U29JOB
ビズキューブ・コンサルティング株式会社,"インサイドセールス責任者 年俸700～1,300万円 WEB面接可能",東京都 新宿区,"年収700万円～1,300万円",2日前,リクルートエージェント
株式会社アライアンスクラウド,セールス／中目黒勤務 決済者アポ支援SaaS「アポレル」を2021年ローンチ!,東京都 目黒区,年収300万円～400万円,13日前,LIBZ
株式会社ディーバ,インサイドセールス,東京都 港区 品川駅 徒歩4分,年収400万円～650万円,公開していません,U29JOB
株式会社ホスピタリティ&グローイング・ジャパン,インサイドセールス 人財育成コンサル企業,東京都 新宿区,年収400万円～550万円,15日前,リクルートエージェント
株式会社レトリバ,インサイドセールス 顧客の不満や事業の課題を見える化できるAIツールのインサイドセールス,東京都 新宿区,年収350万円～600万円,2日前,マイナビ転職エージェントサーチ
ポスタス株式会社,インサイドセールス,東京都 中央区,年収390万円～450万円,1日前,en ミドルの転職
Wematch,内勤営業・カウンターセールス,東京都 港区 三田駅 徒歩4分,年収550万円～800万円,16時間前,Wematch
ライフイズテック株式会社,ソリューションセールス,東京都 港区 白金高輪駅 徒歩5分,年収400万円～700万円,2日前,U29JOB
アイティメディア株式会社,インサイドセールス,東京都 千代田区 麹町駅 徒歩6分,年収450万円～615万円,14日前,U29JOB
株式会社EVERRISE,ITセールス,東京都 港区 六本木駅 徒歩3分,年収500万円～700万円,17日前,U29JOB
株式会社ショーケース,インサイドセールス,東京都 港区 六本木一丁目駅,年収400万円～600万円,17日前,doda
株式会社NieV,インサイドセールス立ち上げ～Webマーケ知識が身に着く／試験業界の特化したビジネス展開～,東京都 渋谷区,年収480万円～520万円,18日前,doda
AZPower株式会社,営業アシスタント 在宅勤務可 WLB,東京都 千代田区,年収300万円～,6日前,リクルートエージェント
株式会社スマートショッピング,IoT営業 フルリモート勤務OK!／月給33万3334円以上,東京都 品川区 五反田駅 徒歩5分,"月給33万3,334円～",17日前,エン転職
株式会社WAKUWAKU,成長企業／すごいベンチャー100選出,東京都,年収420万円～960万円,公開していません,Spring転職エージェント
株式会社シンカ,法人営業,東京都 千代田区 神保町駅,年収363万円～543万円,7日前,doda
株式会社ロジック,東京／インサイドセールス 自社システムで介護業界のDX／エムスリーグループ,東京都 千代田区,年収348万円～500万円,10日前,リクルートエージェント
株式会社インデンコンサルティング,フルリモート勤務!WEBセミナーを案内する内勤営業のお仕事,東京都,月給24万円～,公開していません,かんたん応募
株式会社ベルシステム24,コールセンター／即日勤務OK!1ヵ月の短期!発信のお仕事,東京都 港区 田町駅 徒歩5分,"時給1,700円",18時間前,スタボ
株式会社ギブリー,セールス,東京都 渋谷区 神泉駅 徒歩5分,年収480万円～720万円,公開していません,U29JOB
株式会社Hacobu,SaaSセールス 業界未経験歓迎,東京都 港区,年収400万円～800万円,1日前,パソナキャリア
株式会社iCARE,インサイドセールス,東京都 渋谷区 恵比寿駅 徒歩5分,年収330万円～450万円,公開していません,U29JOB
株式会社ワークスアプリケーションズ,インサイドセールス,東京都 千代田区 半蔵門駅 徒歩4分,"年収700万円～1,200万円",公開していません,U29JOB
株式会社Bridge,新規営業 SEO対策を提案しクライアント企業の事業課題を解決／リモートワーク可,東京都 渋谷区,年収500万円～800万円,3日前,doda
クリエイティブサーベイ株式会社,セールス オープン,東京都 港区 虎ノ門ヒルズ駅,年収500万円～800万円,2日前,Green
株式会社リーディングマーク,セールス／適性検査サービス「ミキワメ」,東京都 港区 大門駅,年収360万円～550万円,公開していません,Geekly
株式会社ネクプロ,イベントサポート部FS 220629,東京都 中央区,年収500万円～,8日前,Green
株式会社Kiva,営業企画マネージャー,東京都 世田谷区,"年収600万円～1,000万円",2日前,ワークポート
株式会社HR Force,コンサルティングセールス／年休124日／残業少／週2在宅勤務,東京都 港区 浜松町駅 徒歩2分,月給26万700円～50万円,8時間前,doda
Matcher株式会社,セールスコンサルタント,東京都 港区,年収360万円～600万円,1日前,Green
パーソルキャリア株式会社,副業・フリーランスマッチングプラットフォームサービスの法人営業職,東京都 港区 乃木坂駅 徒歩6分,年収450万円～600万円,14時間前,CREATIVE JOB
アルプ株式会社,マーケティングセールス SaaSスタートアップ／在宅OK／累計19億資金調達,東京都 渋谷区,"年収500万円～1,000万円",5日前,リクルートエージェント
ザインエレクトロニクス株式会社,営業企画,東京都 千代田区,年収500万円～800万円,3日前,ワークポート
UPWARD株式会社,プリセールス,東京都 中央区 人形町駅 徒歩6分,年収400万円～600万円,14日前,U29JOB
サンワ株式会社,インサイドセールスの立ち上げ責任者,東京都 品川区,年収600万円～800万円,1日前,ジョブルックKansai
株式会社スリーシェイク,"SaaS,PaaSの提案営業／日本3番目のGoogleテックパートナー認定企業",東京都 新宿区,"年収700万円～1,100万円",公開していません,リクルートエージェント
MI‐6株式会社,インサイドセールス ～急成長中MIスタートアップ～,東京都 港区,年収500万円～800万円,12日前,doda
マンパワーグループ株式会社,営業・企画営業・ラウンダー,東京都 中央区 日本橋駅,"時給1,950円",9日前,マンパワーグループ 派遣・求人・転職のJOBNET
エレファンテック株式会社,営業職 第二新卒歓迎／業界初の技術／IPO目指し事業拡大,東京都 中央区,年収500万円～700万円,公開していません,マイナビAGENT
株式会社プラスワン・ジャパン,急成長スタートアップのインサイドセールス,東京都 港区 青山一丁目駅,月給40万円,28日前,かんたん応募
株式会社イスト,インサイドセールスポジション,東京都 港区,年収400万円～600万円,1日前,株式会社イスト イストワークス事業本部
株式会社アバント,インサイドセールス,東京都 港区,年収400万円～600万円,公開していません,パソナキャリア
株式会社グロービス,反響型のインサイドセールス／ノルマなし／エキスパート職,東京都 千代田区 麹町駅,年収500万円～800万円,13日前,doda
株式会社ジオコード,マーケティングディレクター／自社Webサイト,東京都 新宿区 新宿駅,年収350万円～500万円,公開していません,Geekly
アスニカ株式会社,インターンシップ／事業立ち上げ!経営陣から直接学び圧倒的成長ができる営業インターン,東京都 品川区 五反田駅 徒歩8分,"時給1,100円～",3日前,ゼロワンインターン
株式会社PIGNUS,webマーケティング・セールス,東京都 千代田区 麹町駅,年収360万円～600万円,18日前,doda
株式会社モンスター･ラボ,インサイドセールス,東京都 渋谷区 恵比寿駅 徒歩7分,年収400万円～600万円,2日前,CREATIVE JOB
パナソニック株式会社,インサイドセールスマネージャー,東京都 港区 御成門駅 徒歩3分,年収600万円～900万円,12日前,タイズ
株式会社アヴァンザ,ソリューション営業 顧客のニーズをITソリューションで解決,東京都 渋谷区,年収360万円～,公開していません,リクルートエージェント
株式会社H.M.マーケティングリサーチ,マクロミル・博報堂の合弁会社,東京都 中央区,公開していません,12日前,マイナビAGENT
株式会社Goofy,2022 新卒採用 コンサル,東京都 港区,月給26万円,公開していません,Cheer Career
株式会社パソナJOB HUB,インサイドセールス,東京都 千代田区,年収360万円～420万円,公開していません,パソナキャリア
BPM株式会社,SaaSセールス,東京都 千代田区 岩本町駅 徒歩3分,月給42万円～,2日前,U29JOB
株式会社WACUL,マーケティング部門責任者候補,東京都 千代田区,年収450万円～800万円,11日前,doda
株式会社Azoop,創業5期目のスタートアップ企業／自社Saasプロダクトで物流DXにチャレンジ,東京都 港区 浜松町駅,年収420万円～660万円,16日前,doda
株式会社アール・アンド・エー・シー,インサイドセールス,東京都 中央区 東日本橋駅 徒歩1分,"月給33万7,891円～",公開していません,U29JOB
株式会社インフォメーション・ディベロプメント,インサイドセールス,東京都 千代田区,年収400万円～600万円,公開していません,マイナビAGENT
株式会社Cheer,セールス,東京都 新宿区,年収324万円～600万円,16時間前,ワークポート
株式会社サイバーセキュリティクラウド,インサイドセールスメンバー,東京都 品川区 目黒駅,年収400万円～600万円,公開していません,U29JOB
株式会社パソナ,IT業界 営業／営業アシスタント,東京都 港区 三田駅 徒歩4分,"時給1,960円",3日前,パソナJOBサーチ
レナード株式会社,インサイドセールス,東京都 品川区 天王洲アイル駅,年収350万円～430万円,11日前,doda
株式会社シーイーシー,港区品川勤務／プライム市場上場／国内シェアNo.1を誇る自社製品,東京都 港区,年収400万円～700万円,1日前,マイナビAGENT
株式会社エイスリー,"""タレントストック“立ち上げ”コアメンバー",東京都 港区 外苑前駅,年収400万円～600万円,10日前,かんたん応募
楽天モバイル株式会社,インサイドセールス,東京都,年収500万円～600万円,公開していません,エン エージェント
パソナ東京キャリアセンター,営業／営業アシスタント,東京都 港区,"時給1,960円",28日前,イーアイデム
株式会社JobRainbow,セールス責任者 一緒にLGBTなどマイノリティ人材が活躍する社会を目指していただける方募集中,東京都 渋谷区,年収400万円～800万円,13日前,LIBZ
デジタルデータソリューション株式会社,2022 新卒採用 ソフトウェア・情報処理,東京都 港区,"月給27万8,000円～",公開していません,Cheer Career
システムメトリックス株式会社,20～30代活躍中!未経験歓迎! 法人営業 専門知識は一切不要,東京都 中央区 八丁堀駅 徒歩2分,"月給23万3,000円～",8時間前,マイナビ転職
株式会社Skillnote,インサイドセールス,東京都 中央区 京橋駅,年収500万円～700万円,14日前,doda
株式会社CARTA HOLDINGS,テレビCMサービスで顧客のマーケティング課題を解決,東京都 渋谷区 渋谷駅,年収402万円～540万円,3時間前,doda
株式会社NiCS,保険コンサルタント 月給28万円以上／独自の選べる働き方／営業費会社負担／押売り一切なし,東京都 新宿区 新大久保駅 徒歩3分,月給28万円～,17日前,エン転職
株式会社Piece to Peace,企業と優秀なフリーランスをつなぐ自社サイトの人材営業,東京都 千代田区 永田町駅 徒歩4分,年収350万円～550万円,6日前,マイナビ転職
株式会社スタッフサービス,在宅あり!インサイドセールス 2000円,東京都 新宿区 新宿駅 徒歩2分,"時給2,000円",8日前,オー人事.net
株式会社TBM,インサイドセールス ～サステナビリティ・SDGs～,東京都 千代田区 有楽町駅,年収600万円～850万円,13日前,doda
株式会社Widsley,世界初CTIシステムを活用したSaaSビジネスを展開／事業拡大フェーズに参画,東京都 渋谷区 渋谷駅,年収480万円～720万円,15日前,doda
jinjer株式会社,セールス,東京都 新宿区,年収600万円～800万円,公開していません,日経転職版
LIFE STYLE株式会社,インサイドセールスマネージャー,東京都 港区 表参道駅,年収350万円～500万円,1日前,Green
株式会社オウチーノ,基本フルリモート／完全週休2日,東京都 港区 御成門駅,年収600万円～800万円,12日前,doda
株式会社CultureStudioTokyo,企画営業・旅行おでかけアプリ「RETRIP」／新規事業立ち上げ,東京都 渋谷区,年収450万円～550万円,11日前,doda
株式会社ABC店舗,営業マネージャー,東京都 品川区,年収450万円～750万円,26日前,ワークポート
株式会社エムエム総研,両面型人材紹介営業,東京都 新宿区 東新宿駅 徒歩5分,年収360万円～550万円,2日前,U29JOB
クイック・ネットワーク株式会社,中古車の訪問・査定・出品サポート フルリモート・直行直帰OK,東京都 江戸川区,月給43万円,8日前,リクナビNEXT
株式会社グッドパッチ,アカウントマネージャー／UIデザインのリーディングカンパニー,東京都 渋谷区 渋谷駅,年収450万円～800万円,12日前,doda
株式会社リンクアンドコミュニケーション,コンサルティング営業,東京都 港区 赤坂見附駅 徒歩4分,年収400万円～800万円,1日前,Green
フェリカネットワークス株式会社,SONY×ドコモ×JR東日本の出資会社,東京都 品川区,年収460万円～825万円,55分前,マイナビ転職エージェントサーチ
株式会社ワークスアプリケーションズ・エンタープラ...,インサイドセールス,東京都 千代田区,"年収700万円～1,200万円",9日前,パソナキャリア
クラスメソッド株式会社,インサイドセールス／AWS総合支援サービス「クラスメソッドメンバーズ」等,東京都 千代田区 秋葉原駅,年収400万円～600万円,19日前,doda
株式会社グローアップ,法人営業 日本最大級の新卒スカウトサービス「キミスカ」／ダイレクトリクルーティング営業,東京都 新宿区 新宿駅,年収308万円～420万円,17日前,doda
東日本電信電話株式会社,リードジェネレーション／ナーチャリング運営業務,東京都 港区,年収500万円～900万円,7時間前,パソナキャリア
株式会社マーケットエンタープライズ,総合職／早退制度あり／社会人未経験から上場企業にジョイン,東京都 江東区,"月給22万1,000円～38万円",公開していません,doda
株式会社ウィルゲート,セールス TACT 急成長中の新規事業／経営者の挑戦機会を最大化／リモート可,東京都 港区,"年収600万円～1,000万円",13時間前,リクルートエージェント
アイデックス ラボラトリーズ株式会社,Inside Sales Representative,東京都 杉並区,年収460万円～640万円,20日前,リクルートエージェント
SCSKサービスウェア株式会社,インサイドセールス,東京都 千代田区 溜池山王駅 徒歩1分,"時給1,600円",1日前,Smart Work Choice
株式会社アビリティ・インタービジネス・ソリューシ...,翻訳サービスの営業 ソリューション営業 既存中心～年休120日／残業月20H程度～,東京都 千代田区,年収300万円～500万円,9日前,doda
日経メディアマーケティング株式会社,ソリューション営業～取引顧客数1万社超え～ 日本経済新聞社100%出資の安定基盤,東京都 千代田区 大手町駅,年収520万円～630万円,14日前,doda
パーソルテクノロジースタッフ株式会社,自社運営サイトのWebマーケティング,東京都 大田区 蓮沼駅 徒歩5分,"時給1,850円～",22日前,パーソル テクノロジースタッフ
株式会社RECEPTIONIST,柔軟な働き方が叶えられる当社でご経験を活かしませんか? シェア&口コミNo1!,東京都 渋谷区,年収300万円～500万円,13日前,LIBZ
シューペルブリアン株式会社,人材コーディネーター,東京都 新宿区 新宿御苑前駅 徒歩2分,年収350万円～560万円,公開していません,U29JOB
株式会社tacoms,"法人営業 在宅勤務可／5,500店舗以上が利用!注文を一元管理するSaaSの提案",東京都 文京区,年収400万円～800万円,公開していません,リクルートエージェント
株式会社グローバー,食×IT×メンテナンス×領域でSaasの法人営業 DXで飲食業界の課題を解決,東京都 千代田区 岩本町駅,年収450万円～550万円,16日前,doda
エムスリーデジタルコミュニケーションズ株式会社,マーケティング 事業も組織も急拡大で裁量,東京都 中央区 小伝馬町駅,年収400万円～800万円,18日前,doda
株式会社TYL,予約システムのセールス,東京都 港区 芝公園駅 徒歩5分,年収500万円～700万円,6日前,doda
パナソニックグループ,工務店向けクラウドsumgooインサイドセールスマネージャー,東京都 港区,公開していません,20日前,マイナビAGENT
アイデックスラボラトリーズ株式会社,インサイドセールス ～成長する動物医療分野トップクラスシェア～,東京都 世田谷区 代田橋駅,年収460万円～700万円,11日前,doda
ファウンダーズ株式会社,コンサルティングセールス,東京都 渋谷区 北参道駅 徒歩1分,年収360万円～,5日前,Green
株式会社アカリク,営業企画 インサイドセールスチームで戦略立案・企画から携われる／大学院生や研究者の就職支援に特化,東京都 港区 表参道駅,年収370万円～500万円,16日前,doda
株式会社メディシステムソリューション,インサイドセールス&マーケティング ゼロイチに関われる新規事業ポジション,東京都 品川区,年収350万円～550万円,26日前,リクルートエージェント
株式会社あしたのチーム,インサイドセールス フルリモート・フレックスタイム,東京都 中央区,年収420万円～550万円,公開していません,リクルートエージェント
TOWN株式会社,法人営業リーダー 1700社導入のスケジュール管理SaaS「Aipo」,東京都 中央区,年収500万円～700万円,6日前,リクルートエージェント
株式会社MICIN,ヘルステック事業部・事業企画・推進,東京都,"年収600万円～1,100万円",9日前,日経転職版
株式会社ラック,ソリューション／マーケティング推進,東京都 千代田区,年収500万円～800万円,公開していません,リクルートエージェント
株式会社GA technologies,賃貸営業,東京都 港区,月給23万円～,6時間前,マイナビ転職エージェントサーチ
株式会社うるる,インサイドセールス／fondesk,東京都 中央区 勝どき駅,年収410万円～540万円,公開していません,Geekly
アデコ株式会社,企画営業,東京都 渋谷区 渋谷駅 徒歩5分                                                                                                                                                                その他 (2),"時給1,700円～",12日前,バイトルPRO
株式会社マツリカ,インサイドセールス／SDR,東京都 千代田区 小川町駅 徒歩3分,年収400万円～800万円,19時間前,Green
クラウドエース株式会社,プリセールス,東京都 千代田区 大手町駅 徒歩2分,"年収600万円～1,200万円",17日前,U29JOB
株式会社LMK,上場を目指すスタートアップIT企業のセールス,東京都 渋谷区,年収360万円～600万円,公開していません,株式会社LMK
株式会社JSOL,MDMおよび業務効率化のソリューション営業,東京都 中央区 勝どき駅 徒歩8分,年収500万円～700万円,14日前,U29JOB
アクロニス・ジャパン株式会社,Cloud Inside Sales Representative,東京都,"年収800万円～1,100万円",公開していません,日経転職版
株式会社グッドフェローズ,インサイドセールス,東京都 品川区 五反田駅 徒歩8分,年収300万円～600万円,公開していません,U29JOB
株式会社PKSHA Workplace,カスタマーサクセス／営業出身者可 AI×SaaS／事業の拡大フェーズ,東京都 文京区,年収600万円～,2日前,リクルートエージェント
GMO ReTech株式会社,アカウントプランナー,東京都 渋谷区 渋谷駅 徒歩5分,月給20万円～,16時間前,U29JOB
株式会社船井総合研究所,インサイドセールス・ダイナミックプライシングツール,東京都 千代田区 東京駅 徒歩1分,年収450万円～700万円,17日前,U29JOB
株式会社POL,セールス:新規顧客への採用ソリューション提案営業,東京都 千代田区 大手町駅 徒歩1分,年収400万円～600万円,1日前,CREATIVE JOB
株式会社トライハッチ,立ち上げメンバー募集!裁量持って取り組めるインサイドセールス,東京都 新宿区 新宿御苑前駅 徒歩1分,月給27万円～50万円,26日前,リクナビNEXT
株式会社クラス,法人 オフィス カスタマーサクセス,東京都 世田谷区 池尻大橋駅 徒歩14分,年収400万円～800万円,2日前,U29JOB
Sansan株式会社,業界No.1シェアのSaaS「Sansan」／東証プライム上場／TVCM放送中,東京都 港区 表参道駅,"年収532万円～1,064万円",18日前,doda
株式会社エムピーバイオジャパン,未経験歓迎 インサイドセールス／基本残業無し リモート可能／サポート充実,東京都 中央区,年収450万円～600万円,24日前,リクルートエージェント
株式会社アプリシエイト,インサイドセールスリーダー／マネジメントにもチャレンジ,東京都 新宿区 西武新宿駅,年収300万円～384万円,1日前,doda
ネットギアジャパン合同会社,セールス,東京都 中央区 京橋駅 徒歩1分,年収450万円～600万円,20日前,Daijob.com
ニューディール株式会社,インサイドセールス,東京都 新宿区 新宿駅 徒歩5分,月給30万円～,公開していません,U29JOB
株式会社リクルートマネジメントソリューションズ,UI,東京都 品川区 大崎駅 徒歩1分,年収600万円～800万円,公開していません,U29JOB
株式会社MAZIN,インサイドセールス／Industrial IoTサービス,東京都 千代田区 東京駅,"年収400万円～1,000万円",7日前,Green
株式会社プルークス,インサイドセールス 急成長中の動画広告市場!イチから動画マーケティングを学べます,東京都,年収350万円～600万円,公開していません,キャリフレ
株式会社CHINTAI,不動産広告営業,東京都 港区 赤坂見附駅 徒歩5分,年収350万円～510万円,26日前,U29JOB
株式会社エンファクトリー,プロを活用した事業推進支援サービスの提案営業,東京都 渋谷区 恵比寿駅,公開していません,2日前,マイナビ転職エージェントサーチ
株式会社Another Works,新規営業／複業クラウド／SaaSサービス,東京都 渋谷区 恵比寿駅,年収300万円～700万円,公開していません,Geekly
株式会社はぴロジ,流通・物流DX セールスチーム,東京都 港区,年収420万円～600万円,13時間前,リクルートエージェント
Guidable株式会社,法人セールス,東京都 新宿区 西新宿駅 徒歩6分,年収350万円～500万円,17時間前,Green
Modis株式会社,技術教育サービス企画,東京都 品川区 天王洲アイル駅 徒歩4分,年収400万円～600万円,6日前,U29JOB
株式会社CINC,新規事業セールス YouTube事業立ち上げ・拡大に伴うセールス担当,東京都 港区,年収400万円～550万円,公開していません,リクルートエージェント
株式会社アイデンティティー,子育て中のママ大歓迎! キャリアアドバイザー 人材獲得担当,東京都 新宿区,年収500万円～800万円,17時間前,Green
株式会社Asobica,インサイドセールス,東京都 品川区 五反田駅 徒歩3分,年収400万円～600万円,17時間前,Green
株式会社スペースリー,SaaS×VR／ABM営業 フルリモート!不動産・住宅業界ABM営業のプロフェッショナルへ,東京都,年収600万円～900万円,1日前,en ミドルの転職
株式会社エフェクチュアル,Web広告営業,東京都 港区 外苑前駅 徒歩5分,年収400万円～600万円,4日前,U29JOB
株式会社エイト,IT・WEB人材マッチング専門の人材コーディネーター／年間休日123日／副業可,東京都 渋谷区,公開していません,9日前,マイナビAGENT
ファストドクター株式会社,営業リーダー候補／医療系の事業所への営業,東京都 港区 三田駅,年収360万円～560万円,公開していません,Geekly
テクバン株式会社,インサイドセールス,東京都 港区,年収400万円～600万円,20日前,パソナキャリア
エッジテクノロジー株式会社,IT業界未経験歓迎 インサイドセールス／SDR AI特化の事業／リモートワーク,東京都 千代田区,年収350万円～450万円,21日前,リクルートエージェント
