株式会社タイミー,フィールドセールス・カスタマーサクセス,東京都,年収360万円～700万円,22日前,U29JOB
株式会社テンダ,プリセールス・セールスエンジニア 自社パッケージ提案営業／インサイド・フィールド選択可,東京都 豊島区 池袋駅,公開していません,1日前,レバテックキャリア
株式会社ファミトラ,フィールドセールス,東京都 港区 六本木駅,年収480万円～960万円,11日前,doda
株式会社ダイレクトクラウド,自社開発クラウドサービスを展開／法人営業・フィールドセールス,東京都 港区 大門駅 徒歩5分,"月給33万円～58万4,000円",21日前,リクナビNEXT
株式会社hacomono,インサイドセールス フィットネス×ITで業界をリード／自社開発SaaS,東京都 豊島区,年収400万円～800万円,14日前,doda
株式会社ブレイン・ラボ,フィールドセールス／業界No.1の導入実績の人材紹介管理システム／リモート勤務可,東京都 港区 田町駅,年収350万円～600万円,15日前,doda
SATORI株式会社,フィールドセールス,東京都 渋谷区 渋谷駅 徒歩7分,年収440万円～800万円,10日前,マイナビAGENT
株式会社EVERRISE,ITセールス,東京都 港区 六本木駅 徒歩3分,年収500万円～700万円,17日前,U29JOB
株式会社YOUTRUST,フィールドセールス,東京都 渋谷区 神泉駅 徒歩5分,年収350万円～650万円,1日前,Green
株式会社アイデンティティー,東京 営業 フィールドセールス部,東京都 新宿区,年収350万円～500万円,2日前,Green
株式会社リセ,フィールドセールス 法務業務を支援するSaaS 土日祝休 リモート可 残業20h未満,東京都 中央区,年収300万円～500万円,11日前,doda
Tangerine株式会社,フィールドセールス・カスタマーサクセス,東京都 港区 白金高輪駅 徒歩8分,年収350万円～550万円,3日前,doda
株式会社スマートドライブ,THE MODEL型組織でモビリティSaaSのフィールドセールス募集,東京都 千代田区,"年収600万円～1,299万円",1日前,en ミドルの転職
株式会社ギャプライズ,海外最先端ITソリューション／画像認識AIテクノロジーの新規立ち上げ,東京都 新宿区 新宿駅,年収420万円～700万円,19日前,doda
株式会社カオナビ,フィールドセールス／第二新卒歓迎 6年連続シェアNo.1を獲得「カオナビ」で提案力を培える,東京都 港区,年収350万円～400万円,13日前,LIBZ
株式会社ジーニー,SFA・CRM／フィールドセールス,東京都 新宿区,"年収600万円～1,200万円",公開していません,株式会社ジーニー
株式会社メタリアル,フィールドセールスマネージャー候補,東京都 千代田区 九段下駅 徒歩3分,年収300万円～700万円,1日前,Green
アガサ株式会社,フィールドセールス 自社開発の製薬・医療向けクラウド型システム,東京都 中央区 茅場町駅,年収400万円～600万円,12日前,doda
sweeep株式会社,フィールドセールス,東京都 渋谷区 渋谷駅 徒歩5分,年収400万円～600万円,6日前,Green
WealthPark株式会社,フィールドセールス,東京都 渋谷区 恵比寿駅 徒歩3分,年収450万円～650万円,公開していません,U29JOB
株式会社ショーケース,フィールドセールス,東京都 港区 六本木一丁目駅,年収400万円～600万円,17日前,doda
株式会社LITALICO,福祉施設向けのフィールドセールス 児童福祉・障がい福祉分野の課題解決 充実の研修,東京都 目黒区 中目黒駅 徒歩1分,"月給24万8,000円～",7日前,エン転職
株式会社アンドパッド,建設業界をITで変革 利用社数33万社を誇る優良SaaS企業,東京都 千代田区 秋葉原駅,年収450万円～660万円,11日前,doda
イタンジ株式会社,SaaSセールス／未経験歓迎／インサイドセールス〜フィールドセールス担当,東京都 港区 六本木一丁目駅,年収360万円～700万円,公開していません,Geekly
株式会社ecbeing,Eビジネスフィールドセールス,東京都 渋谷区 渋谷駅 徒歩6分,年収400万円～700万円,公開していません,U29JOB
株式会社サイエンスアーツ,営業／介護フィールドセールス,東京都 新宿区 神楽坂駅 徒歩6分,年収400万円～800万円,1日前,Green
株式会社LegalForce,フィールドセールス ～AI×法務「国内初リーガルテック」SaaS企業～,東京都 江東区,年収650万円～900万円,17日前,doda
株式会社アサーティブ,「HRTech×SaaS」フィールドセールス募集!／残業月平均15時間／リモートOK,東京都 港区 虎ノ門ヒルズ駅 徒歩2分,公開していません,公開していません,株式会社アサーティブ
HENNGE株式会社,フィールドセールス／マネージャー クラウド型メール配信サービス,東京都 渋谷区,年収460万円～750万円,13日前,リクルートエージェント
株式会社インターパーク,インサイドセールス&フィールドセールス 東京オフィス,東京都 渋谷区 渋谷駅 徒歩1分,年収310万円～610万円,19時間前,Green
paiza株式会社,フィールドセールス,東京都 港区 外苑前駅,年収400万円～700万円,17日前,doda
株式会社パソナ,IT業界 営業／営業アシスタント,東京都 港区 三田駅 徒歩4分                                                                                                                                                                その他 (2),"時給1,960円",3日前,パソナJOBサーチ
ウェルネス・コミュニケーションズ株式会社,健康管理サービスのフィールドセールス～SOMPOホールディングス等が出資／急成長のヘルスケア領域～,東京都 港区 六本木一丁目駅,年収450万円～600万円,17日前,doda
株式会社インフォマート,フィールドセールス,東京都 港区 浜松町駅 徒歩2分,年収550万円～600万円,26日前,U29JOB
Chatwork株式会社,フィールドセールス 33万社以上に導入されたSaaS「Chatwork」／月1回出社,東京都 港区 御成門駅,年収400万円～600万円,12日前,doda
アデコ株式会社,ヘルスケア×ITベンチャーでの営業,東京都 港区 日の出駅 徒歩7分                                                                                                                                                                その他 (30),"時給1,800円～",公開していません,Adecco 派遣
株式会社ライトワークス,インサイドセールス／フィールドセールス 中堅向け,東京都 新宿区 四ツ谷駅 徒歩5分,年収450万円～700万円,17時間前,Green
アライドアーキテクツ株式会社,フィールドセールス,東京都 渋谷区,年収400万円～700万円,公開していません,パソナキャリア
株式会社求人ジャーナル ジャーナルコネクト,フィールドセールス,東京都 中央区,年収400万円～650万円,9日前,株式会社求人ジャーナル ジャーナルコネクト
株式会社オンリーストーリー,フィールドセールス,東京都 渋谷区 恵比寿駅 徒歩3分,月給29万円～60万円,13日前,type
株式会社HERP,フィールドセールス担当,東京都 品川区,年収350万円～700万円,公開していません,SB Human Capital 転職エージェント
株式会社Brushup,フィールドセールス／制作物フィードバッククラウドサービス「Brushup」,東京都 品川区,年収400万円～800万円,4日前,doda
株式会社クラウドワークス,フィールドセールス／働き方改革を促進するSaaS「クラウドログ」営業／少数チームでサービス拡大を推進,東京都 渋谷区 恵比寿駅,年収400万円～800万円,17日前,doda
株式会社グローバー,食×IT×メンテナンス×領域でSaasの法人営業 DXで飲食業界の課題を解決,東京都 千代田区 岩本町駅,年収450万円～550万円,16日前,doda
株式会社RevComm,フィールドセールス 急成長SaaS「MiiTel」,東京都 渋谷区 渋谷駅,年収600万円～900万円,16日前,doda
株式会社チュートリアル,フィールドセールス メンバー,東京都 中央区 水天宮前駅 徒歩2分,年収420万円～720万円,1日前,Green
HRクラウド株式会社,フィールドセールス 自社開発の人材系クラウド オンライン商談,東京都 千代田区 神保町駅 徒歩1分,月給25万円～,7日前,ベストマッチ
ユニファ株式会社,フィールドセールス,東京都 千代田区 飯田橋駅,年収350万円～550万円,19日前,doda
株式会社DATAFLUCT,フィールドセールス 「JAXAベンチャー」認定／データサイエンス事業,東京都 千代田区 半蔵門駅,年収400万円～500万円,18日前,doda
株式会社CastingONE,フィールドセールス 第二創業期・シリーズA突入のHR系SaaSベンチャー企業,東京都 渋谷区,年収360万円～600万円,13日前,doda
スプリームシステム株式会社,フィールドセールス／自社マーケティングツール,東京都 豊島区 池袋駅,年収600万円～900万円,18日前,doda
株式会社ヒューマンサイエンス,BtoB WEBマーケティング フルリモート／IT分野SaaS／月平均残業20h,東京都 新宿区,年収500万円～650万円,7日前,リクルートエージェント
booost technologies株式会社,フィールドセールス 脱炭素社会実現に向けた自社クラウドサービスの拡販がメインミッション,東京都 千代田区,"年収400万円～1,000万円",18日前,doda
株式会社READY TO FASHION,代表直下／フィールドセールス／業界特化のsaas型求人プラットフォーム,東京都 渋谷区,公開していません,9日前,READY TO FASHION
株式会社マネーフォワード,フィールドセールス 「日本No.1お金のサービスを創り上げる」,東京都,"年収400万円～1,000万円",公開していません,Spring転職エージェント
ローソンスタッフ株式会社,インターンシップ／ITベンチャーで新部署立ち上げ!思考力・行動力を磨く営業インターン,東京都 千代田区 神保町駅 徒歩6分,"時給1,200円～",公開していません,ゼロワンインターン
Crevo株式会社,営業／フィールドセールス,東京都 目黒区,年収450万円～700万円,27日前,マイナビAGENT
株式会社オープンエイト,「Video BRAIN」のフィールドセールス アジアTOP100!,東京都 渋谷区,年収500万円～600万円,13日前,LIBZ
CBcloud株式会社,大手顧客向けのセールス／急成長中の物流×ITスタートアップ,東京都 千代田区 秋葉原駅,年収400万円～550万円,12日前,doda
株式会社オープンロジ,フィールドセールス,東京都 豊島区 池袋駅 徒歩7分,年収400万円～700万円,13日前,Green
株式会社ROXX,02 back check フィールドセールス,東京都 新宿区 東新宿駅,年収480万円～780万円,8日前,Green
Ubie株式会社,フィールドセールス&サクセス ～医療×AI「AI問診Ubie 」～,東京都 中央区,"年収600万円～1,000万円",17日前,doda
株式会社3ミニッツ,フィールドセールス,東京都 新宿区 西新宿駅 徒歩9分,"年収700万円～1,000万円",公開していません,U29JOB
株式会社KiteRa,事業会社向け新規サービス／フィールドセールス,東京都 港区 青山一丁目駅 徒歩6分,年収500万円～,17時間前,Green
スマートキャンプ株式会社,フィールドセールスメンバー,東京都 港区 田町駅 徒歩8分,年収300万円～450万円,公開していません,スマートキャンプ株式会社
株式会社インゲージ,フィールドセールス,東京都 新宿区,年収400万円～600万円,16日前,doda
株式会社ガーディアン,未経験からIT業界へ 営業 WEBコンサル,東京都 中央区 宝町駅 徒歩1分,月給25万円～60万円,3日前,はたらいく
株式会社SUPER STUDIO,法人向けECプラットフォーム「ecforce」のフィールドセールス／導入企業数500ショップ超～,東京都 品川区 目黒駅,年収650万円～850万円,15日前,doda
株式会社スリーシェイク,SaaS×ITインフラ企業の人材紹介サービス,東京都 新宿区,年収500万円～700万円,公開していません,リクルートエージェント
株式会社LIFULL senior,フィールドセールス,東京都 千代田区 半蔵門駅 徒歩2分,年収460万円～520万円,12日前,株式会社LIFULL senior
コネクシオ株式会社,フィールドセールスエンジニア,東京都 港区 神谷町駅,年収480万円～700万円,17日前,doda
株式会社アッテル,フィールドセールス,東京都 渋谷区,年収600万円～840万円,16日前,doda
株式会社EN,MAツールのフィールドセールス,東京都 渋谷区 渋谷駅,年収400万円～800万円,8日前,株式会社EN
エン・ジャパン株式会社,新規事業SaaSのフィールドセールス 1年で導入300社を突破!／リモートワーク可,東京都 新宿区 西新宿駅,"月給27万5,000円～",21日前,エン転職
株式会社メドレー,フィールドセールス／歯科医院向けクラウド型の業務支援システム「Dentis」,東京都 港区 六本木一丁目駅,年収450万円～700万円,12日前,doda
株式会社ジーネクスト,ITソリューション営業経験歓迎 パートナーセールス 平均残業20H以下,東京都 千代田区,年収400万円～800万円,15日前,リクルートエージェント
CREW株式会社,フィールドセールス,東京都 豊島区 池袋駅 徒歩5分,公開していません,3日前,ふれツリ求人なび
株式会社ジェイック,フィールドセールス HRTech×AI就活支援サイト「FutureFinder」,東京都 千代田区 神保町駅,年収375万円～500万円,14日前,doda
パーソルプロセス&テクノロジー株式会社,39-1  IT×営業×プロセスデザインで顧客ビジネス拡大に貢献,東京都 江東区,年収430万円～500万円,2日前,マイナビAGENT
株式会社COMPASS,フィールドセールス,東京都 文京区 後楽園駅,年収500万円～900万円,16日前,doda
スパイダープラス株式会社,マネジャー候補 SaaSフィールドセールス 上場企業／建設Tech×SaaS,東京都,年収500万円～900万円,公開していません,Spring転職エージェント
株式会社visumo,フィールドセールス,東京都 渋谷区,公開していません,公開していません,マイナビAGENT
株式会社カケハシ,インサイドセールス担当／ITの力で医療的課題を解決するベンチャー,東京都 中央区 東銀座駅,年収470万円～650万円,11日前,doda
リアステージ,SaaS商材のフィールドセールス,東京都 渋谷区 渋谷駅,年収400万円～800万円,27日前,リアステージ
株式会社リアステージ,ITコンサルティングセールス／第二新卒・未経験活躍中,東京都 新宿区 新宿駅,"月給26万円～43万8,000円",27日前,株式会社リアステージ
株式会社ナレッジラボ,フィールドセールス,東京都 港区,年収400万円～700万円,13日前,リクルートエージェント
株式会社エムエム総研,キャリアアドバイザー 応募数増加中のIT／SaaS系企業に特化,東京都 新宿区 東新宿駅 徒歩3分,年収350万円～550万円,21日前,Green
キャディ株式会社,フィールドセールス,東京都 台東区 浅草橋駅,年収400万円～750万円,17日前,doda
弁護士ドットコム株式会社,フィールドセールス ～急成長中のSaaS事業「電子契約サービス」の導入提案」～,東京都 港区 六本木一丁目駅,年収450万円～761万円,13日前,doda
株式会社オプロ,フィールドセールス 業界トップクラスのシェア／リモートワーク推進,東京都 中央区 宝町駅,年収400万円～600万円,1時間前,doda
株式会社ラクス,楽楽販売 フィールドセールス／成長段階の組織に携わることが可能,東京都 渋谷区,年収431万円～585万円,13日前,リクルートエージェント
株式会社DONUTS,ジョブカンApps フィールドセールス 外勤営業,東京都 新宿区 新宿駅 徒歩3分,年収350万円～550万円,3日前,Green
w2ソリューション株式会社,フィールドセールス EC開発向けソリューション／売上成長率120%以上,東京都 中央区,年収400万円～650万円,8日前,リクルートエージェント
株式会社バベル,フィールドセールスマネージャー 0 1フェーズ／IPO準備中／14.6億円資金調達,東京都 渋谷区,年収400万円～600万円,公開していません,リクルートエージェント
株式会社プリバテック,自社製品・サービスのフィールドセールスエンジニア,東京都 品川区 新馬場駅,年収300万円～700万円,14日前,doda
株式会社ウェルモ,フィールドセールス,東京都 千代田区 内幸町駅 徒歩4分,年収360万円～480万円,公開していません,U29JOB
株式会社アテナ,フィールドセールス,東京都 江戸川区 葛西臨海公園駅,年収400万円～600万円,16日前,doda
株式会社mov,営業／フィールドセールス SaaSプロダクト／口コミマーケティングツール,東京都 渋谷区,年収450万円～700万円,26日前,リクルートエージェント
ギークス株式会社,クライアントセールス／最適なIT人材を提案,東京都 渋谷区 渋谷駅,年収400万円～600万円,11日前,doda
株式会社with,マーケティング領域でのフィールドセールス,東京都 千代田区 御茶ノ水駅 徒歩6分,年収450万円～650万円,公開していません,株式会社with
レバレジーズ株式会社,インサイドセールス担当／IT領域,東京都,公開していません,3日前,レバレジーズ株式会社
株式会社エクサウィザーズ,フィールドセールス フルリモート可／AIスタートアップ,東京都 港区,"年収480万円～1,200万円",公開していません,リクルートエージェント
株式会社スマレジ,クラウド勤怠システムのフィールドセールス 立ち上げから参画 フレックス勤務や副業OKなど自由な社風,東京都 渋谷区 恵比寿駅 徒歩7分,"月給28万5,000円～40万円",2時間前,エン転職
モノグサ株式会社,営業企画 フィールドセールスの戦略設計・組織作り／急成長記憶定着SaaS企業,東京都 千代田区,"年収500万円～1,150万円",公開していません,リクルートエージェント
バヅクリ株式会社,フィールドセールス サントリー、野村証券など大手で導入／チームビルディングSaaS,東京都 港区,年収450万円～600万円,12日前,doda
w2ソリューション,フィールドセールス,東京都,公開していません,公開していません,type 転職エージェント
エッジテクノロジー株式会社,IT業界未経験歓迎 インサイドセールス／SDR AI特化の事業／リモートワーク,東京都 千代田区,年収350万円～450万円,21日前,リクルートエージェント
ITRA株式会社,IT×教育／研修管理システムSaaSの営業～導入サポート／新規営業なし,東京都 渋谷区 渋谷駅,年収300万円～600万円,16日前,doda
株式会社ラフール,フィールドセールス,東京都 中央区 茅場町駅,年収450万円～600万円,3日前,doda
株式会社アクセルラボ,フィールドセールス,東京都 渋谷区 南新宿駅 徒歩5分,年収392万円～,7日前,Green
株式会社データビークル,フィールドセールス 大手企業などのデータ分析・活用を支援／統計学×SaaS,東京都 港区,年収540万円～800万円,14日前,doda
株式会社PLAN-B,フィールドセールス,東京都 品川区 五反田駅 徒歩6分,月給30万円,公開していません,U29JOB
株式会社アヴァンザ,ソリューション営業 顧客のニーズをITソリューションで解決,東京都 渋谷区,年収360万円～,公開していません,リクルートエージェント
株式会社ネクストビート,「保育士バンク!」一気通貫型 アドバイザー ITで社会課題の解決を目指す成長ベンチャー,東京都,年収510万円～840万円,公開していません,キャリフレ
株式会社助太刀,フィールドセールス／IT業界未経験歓迎／建設×SaaSのリーディングカンパニー,東京都 渋谷区 渋谷駅,年収400万円～700万円,公開していません,Geekly
株式会社アプトポッド,あらゆる製造業分野に自社IoT製品でDXをもたらしたいフィールドセールス募集,東京都 新宿区,年収550万円～900万円,1日前,en ミドルの転職
ウィズデスク株式会社,フィールドセールス・創業メンバー募集,東京都 品川区 大崎駅 徒歩5分,年収420万円～600万円,15日前,Green
株式会社CLUE,フィールドセールスリーダー～ドローン×SaaSのリアルテック企業～,東京都 港区 品川駅,年収500万円～600万円,19日前,doda
株式会社アースリンク,リモート可 フィールドセールス 残業平均20h以下／転勤なし／土日祝休み,東京都 多摩市 小田急永山駅,年収350万円～500万円,13日前,doda
アソビュー株式会社,法人営業／フィールドセールス,東京都 品川区 大崎駅 徒歩1分,"年収364万5,000円～594万円",12日前,アソビュー株式会社
株式会社マクアケ,関東フィールドセールス,東京都 渋谷区 渋谷駅 徒歩3分,公開していません,12日前,株式会社マクアケ
さくらインターネット株式会社,フィールドセールス,東京都 新宿区,"年収800万円～1,100万円",13日前,パソナキャリア
株式会社フレクト,自社IoTアプリケーション「Cariot」におけるフィールドセールス,東京都 港区,年収630万円～750万円,公開していません,株式会社フレクト
ファインディ株式会社,フィールドセールス~転職サービス「Findy」等運営企業,東京都 品川区,年収400万円～700万円,15日前,doda
スマカン株式会社,フィールドセールスの募集!SaaS×HRプロダクト,東京都 大田区 大森駅 徒歩4分,年収400万円～800万円,17時間前,Green
株式会社SmartHR,フレックス・リモート／フィールドセールス@福岡 少数精鋭・裁量権大!,東京都 港区,年収400万円～700万円,13日前,LIBZ
株式会社スカイディスク,フィールドセールス／成長企業中のベンチャー企業,東京都 千代田区,年収400万円～650万円,12日前,doda
ブリッジインターナショナル株式会社,内勤営業・カウンターセールス IT知識が身に付くワンランクアップの内勤営業 土日祝休み 在宅勤務可,東京都 世田谷区 三軒茶屋駅 徒歩3分,月給22万円～25万円,公開していません,ブリッジインターナショナル株式会社
株式会社MICIN,事業企画・推進／ビジネスリード ～医療×ITのスタートアップ企業～,東京都 千代田区,"年収600万円～1,100万円",17日前,doda
メディアリンク株式会社,フィールドセールス ～ベストベンチャー100選出企業／大手顧客利用多数／在宅勤務OK～,東京都 港区,年収350万円～500万円,11日前,doda
Acroforce株式会社,ベンチャー企業特化型新卒採用サービスのフィールドセールス／昨対比300%急成長ベンチャー,東京都 渋谷区,年収360万円～480万円,14日前,doda
GLナビゲーション株式会社,DXコンサルファームのフィールドセールス,東京都,年収500万円～999万円,2日前,en ミドルの転職
株式会社ドリーム・アーツ,エンタープライズ向けフィールドセールス～業務デジタル化に貢献～,東京都 渋谷区 恵比寿駅,年収450万円～990万円,16日前,doda
株式会社スタディスト,フィールドセールス～「知的活力みなぎる社会をつくる」をミッションに～,東京都 千代田区,年収450万円～700万円,19日前,doda
株式会社ライフェックス,フィールドセールス ～成長著しいECビジネス・フレックス制・リモート可～,東京都 千代田区 水道橋駅,年収400万円～600万円,10日前,doda
株式会社リーディングマーク,セールス インサイドorフィールドセールス,東京都 港区 三田駅 徒歩4分,年収360万円～500万円,1日前,Green
株式会社YZ,フィールドセールス ベンチャーメーカーを目指しIPO準備中,東京都 千代田区 小川町駅,年収450万円～700万円,13日前,doda
株式会社デンシトロン 大田区大森,インサイドセールス IT系／放送業界の営業経験者歓迎,東京都 大田区 大森駅,年収450万円～550万円,公開していません,株式会社デンシトロン
グリー株式会社,フィールドセールス／新規を中心としたクライアントへの企画提案,東京都 港区 六本木駅,"年収700万円～1,000万円",11日前,doda
株式会社ベーシック,フィールドセールス,東京都 千代田区,年収624万円～930万円,公開していません,株式会社 Billage
リードプラス株式会社,フィールドセールス／IPO準備中・急成長ベンチャー,東京都 世田谷区 三軒茶屋駅,年収450万円～600万円,18日前,doda
テックタッチ株式会社,アカウントエグゼクティブ／IT業界未経験者OK,東京都 港区 虎ノ門駅,年収600万円～840万円,公開していません,Geekly
アウモ株式会社,フィールドセールス#自社サービス#国内最大級のおでかけ情報サービス「aumo」,東京都 新宿区 都庁前駅,年収400万円～900万円,11日前,doda
株式会社ビズリーチ,フィールドセールス,東京都 渋谷区 渋谷駅,年収500万円～600万円,15日前,doda
Micoworks株式会社,フィールドセールス,東京都 千代田区,"年収700万円～1,000万円",12日前,doda
東京都豊島区の物流プラットフォーム企業／crew,フィールドセールス／01so,東京都 豊島区 池袋駅 徒歩5分,公開していません,18時間前,ふれつり転職相談
株式会社アクシバース,フィールドセールス～見込み顧客に対して顧客視点を持ちながらテスト導入まで寄り添う営業～,東京都 渋谷区,年収400万円～700万円,18日前,doda
ユミルリンク株式会社,クラウドサービスの法人営業 フィールドセールス 管理職候補,東京都 新宿区 新宿駅 徒歩3分,年収500万円～650万円,5日前,Green
日本リビング保証株式会社,フィールドセールス,東京都 渋谷区 初台駅,年収400万円～800万円,17日前,doda
株式会社電脳交通,フィールドセールス,東京都 渋谷区,年収500万円～700万円,13日前,doda
ピーシーフェーズ株式会社,人材育成SaaSのフィールドセールス,東京都 渋谷区 渋谷駅,年収500万円～800万円,6日前,doda
株式会社パシフィックメディカル,フィールドセールス～病院向け電子カルテ「MALL」,東京都 港区 六本木一丁目駅,年収500万円～800万円,3日前,doda
株式会社ルーチェ,フィールドセールス 自社サービスや求人媒体など幅広く提案／採用成功 事業成長へと貢献できるやりがい,東京都 新宿区 新宿御苑前駅 徒歩7分,月給25万円～50万円,14日前,エン転職
株式会社ユーザベース,SPEEDA-フィールドセールス,東京都,公開していません,17日前,type 転職エージェント
株式会社LMK,上場を目指すスタートアップIT企業のセールス,東京都 渋谷区,年収360万円～600万円,公開していません,株式会社LMK
株式会社ハックルベリー,フィールドセールス／EC向けSaaS開発・運営やECサイト構築企業,東京都 渋谷区,"年収300万円～1,200万円",11日前,doda
株式会社SalesX,経費系クラウドサービスのフィールドセールス,東京都 港区,"時給2,000円～",6日前,かんたん応募
株式会社灯火,営業／企画営業 フィールドセールス,東京都 千代田区 神保町駅 徒歩7分                                                                                                                                                                その他 (6),年収414万円～480万円,公開していません,株式会社灯火
XMile株式会社,フィールドセールス／物流業界特化の人材会社／残業20時間程度,東京都 新宿区,年収500万円～800万円,13日前,doda
ーテクノロジーの力で “家族”をもっと豊かにー,「スマート保育園」推進を通じて保育施設の社会インフラ化を推進するユニファでフィールドセールス募集ーテ...,東京都 千代田区,年収350万円～550万円,13日前,LIBZ
株式会社Sprocket,フィールドセールス,東京都 目黒区,"年収600万円～1,000万円",11日前,doda
株式会社プラスアルファ・コンサルティング,フィールドセールス／タレントマネジメントシステム「タレントパレッット」,東京都 港区 汐留駅,年収420万円～700万円,17日前,doda
株式会社いつも,フィールドセールス,東京都 千代田区 有楽町駅 徒歩1分,年収400万円～600万円,公開していません,U29JOB
ランスタッド株式会社,国際物流 フィールドセールス!500万～,東京都 品川区 天王洲アイル駅,"時給1,800円",2日前,ランスタッド 事務・オフィスワーク
株式会社エス・エス・シービジネスサポート,英語活かせる DX化関連ITサービスの海外営業／国籍不問,東京都 千代田区,"月給30万5,946円～66万6,666円",22日前,株式会社エス・エス・シービジネスサポート
株式会社SUPERSTUDIO,フィールドセールス／EC／SaaS／若手活躍中／CMで話題の急成長スタートアップ,東京都 品川区 目黒駅,年収650万円～850万円,公開していません,Geekly
株式会社MyRefer,フィールドセールス,東京都 千代田区 飯田橋駅 徒歩8分,年収497万円～565万円,17時間前,Green
ユームテクノロジージャパン株式会社,フィールドセールス ～世界100万社以上で導入実績～,東京都 渋谷区,"年収650万円～1,200万円",16日前,doda
ルームクリップ株式会社,フィールドセールス,東京都 渋谷区 千駄ケ谷駅 徒歩3分,年収360万円～750万円,公開していません,U29JOB
Unipos株式会社,フィールドセールス HRSaaS／理想の組織作りに挑戦／第二新卒歓迎,東京都 渋谷区,年収400万円～900万円,24日前,リクルートエージェント
株式会社ソーシャルインテリア,フィールドセールス 日本初 家具のサブスクリプションサービス／IPO準備中,東京都 渋谷区,年収400万円～900万円,公開していません,リクルートエージェント
株式会社TAPP,投資用不動産フィールドセールス 不動産×webマーケで300%成長のベンチャー 服装自由,東京都 港区 品川駅,"年収600万円～1,500万円",17日前,doda
株式会社ウィルオブ・ワーク,製薬会社向けのフィールドセールス,東京都 品川区 大崎駅 徒歩7分,"時給1,900円～",公開していません,WILLOF
ファーストループテクノロジー株式会社,ITソリューション営業 スマートな社会を目指しデジタルループ化を推進,東京都 千代田区 有楽町駅,年収447万円～680万円,16日前,doda
株式会社シーズ・リンク,フィールドセールス 新規営業,東京都 新宿区,"年収400万円～1,000万円",17時間前,Green
Thinkings株式会社,フィールドセールス,東京都 中央区 新日本橋駅 徒歩1分,年収400万円～600万円,公開していません,U29JOB
2030年までに100事業・売上1兆円を目指す注...,フィールドセールス／リーダー候補／東京／01so,東京都 渋谷区,月給40万円～45万円,18時間前,ふれつり転職相談
株式会社FAN・DREAM 水天宮前オフィス,IT系ソリューション営業c,東京都 中央区,月給40万円～50万円,公開していません,株式会社FAN・DREAM
PIAZZA株式会社,フィールドセールス,東京都 中央区 茅場町駅 徒歩2分,年収400万円～600万円,17時間前,Green
株式会社ヒューマネージ,フィールドセールス／シェアNo.1のHR Tech企業で「人材戦略」の課題解決／業界未経験歓迎,東京都 千代田区 永田町駅,年収370万円～500万円,公開していません,doda
Creww株式会社,フィールドセールス,東京都 渋谷区 渋谷駅,年収480万円～630万円,公開していません,Geekly
株式会社セイルボート,フィールドセールス ソリューション営業,東京都 新宿区 新宿三丁目駅 徒歩2分,年収320万円～400万円,17時間前,Green
株式会社Buff,フィールドセールス 営業の生産性を高めるSaaSプロダクト「SALESCORE」,東京都 渋谷区,年収400万円～700万円,13日前,doda
ClipLine株式会社,フィールドセールス,東京都 品川区,年収600万円,公開していません,株式会社 Billage
C Channel株式会社,フィールドセールス,東京都 世田谷区 池尻大橋駅 徒歩7分,月給30万円～,6日前,U29JOB
株式会社ZENKIGEN,フィールドセールス・インサイドセールス,東京都 千代田区 大手町駅 徒歩0分,年収400万円～700万円,2日前,Green
株式会社ファインズ,東京／フィールドセールス 成長業界で活躍できる／中小企業のDX推進／未経験OK,東京都 渋谷区,年収288万円～350万円,公開していません,リクルートエージェント
キャリフレ,新卒向けオファー型サービス「dodaキャンパス」のフィールドセールス職,東京都 新宿区,年収420万円～550万円,公開していません,キャリフレ
株式会社ライトアップ,フィールドセールス／中小企業経営コンサルティング 中小企業の経営課題を一緒に解決してくれる方を募集,東京都 渋谷区 渋谷駅 徒歩6分,"年収400万円～1,000万円",8日前,Green
株式会社Wiz,営業／企画営業 最適なエネルギー利用で企業の活性化やSDGs促進に貢献!フィールドセールス募集,東京都 文京区 新大塚駅 徒歩1分,月給25万円～50万円,公開していません,株式会社Wiz
LINE株式会社,フィールドセールス／LINEスキマニ,東京都 新宿区,公開していません,28日前,LINE株式会社
株式会社HR Force,インターンシップ／フィールド新規営業／人材系ITベンチャーで「内定直結」インターン,東京都 港区 浜松町駅 徒歩1分,"時給1,200円～",2日前,ゼロワンインターン
メリービズ株式会社,フィールドセールス:BtoB向け業務支援SaaS事業／売上7倍以上に伸長／上場視野,東京都 渋谷区,年収450万円～700万円,公開していません,リクルートエージェント
株式会社manebi,フィールドセールス／採用担当が選ぶWeb面接ツール第1位／いま注目のSaaS,東京都 千代田区,公開していません,12日前,マイナビAGENT
株式会社Billage,フィールドセールス,東京都 品川区,"年収600万円～1,000万円",公開していません,株式会社Billage
株式会社エス・エム・エス,プライム上場／データ分析・事業企画／年収500-800万 医療・介護,東京都 港区,年収500万円～810万円,13日前,LIBZ
株式会社Matchbox Technologies,営業／企画営業 フィールドセールス／インサイドセールス,東京都 千代田区 御茶ノ水駅 徒歩11分,月給30万円～60万円,公開していません,株式会社Matchbox Technologies
株式会社TOKIUM,営業部 フィールドセールス,東京都 千代田区 御茶ノ水駅 徒歩2分,年収400万円～700万円,10日前,Green
フューチャーアーキテクト株式会社,東証一部・ITコンサルタント・コンビニ顧客担当,東京都,"年収550万円～1,349万円",3日前,日経転職版
ユーロフィン・エヌエスシー・ジャパン株式会社,IT Network Engineer M&Aにより急成長中!,東京都 豊島区 池袋駅,年収850万円,15日前,Daijob.com
AiGlow株式会社,IT事務 未経験25万～ 残業月10h 土日祝休 女性9割 サポート業務中心,東京都 中央区 京橋駅,月給25万円～30万円,9日前,女の転職type
Modis株式会社,障がい者採用 未経験歓迎／ITエンジニア,東京都,年収259万円～600万円,21時間前,Spring転職エージェント
株式会社日本教育クリエイト 企画マーケティング部,ITサポート事務／未経験歓迎／リモートOK／研修制度充実／学歴不問／157107,東京都,"月給22万4,000円～25万6,900円",6日前,女の転職type
アビームコンサルティング株式会社,IT戦略コンサルタント 残業少なめ／産休・育休取得実績多数／定着率98%,東京都 千代田区 東京駅 徒歩5分,"月給35万7,000円～",2時間前,エン転職
株式会社Bloom,WEBソリューション フィールドセールス,東京都 渋谷区,月給24万円～,公開していません,株式会社Bloom
株式会社リクルートスタッフィング情報サービス,未経験歓迎 大手・優良企業で働ける 初級ITエンジニア,東京都,"月給18万8,000円～",13日前,マイナビ転職
日本コンベンションサービス株式会社,在宅勤務メイン・プロジェクト付・オンライン逐次通訳翻訳／外資IT企業,東京都 港区 神谷町駅 徒歩8分,"時給3,000円",7日前,ジョブメリ
コニカミノルタ株式会社,IT企画／DX推進担当／DX銘柄コロナ対応部門／グローバル企業／やりがい,東京都 港区,年収600万円～800万円,19時間前,エン エージェント
パルソネット株式会社,初級ITエンジニア 未経験／既卒／第二新卒大歓迎!千葉積極採用,東京都 台東区 浅草駅 徒歩1分,月給20万円～25万円,2日前,マイナビ転職
株式会社ウィノベート,完全初心者も安心!自社ITスクールで楽しく学ぶ ITエンジニア,東京都 豊島区,月給22万円～,6日前,マイナビ転職
株式会社ヴィトーリアリンク,未経験OK×ITエンジニア ゲーム・アニメ好き活躍中,東京都 中央区 八丁堀駅 徒歩2分,月給18万円～,21日前,はたらいく
エムスリー株式会社,コーポレートIT担当,東京都 千代田区 溜池山王駅 徒歩2分,"年収700万円～1,000万円",14時間前,CREATIVE JOB
株式会社電通国際情報サービス,マーケティング領域でのITソリューション営業 電通×米国GE社のジョイントベンチャー企業,東京都 港区 品川駅 徒歩7分,月給22万円～,7日前,エン転職
株式会社グローバル・パートナーズ・テクノロジー,シニアマネージャー CIOを輩出する企業／IT戦略・IT投資に特化したコンサルティング／リモート可,東京都 千代田区,"年収1,000万円～1,500万円",2日前,en ミドルの転職
パーソルキャリア株式会社,ITアーキテクト／プロジェクトマネジメント担当,東京都 千代田区 東京駅 徒歩1分,年収580万円～900万円,7日前,CREATIVE JOB
株式会社DALUMAX,ITコーディネーター／業界未経験OK／賞与年2回支給／月給30万円以上,東京都 港区 三田駅 徒歩6分,月給30万円,8日前,女の転職type
株式会社アクロビジョン,IT事務 未経験歓迎 研修最大3ヶ月 面接1回のみ 福利厚生充実 勤務地選べる,東京都 豊島区,月給20万円～,3日前,女の転職type
株式会社Growth box,人生を変えるキッカケがココに! IT事務・WEBデザイン,東京都 新宿区 新宿駅 徒歩10分,月給21万円～50万円,5日前,リクナビNEXT
株式会社TECODesign,フィールドセールス,東京都 新宿区 神楽坂駅 徒歩3分,月給25万円～35万円,公開していません,株式会社TECODesign
"株式会社バイオス／BiOS,Inc.",大手外資コンサルティング企業のITサポート、英語力が磨けます,東京都 港区,年収450万円～,8日前,Daijob.com
株式会社J-weed,ITインフラの設計・構築・運用・保守,東京都 中央区 東銀座駅 徒歩3分,月給20万円～,4時間前,かんたん応募
株式会社アトミテック,IT営業 ノルマなし 基本在宅勤務 産育休・時短あり 月給30万円～,東京都 港区 六本木一丁目駅,月給30万円～,15日前,女の転職type
株式会社リニカル,ITエンジニア,東京都 港区 汐留駅 徒歩1分,"月給37万5,000円～",2日前,マイナビ転職
株式会社エフ・グッド,フリーランス ITエンジニア,東京都,月給40万円～120万円,2日前,かんたん応募
株式会社スータブル・ソリューションズ,システムコンサルタント・導入エンジニア／顧客のITパートナー,東京都 中央区,月給25万円～40万円,7日前,リクナビNEXT
株式会社C3アドバンステクノロジー,既卒歓迎／グローバルITコンサルタント／英語力を活かせる 職種未経験者OK! テレワーク推進中,東京都 新宿区,年収350万円～450万円,21時間前,Re就活
株式会社ベイカレント・コンサルティング,ITコンサルタント,東京都 港区,月給35万円～,2日前,マイナビ転職
株式会社LeagalForce,コーポレート本部／コーポレートITエンジニア,東京都 江東区,年収660万円～800万円,20日前,日経転職版
シェアジャパン株式会社,システム開発や運用におけるITアシスタント事務,東京都 武蔵野市 吉祥寺駅,月給20万円～,2日前,かんたん応募
株式会社ヒューマリッジ,時給1900円／社内システムサポート・運用／IT部門で働く,東京都 千代田区 東京駅 徒歩2分,"時給1,900円",公開していません,エン派遣
株式会社ファーストリテイリング,IT サービスマネジメントスペシャリスト／IT Service Management,東京都,"年収600万円～1,300万円",5日前,CareerCross
株式会社日立コンサルティング,ITコンサルタント,東京都,年収400万円～,2日前,マイナビ転職
株式会社トゥモロー・ネット,IT営業アシスタント IT知識も身につく 年間休日124日 賞与4ヶ月分,東京都 品川区 品川シーサイド駅 徒歩6分,月給21万円～25万円,2日前,女の転職type
株式会社グローバル・ワン,英語事務 英語+IT専門知識でスキルアップ 資格取得支援あり,東京都 千代田区 大手町駅,月給23万円～30万円,7日前,エン転職
株式会社アクロホールディングス,ITソリューション企業でサポート事務／残業なし,東京都 中央区 新日本橋駅 徒歩1分,年収300万円～500万円,6日前,マイナビ転職エージェントサーチ
株式会社ビジョン・コンサルティング,ITコンサルタント,東京都 新宿区 四谷三丁目駅 徒歩4分,"年収500万円～1,500万円",4日前,U29JOB
三菱ケミカルシステム株式会社,ITアーキテクト,東京都,"年収600万円～1,000万円",2日前,Spring転職エージェント
株式会社アクトエンジニアリング,建設現場のIT化のサポート・IT環境の構築・運用・現場からのITツールに関する相談対応,東京都 港区 品川駅 徒歩5分,"月給22万2,560円～33万6,480円",5日前,株式会社アクトエンジニアリング
株式会社IIJプロテック,未経験入社率95%!充実の研修で安定のIT業界へ IT系総合職,東京都 千代田区 飯田橋駅 徒歩1分,月給20万円～,13日前,マイナビ転職
株式会社ケアリッツ・テクノロジーズ,ITコンサルタント営業 課題解決を上流から担う新ポジション,東京都 新宿区 新宿駅,月給42万円～80万円,8日前,リクナビNEXT
昭和電工株式会社,ITインフラの導入・運用担当,東京都 港区 大門駅 徒歩1分,"年収500万円～1,300万円",3日前,U29JOB
株式会社WiZ,IT事務 PCスキルをつけて将来安定／在宅勤務あり／自己PRは不要,東京都 港区 六本木駅 徒歩5分,月給23万円～40万円,3時間前,エン転職
医療法人社団美実会,IT知識・経験はゼロで大丈夫! ITサポート事務 残業基本なし,東京都 港区 六本木一丁目駅,"月給27万2,140円",7日前,マイナビ転職
株式会社グッドフィールドアンドカンパニー,IT インフラエンジニア :年間休日121日／残業平均20h,東京都 中央区,年収400万円～600万円,5日前,en ミドルの転職
株式会社エーエルジェイ,ITエンジニア 未経験歓迎／充実の学習環境／ユニークな福利厚生多数／年休130日,東京都 新宿区 新宿三丁目駅 徒歩1分,"月給25万3,000円～60万円",14日前,エン転職
株式会社夢テクノロジー,ITエンジニア／インフラエンジニア／クラウドエンジニア,東京都 千代田区 秋葉原駅 徒歩3分,月給22万円～27万円,11時間前,はたらくぞドットコム
フェイス・ワン株式会社,未経験歓迎! ITサポート総合職,東京都 中央区 勝どき駅 徒歩4分,"月給23万1,000円～30万円",6日前,マイナビ転職
bravesoft株式会社,自社SaaSプロダクトの企画提案・コンサル・フィールドセールス,東京都 港区 田町駅 徒歩4分,"年収550万円～1,200万円",公開していません,Green
キンドリル ジャパン株式会社,ITコンサルタント,東京都 中央区 水天宮前駅 徒歩3分,"年収600万円～1,499万円",2日前,en ミドルの転職
株式会社セラク,ITエンジニア 未経験入社約80% 土日祝休み 年休120日以上,東京都 新宿区,月給22万円～40万円,7日前,マイナビ転職
株式会社プレアデスコンサルタント,未経験からゲームやWebの仕事に挑戦! ITエンジニア,東京都,月給18万円～80万円,1日前,リクナビNEXT
SGフィルダー株式会社,ITコンサルタント,東京都 中央区                                                                                                                                                                その他 (2),"年収750万円～1,000万円",5日前,SGフィルダー株式会社
株式会社KDDIエボルバ,福利厚生充実 KDDIグループのITエンジニア 未経験歓迎,東京都,月給21万円～25万円,6日前,マイナビ転職
DANtech,未経験から挑戦できるITエンジニア,東京都 新宿区 神楽坂駅,年収380万円～530万円,7日前,かんたん応募
株式会社ハーフタイム,即日～長期!大手IT企業での事務のお仕事,東京都 中央区 築地駅 徒歩3分,"時給1,800円",22日前,エン派遣
株式会社北陸銀行,ITコンサルティング,東京都,"年収500万円～1,200万円",8時間前,日経転職版
リコーリース株式会社,社内SE／IT戦略企画・管理,東京都 江東区 豊洲駅,"年収650万円～1,200万円",6日前,doda
株式会社エヌ・ティ・ティ・データ,医療保険分野の大規模システム開発におけるITアーキテクト,東京都,"年収600万円～1,000万円",14日前,Spring転職エージェント
パスクリエイト株式会社,既卒歓迎／ITサポート／「IT×オフィスワーク」5年、10年先も必要とされるスキルを身につけませんか,東京都 新宿区 新宿御苑前駅 徒歩1分,年収250万円～600万円,14日前,Re就活
マンパワーグループ株式会社,既卒歓迎／初級ITエンジニア／ゆっくりじっくり一人ひとりに合わせた研修で「分からない」あなたを大切に...,東京都 港区,年収300万円～350万円,5日前,Re就活
日本システム運用センター株式会社,既卒歓迎／ITエンジニア／ずっと学べるから成長し続けられる! 月平均残業10H以内,東京都,年収250万円～300万円,11日前,Re就活
有限責任監査法人トーマツ,金融機関向けITコンサルタント,東京都 千代田区 二重橋前駅,月給29万円～,1日前,マイナビ転職
株式会社アドバレッジ・パートナーズ,未経験から始めるITコンサルタント 「残業ゼロ」の社風が自慢／土日祝休み／リモート勤務,東京都 渋谷区 恵比寿駅 徒歩7分,年収300万円～,14日前,エン転職
ハイブリィド株式会社,システム運用サポート IT業界未経験OK 有休消化率75% 時短・フルリモート有,東京都 港区 神谷町駅 徒歩5分,年収352万円～864万円,27日前,女の転職type
株式会社アカツキ,コーポレートIT／コーポレートITエンジニア,東京都 品川区 目黒駅 徒歩3分,"年収600万円～1,000万円",2日前,CREATIVE JOB
パナソニックインフォメーションシステムズ株式会社,ITインフラ企画／パナソニックグループ全社共通ITインフラ・ITセキュリティ対策の構想・企画,東京都 千代田区 日比谷駅,年収600万円～900万円,12日前,doda
株式会社ヒューマンウェア,既卒・二卒歓迎。2度目の新卒やりませんか? ITサポート事務,東京都,月給20万円～,19日前,リクナビNEXT
株式会社クラフト社,ITエンジニア ITスクール受講無料／毎年昇給／年間休日120日／定時退社可,東京都 千代田区,月給20万円～,10日前,エン転職
株式会社システナ,仲間と切磋琢磨しながら成長! ITサポート事務 未経験入社95%,東京都 港区,"月給21万2,000円～",13日前,マイナビ転職
株式会社ヴィトーリア,未経験から始めるITエンジニア／超有名ゲームの開発実績多数,東京都 中央区,月給18万円～,13日前,リクナビNEXT
BOX合同会社 ITs,エンジニアもめざせるITアシスタント事務,東京都 港区                                                                                                                                                                その他 (17),"月給23万5,000円～30万円",5日前,BOX合同会社ITs DX本部
Sansan株式会社,社内ITサポート・運用管理担当 東証プライム上場／リモート勤務可／自社勤務,東京都 港区 表参道駅 徒歩4分,年収650万円～750万円,19時間前,エン エージェント
株式会社セブン&アイ・ホールディングス,ITやDX領域における購買・調達担当,東京都 新宿区 四ツ谷駅,年収500万円～,12日前,doda
兼松エレクトロニクス株式会社,ITインフラソリューション営業東証部上場／マルチベンダの提案,東京都 中央区 宝町駅,年収500万円～800万円,20時間前,エン エージェント
株式会社ラクスパートナーズ,IT業界に特化した人材サービス営業職,東京都 新宿区,年収431万円～520万円,48分前,マイナビ転職エージェントサーチ
株式会社SFIDA Ⅹ,プロジェクトマネージャー・ITコンサルタント候補,東京都 新宿区 都庁前駅 徒歩6分,"年収420万円～1,000万円",9日前,U29JOB
株式会社イルミナ,"営業職種で一番やりやすいIT営業募集します!初心者可能! 週2,3出社",東京都 新宿区 新宿御苑前駅 徒歩5分,月給23万円～,1日前,かんたん応募
オリックス生命保険株式会社,IT本部:IT業務管理部 ITサービスマネジャー,東京都 豊島区,"年収750万円～1,300万円",1日前,type 転職エージェント
株式会社ベネッセコーポレーション,ベネッセグループのITガバナンス担当,東京都 多摩市 京王多摩センター駅 徒歩5分,年収600万円～850万円,1日前,CREATIVE JOB
アデコ株式会社 採用受付,総務・人事・法務・特許事務／IT・通信関連,東京都 千代田区 神田駅 徒歩1分                                                                                                                                                                その他 (95),"時給1,750円～",10時間前,はたらこねっと
キズナプラス株式会社,インフラエンジニア ITセキュリティ 運用監視業務,東京都 中央区 新富町駅 徒歩5分,月給24万円～,20時間前,エン派遣
株式会社ロココ,IT業界SaaSの法人営業／年間休日129日・土日祝休み,東京都 港区 浜松町駅 徒歩10分,月給25万円～35万円,6日前,リクナビNEXT
株式会社キャリアデザインセンター,月収55万!大手IT総合商社／ネットワーク設計構築,東京都 台東区 新御徒町駅 徒歩7分,"時給3,200円",20時間前,エン派遣
金山国際株式会社,兼業もOK!自由に働く／ITエンジニアのスカウト営業担当,東京都 千代田区 東京駅 徒歩5分,月給35万円,8日前,リクナビNEXT
株式会社アイフリークモバイル,ゲーム好き歓迎!経験は必要なし! ITエンジニア／事務・PG,東京都 新宿区 新宿御苑前駅 徒歩1分,月給18万円～50万円,13日前,リクナビNEXT
日信ITフィールドサービス株式会社,ITエンジニア 自社内開発100% 残業月20h程度 年間休日129日,東京都 台東区 上野駅 徒歩9分,月給20万円～,20日前,マイナビ転職
ダイキン工業株式会社,ITインフラ戦略企画要員,東京都 港区 品川駅,年収500万円～900万円,公開していません,タイズ
株式会社ストリートベンチャー,ITプロジェクトのPM補佐 英語支援,東京都 新宿区 新宿駅 徒歩5分,月給48万円～50万円,14時間前,マイベストジョブ
株式会社ネットランド,IT法人営業,東京都 千代田区 有楽町駅,年収450万円～600万円,6日前,doda
エヌ・ティ・ティ・コミュニケーションズ株式会社,経営管理の高度化に向けたIT戦略策定、ITシステム企画、開発,東京都 千代田区 日比谷駅,"年収500万円～1,000万円",3日前,doda
株式会社SSC,未経験ok ニーズ急上昇中のITコンサルタント 転勤なし,東京都 渋谷区 恵比寿駅 徒歩5分,"月給22万5,000円～",5日前,リクナビNEXT
Colorful株式会社,初級エンジニア まずはITサポートから 未経験OK 残業月5h リモートワーク有,東京都 江東区 東京国際クルーズターミナル駅,月給22万円～,23日前,女の転職type
三菱オートリース株式会社,企画職／ITやデジタル領域のご経験が活かせます,東京都,年収400万円～600万円,14日前,Spring転職エージェント
CTCテクノロジー株式会社,ITインフラエンジニア 上場企業グループ,東京都 港区 虎ノ門駅 徒歩8分,"月給19万4,000円～26万円",3時間前,エン転職
株式会社三菱UFJ銀行,グローバルITガバナンス／～年収1300／東京,東京都 千代田区,"年収～1,300万円",7日前,マイナビ転職エージェントサーチ
株式会社セントラボ,IT未経験からITコンサルタント,東京都,年収400万円～,26日前,かんたん応募
三井情報株式会社,ITコンサルタント,東京都 港区,年収397万円～732万円,6日前,マイナビAGENT
ネクストフィールド株式会社,ITサポート事務 未経験歓迎 年間休日125日 土日祝休,東京都 品川区 目黒駅,"月給21万5,000円～",13日前,リクナビNEXT
株式会社クニエ,ITマネジメントコンサルタント,東京都,"年収500万円～1,800万円",公開していません,Spring転職エージェント
method bank株式会社,既卒歓迎／ITエンジニア／未経験からITエンジニアとしての一歩を踏み出しませんか,東京都 千代田区 麹町駅,年収300万円～400万円,7日前,Re就活
ロジソーコ,ITエンジニア SEを本気で目指したい方 未経験者歓迎,東京都 新宿区 西武新宿駅 徒歩4分,年収300万円～500万円,5日前,ロジソーコ
株式会社the You,未経験歓迎!IT企業の幹部候補／人材コーディネーター／営業,東京都,月給20万円～35万円,15日前,リクナビNEXT
株式会社ライズ,学歴・経歴不問／20代活躍中／未経験から始めるIT事務,東京都 世田谷区                                                                                                                                                                その他 (30),"月給19万2,000円～30万円",5日前,株式会社ライズ
株式会社セゾン情報システムズ,ITサポート部 システム企画・開発チーム 業務システムの開発・運用,東京都 港区,年収450万円～720万円,17時間前,株式会社セゾン情報システムズ
株式会社Universal Language,ITエンジニア／未経験歓迎 大手企業グループ,東京都 中央区 茅場町駅,月給18万円～,2日前,type
株式会社アーシャルデザイン,未経験者・第二新卒者歓迎 IT総合職,東京都 渋谷区,月給22万円～,16日前,マイナビ転職
BIG4系税理士法人,ITサービスマネジャー,東京都,年収800万円～,公開していません,日経転職版
コンピューテックエンジニアリング株式会社,年休120日 英語力を活かすITサポート／ヘルプデスク業務,東京都,年収450万円～,14時間前,リクナビNEXT
パーソルテンプスタッフ株式会社,DX推進のITエンジニアリンググループ マネージャー 業界トップシェア×国内大手ホールディングス,東京都,"年収800万円～1,200万円",公開していません,Spring転職エージェント
株式会社アクシス,未経験からはじめる IT事務・PG 年休120日～／土日祝休,東京都 千代田区 麹町駅 徒歩2分,月給20万円～30万円,6日前,リクナビNEXT
株式会社ユービーセキュア,セキュリティマネジメントコンサルタント 国内有数ITセキュリティ企業 リモート,東京都 中央区 築地駅 徒歩3分,年収450万円～850万円,16日前,doda
東急テックソリューションズ株式会社,ITインフラ戦略立案・企画職／マネージャー・メンバークラス,東京都 渋谷区,"月給44万8,000円～",公開していません,東急テックソリューションズ株式会社
アルファーテック株式会社,自治体や学校のPC・クラウド環境を作る ITサポート 未経験OK,東京都 西東京市 田無駅 徒歩12分,"月給22万4,900円～",20日前,マイナビ転職
オーアール・ラボ株式会社,IT系事務 業務拡大の為複数名募集 未経験者OK!研修有,東京都 中央区 築地駅,"月給23万5,000円～32万円",14日前,エン転職
インターノウス株式会社,営業／採用活動の継続支援、ITプロジェクト支援や当社研修事業の講師なども行って頂きます,東京都 港区,"年収350万円～1,200万円",9日前,マイナビ転職エージェントサーチ
株式会社テクノトロン,IT実務未経験可!自社グループのシステム等を支える 社内SE,東京都 大田区 池上駅 徒歩5分,月給21万円～,公開していません,マイナビ転職
株式会社ディ・アイ・システム,「実は君も開発や構築ができるんだよ」ダイヤの原石から大賢者を目指せるITエンジニア IT講師が研修,東京都 中野区 中野駅 徒歩5分,月給21万円～,14日前,エン転職
株式会社イーヴンPLUS,IT営業職,東京都 千代田区,月給20万円～,7日前,Q-JiN
株式会社フロンティアダイレクト,初級エンジニア 未経験OK IT研修最大6ヶ月 月給23万円～ リモート可,東京都 渋谷区 渋谷駅 徒歩9分,月給23万円～,13日前,女の転職type
株式会社イージフ,ビジネス、ITコンサルタント,東京都 港区,年収400万円～600万円,1日前,ワークポート
アクサス株式会社 正社員採用,段階を踏んでエンジニアデビューできるIT事務,東京都 新宿区 新宿駅,月給25万円～,2日前,アクサス株式会社AX事業本部 正社員採用
株式会社長谷工ジョブクリエイト,社内ITにおける補助・サポート業務／週3日勤務,東京都 港区 虎ノ門ヒルズ駅 徒歩5分,"時給1,500円～",10日前,エン派遣
夢創IT株式会社,業務コンサルタント／IT戦略立案・課題解決,東京都 新宿区,"年収600万円～1,200万円",16日前,doda
パナソニック株式会社,空質空調事業拡大に向けたIT戦略企画、ソリューション提案,東京都,年収600万円～950万円,23日前,Spring転職エージェント
株式会社アセットコンサルティングフォース,上流工程から手掛けるPM・PL候補 ITコンサルタント 土日祝休み,東京都 港区 虎ノ門駅 徒歩1分,"月給36万359円～57万6,576円",13日前,マイナビ転職
アメージングエイド株式会社,ITサポートエンジニア 年休120日以上 女性活躍中 未経験OK,東京都 中央区,"月給18万4,000円～30万円",20日前,マイナビ転職
株式会社JUT JOY,「言語って何?」から始めるITエンジニア ほぼ全員が未経験入社／残業月10h以下／書籍代補助あり,東京都 渋谷区 渋谷駅 徒歩4分,月給20万円～50万円,3日前,エン転職
elDesign株式会社,ITコンサルタント・社内SE,東京都 港区 白金高輪駅 徒歩1分,"月給28万5,714円～",9日前,U29JOB
キンドリルジャパン株式会社,ITコンサルタント／コンサルタント未経験可,東京都 中央区 水天宮前駅 徒歩3分,"年収600万円～1,499万円",2日前,en ミドルの転職
株式会社マキバレ,IT教育担当,東京都 品川区 五反田駅 徒歩2分,月給23万円～,6日前,type
岡三証券株式会社,システム企画・ITガバナンス管理,東京都 中央区,年収600万円～900万円,9時間前,日経転職版
株式会社ノースサンド,ITコンサルタント SE／Sierからコンサルタントへ,東京都,"年収500万円～2,000万円",16日前,キャリフレ
株式会社UNBORDER,ITサポート 未経験OK 女性活躍 リモートOK 渋谷本社 コスメ手当,東京都 渋谷区 渋谷駅 徒歩8分,月給20万円,15日前,女の転職type
株式会社フォー・ジェイ,IT事務スタッフ 未経験も歓迎 リモートワークあり,東京都 新宿区,年収234万円～402万円,27日前,マイナビ転職
株式会社日本ビジネスデータープロセシングセンター,経験年数1年未満も歓迎 ITエンジニア,東京都 新宿区 西新宿駅,月給21万円～45万円,2日前,リクナビNEXT
日鉄ソリューションズ株式会社,ITコンサルまたはITコンサル候補,東京都,年収460万円～900万円,公開していません,Spring転職エージェント
SCSKサービスウェア株式会社,未経験歓迎、ITを基礎から学べる英語ヘルプデスク,東京都 新宿区 西新宿駅 徒歩3分,"時給1,600円",1日前,Smart Work Choice
株式会社テラスカイ・テクノロジーズ,ITサポート 月給26.5万～ 未経験OK IT資格が取れる3ヶ月間の研修あり,東京都 中央区 日本橋駅 徒歩2分,"月給26万5,000円～",2日前,女の転職type
ソシオネット株式会社,IT業界でスペシャリストと企業の架け橋になるコンサルティング営業募集します,東京都 千代田区,年収400万円～800万円,5日前,ソシオネット株式会社
東日本NSソリューションズ株式会社,ITアーキテクトスペシャリスト／プライム市場上場企業グループ,東京都,年収400万円～600万円,公開していません,Spring転職エージェント
アクサ損害保険株式会社,データITプラットフォームマネージャー,東京都,"年収1,200万円～1,400万円",公開していません,Spring転職エージェント
SBI生命保険株式会社,IT開発課長,東京都,"年収800万円～1,000万円",公開していません,Spring転職エージェント
Modis株式会社 Tech,顧客幹部のIT全般に関するユーザサポート,東京都 千代田区 大手町駅 徒歩2分,"時給2,300円",3日前,エン派遣
ヘイズ・スペシャリスト・リクルートメント・ジャパ...,ITコンサルタント,東京都 港区,"時給3,000円～",10日前,エン派遣
株式会社ユニゾン・テクノロジー,未経験可／ITエンジニア,東京都 台東区 御徒町駅 徒歩3分,月給25万円～60万円,15日前,かんたん応募
株式会社アクセスネット,未経験から市場価値の高いITエンジニアに／専任講師の研修あり,東京都 千代田区 神田駅 徒歩3分,月給23万円～,13日前,doda
トヨタコネクティッド株式会社,ITスペシャリスト:データベース,東京都,"年収500万円～1,100万円",公開していません,Spring転職エージェント
株式会社ふりー,らく～に働く／ストレス0宣言／リモート90%／ITエンジニア,東京都,月給30万円～70万円,6日前,リクナビNEXT
東京都ビジネスサービス株式会社,ITサポート事務 未経験9割 専任講師による研修あり 20代活躍中,東京都 江東区 テレコムセンター駅 徒歩3分,月給21万円～,17日前,女の転職type
株式会社ALLSEED,初級ITエンジニア 実務未経験歓迎 残業ほぼなし 5割が女性エンジニア,東京都 品川区 目黒駅 徒歩1分,月給22万円～,15日前,女の転職type
株式会社パラダイムシフト,IT業界に特化したM&Aコンサルタント ～メディア掲載企業／入社後フォローも徹底～,東京都 港区,年収450万円～800万円,3日前,doda
株式会社トップ・パートナーズ,IT企画リーダー,東京都 品川区 目黒駅 徒歩1分,公開していません,4時間前,CREATIVE JOB
株式会社イデアルデコード,面接1回!「IT事務職・プログラマ」 ゲーム・アニメ好き歓迎,東京都 新宿区 新宿駅,月給20万円～,19日前,リクナビNEXT
株式会社サンシーシステム,ITエンジニア 未経験歓迎／残業月10時間程度／2交代制,東京都 大田区 大森駅 徒歩2分,月給23万円～28万円,2日前,マイナビ転職
株式会社スタッフサービス,ITサポート 土日祝休み／月平均残業10時間／在宅案件もあり,東京都,"月給21万5,000円～",10日前,エン転職
サービス&セキュリティ株式会社,既卒歓迎／未経験から始めるITエンジニア／手厚い教育体制であなたの個性と力を伸ばし,東京都,年収300万円～600万円,5日前,Re就活
株式会社野村総合研究所,システムコンサルタント 構想策定、PM、ITアーキテクト,東京都 千代田区,"年収600万円～1,800万円",20日前,リクナビNEXT
オムロン株式会社,ITアーキテクチャの実務リーダー,東京都,"年収900万円～1,500万円",28日前,Spring転職エージェント
デロイトトーマツリスクアドバイザリー株式会社,IT戦略コンサルタント,東京都 千代田区,"年収500万円～1,200万円",3日前,doda
エヌエスイー株式会社,既卒歓迎／ITエンジニア／安定の環境で未経験からスキルを身につけ、大手銀行や官公庁で活躍,東京都 多摩市,年収300万円,5日前,Re就活
日創工業株式会社,ITインフラエンジニア 社員定着率90%,東京都 渋谷区 渋谷駅 徒歩5分,月給20万円～,3日前,エン転職
ジェイシーテクノロジー株式会社,初級ITエンジニア #未経験スタート8割 #土日祝休み #残業月10時間程度,東京都 中央区 茅場町駅 徒歩7分,月給21万円～30万円,17日前,女の転職type
ビズメイツ株式会社,WEBマーケター 教育×ITでグローバル人材・企業の成長支援 フレックス勤務OK,東京都 千代田区 神田駅 徒歩2分,年収396万円～,2時間前,エン転職
コンピュータ・レスキュー株式会社,未経験から始めるITエンジニア 正社員デビュー歓迎!年間休日127日!住宅手当など充実の福利厚生,東京都 千代田区 飯田橋駅 徒歩3分,月給23万円～,14日前,エン転職
株式会社Mobility Technologies,コーポレートITエンジニア ～タクシー配車アプリ「GO」提供企業／フレックス制～,東京都 港区 六本木一丁目駅,年収500万円～650万円,16日前,doda
EYストラテジー・アンド・コンサルティング株式会社,IT監査・ITリスクコンサルタント／BIGの1角のグローバルファーム,東京都 千代田区 日比谷駅,"年収585万円～1,200万円",13日前,doda
株式会社東急コミュニティー,大手企業のDX化を推進! IT推進担当・社内SE,東京都 世田谷区 用賀駅,"月給21万2,000円～27万4,000円",8日前,リクナビNEXT
株式会社トプコン,ITインフラ／セキュリティ企画・オペレーション,東京都 板橋区 本蓮沼駅,"年収450万円～1,000万円",18日前,doda
株式会社ブリーズシェアード,未経験から仲間と一緒にStart! IT事務 転勤なし／年休130日,東京都 港区,月給21万円～,2日前,マイナビ転職
株式会社マイクロスタッフィングサービス,ヘルプデスク・ユーザーサポート／IT・通信関連,東京都 港区 泉岳寺駅 徒歩5分,"時給1,550円～",20日前,はたらこねっと
日本アイ・ビー・エム株式会社,ITセールススペシャリスト／テクニカルセールス,東京都 中央区 水天宮前駅 徒歩3分,"年収700万円～1,499万円",1日前,en ミドルの転職
株式会社リクルート,全社IT戦略推進／製品選定～契約・発注まで幅広くご担当頂きます,東京都 千代田区,"年収495万円～1,155万円",18日前,doda
アルユーアイ株式会社,未経験者もゼロから育成 ITエンジニア 資格取得支援充実,東京都 中野区 中野坂上駅 徒歩1分,月給25万円～50万円,16日前,マイナビ転職
ヤフー株式会社,ITサポートエンジニア,東京都,年収650万円～900万円,12日前,Spring転職エージェント
株式会社アイフリークスマイルズ,0から始めるITエンジニア 基礎から学ぶ研修 在宅ワークOK 残業ほぼ無 年休125日 上場グループ,東京都,月給18万円～,3日前,エン転職
Earth Technology株式会社,Global IT Support,東京都 豊島区,"月給22万5,000円～",14日前,リクナビNEXT
株式会社スクウェイブ,コンサル未経験OK ITコンサル・アシスタント フレックス制,東京都 千代田区 半蔵門駅 徒歩1分,月給30万円～,20日前,マイナビ転職
株式会社アムスコーポレーション,IT関連商品の営業アシスタント,東京都 港区 浜松町駅 徒歩5分,"時給1,700円",12日前,アムスジョブ
株式会社トラント,未経験活躍中 IT事務 年休125日／土日祝休み／待遇・研修充実,東京都 渋谷区 恵比寿駅 徒歩3分,月給20万円～25万円,14日前,エン転職
株式会社シブヤテレビジョン,"社内SE 会社のIT管理者として活躍 フレックス制,午後出社OK",東京都 渋谷区 渋谷駅 徒歩4分,月給23万円～30万円,14日前,マイナビ転職
株式会社オーティ・コムネット,ITカスタマーサポート,東京都 台東区 仲御徒町駅,年収320万円～450万円,16日前,doda
株式会社エス･エム･エス,社内IT戦略／企画推進,東京都 港区 芝公園駅 徒歩2分,"年収650万円～1,000万円",14時間前,CREATIVE JOB
三菱地所ITソリューションズ株式会社,ITストラテジスト,東京都 千代田区,年収450万円～929万円,6日前,マイナビAGENT
株式会社パシフィックネット,ITソリューション営業／製品の提案～働き方改革の提案,東京都 港区 三田駅,年収500万円～700万円,14日前,doda
PwCあらた有限責任監査法人,IT・セキュリティ領域のガバナンス構築・高度化支援プロジェクトマネージャー,東京都 千代田区 大手町駅,年収529万円～,16日前,doda
株式会社光ソフトウェア,IT営業,東京都 江東区,年収280万円～720万円,1日前,かんたん応募
株式会社インキュライズ・コンサルティング,ITエンジニア 多彩なキャリアを実現,東京都 目黒区 中目黒駅 徒歩8分,"月給21万5,000円～",2日前,type
パーソルエクセルHRパートナーズ,正社員前提!年収380万～!大手グループでITサポート+総務,東京都 千代田区 小川町駅 徒歩5分,"時給1,800円",3日前,エン派遣
株式会社インゲート,1Day選考会7月23日 最上流のITコンサルティング,東京都 新宿区,年収500万円～800万円,5日前,マイナビAGENT
株式会社アウトソーシングテクノロジー,既卒歓迎／ITサポート事務／これまでの経験を活かしつつ、ITスキルが身に付く働き方を,東京都,年収250万円～500万円,14日前,Re就活
株式会社エスティーエーアスト,IT事務,東京都 千代田区 秋葉原駅 徒歩2分,月給18万円～,6日前,type
株式会社アンサー,20代、30代のITエンジニアから学ぶ／アプリ開発SE・PG,東京都 千代田区 末広町駅,月給20万円～,15時間前,リクナビNEXT
ジャパニアス株式会社,ITサポート,東京都 新宿区,"月給20万5,000円～",9日前,type
フューチャー株式会社,プロジェクトリーダー／構想立案・導入支援・分析／顧客の戦略的IT投資をサポート,東京都 品川区 大崎駅,"年収500万円～1,500万円",1日前,レバテックキャリア
デル・テクノロジーズ株式会社,ITソリューション営業 第二新卒者歓迎／20代活躍中,東京都 千代田区,年収550万円～740万円,12日前,リクナビNEXT
パナソニックコネクト株式会社,ITサービスマネージャー,東京都,年収510万円～840万円,23日前,Spring転職エージェント
株式会社Trueone,未経験ITコンサルタント,東京都 渋谷区 代々木駅 徒歩5分,"月給25万円～41万7,000円",2日前,U29JOB
Trigger株式会社,ITコンサルタント エンジニア経験を活かして確かな技術力を発揮するITコンサルタント,東京都 千代田区,年収500万円～999万円,1日前,en ミドルの転職
グローウィン・パートナーズ株式会社,IT戦略コンサルタント 大手・上場企業のクライアント多数 在宅勤務・フレックス勤務OK,東京都 港区 赤坂見附駅 徒歩1分,年収400万円～,24日前,エン転職
ブレインズコンサルティング株式会社,ITコンサル未経験者歓迎 ITコンサルタント／マネージャー 在宅勤務可,東京都 中央区,"年収700万円～1,000万円",4日前,リクルートエージェント
KDDI株式会社,官公庁・自治体向けITソリューション営業,東京都 千代田区 大手町駅 徒歩1分,年収500万円～900万円,2日前,U29JOB
あんしん保証株式会社,安定の上場企業で経験を活かす! IT戦略／社内システム管理,東京都 品川区 品川シーサイド駅,月給23万円～,1日前,リクナビNEXT
DIVISION1株式会社,PMOからIT／経営コンサルタントへ,東京都 千代田区,月給40万円～80万円,6日前,リクナビNEXT
株式会社dirbato,ITコンサルタント 急成長ITコンサルティングファーム／子会社化・事業化実現のチャンスあり,東京都 港区 六本木駅,"月給28万6,000円",24日前,エン転職
株式会社ビースタイル,上場IT企業での面接日程調整メインの採用アシスタント,東京都 品川区 五反田駅 徒歩3分,"時給1,700円",19日前,しゅふJOBスタッフィング
株式会社ジンズホールディングス,IT統制スペシャリスト 月給50万円～,東京都 千代田区 飯田橋駅 徒歩5分,"月給50万6円～70万8,337円",17日前,エン転職
株式会社キャリアシステムズ,IT業界に興味!CCNA、ITパスポート等資格勉強中募集,東京都 新宿区,月給15万円,8日前,Tジョブ Uターン・Iターンに特化した求人情報サイトの全国版!!
株式会社国際テクノロジーセンター,ITソリューション営業 年休128日／残業月平均10h以内 8割がWEB商談／DX化などの課題解決,東京都 品川区 五反田駅 徒歩2分,月給25万円～50万円,3日前,エン転職
株式会社ラーニングエージェンシー,IT企業担当,東京都 千代田区 有楽町駅 徒歩1分,年収450万円～780万円,3日前,U29JOB
株式会社Vヴィズリア,32歳以下は全員面接! ITエンジニア 20代育成枠 未経験歓迎,東京都 渋谷区 北参道駅 徒歩3分,月給18万円～,13日前,マイナビ転職
株式会社カスタマトリックス,IT事務 未経験OK オフィスワーク経験ゼロでも問題ナシ すぐ入社可 面接1回,東京都 新宿区 曙橋駅,月給20万円～30万円,1日前,女の転職type
ウルシステムズ株式会社,ITコンサルタント AWSでのシステムアーキテクチャ設計／企画段階から携われる,東京都 中央区 勝どき駅,"年収1,050万円",1日前,レバテックキャリア
パナソニック インフォメーションシステムズ株式会社,法人向けITソリューション営業,東京都 港区 汐留駅,年収450万円～700万円,12日前,doda
ノバストサカス株式会社,IT技術を身につけてワクワクできる企画・事業を手掛けていきたい人、募集,東京都 港区 外苑前駅,月給20万円～,31分前,Q-JiN
パーソルテクノロジースタッフ株式会社,社内IT関連プロジェクト管理・サポート業務,東京都 品川区 大崎駅 徒歩3分,"時給2,450円～",8日前,パーソル テクノロジースタッフ
株式会社Ctyup,初級IT事務#未経験歓迎#最長6ヶ月充実研修#手に職GET,東京都 品川区 大崎駅 徒歩6分,"月給20万5,000円～29万円",2日前,doda
株式会社プラウドグロリア,最長3カ月の研修であなたも大変身 ITエンジニア 未経験9割,東京都 渋谷区 渋谷駅 徒歩8分,月給18万円～80万円,公開していません,マイナビ転職
日本調剤株式会社,ITインフラ管理・事務,東京都 千代田区 東京駅 徒歩1分,年収400万円～500万円,14日前,U29JOB
株式会社マイナビワークス,高月給31万円以上 法律事務所でIT機器管理・ヘルプデスク,東京都 中央区 京橋駅 徒歩1分,"時給2,000円～2,200円",5日前,マイナビスタッフ 派遣
株式会社ナレッジフォレスト,SharePointのITコンサルタント募集,東京都 千代田区 岩本町駅 徒歩2分,月給30万円～50万円,1日前,かんたん応募
株式会社サーマルネッツ,既卒歓迎／ITエンジニア／仲間がいるから成長できる。「この会社と出会えて良かった」と思える会社を目指...,東京都 港区 新橋駅 徒歩7分,年収250万円～450万円,7日前,Re就活
ソフトヒューベリオン人事本部,新卒・3ヶ月のIT研修から学べるITエンジニア,東京都 千代田区,"月給18万円～19万5,000円",5日前,ソフトヒューベリオン人事本部
フリー株式会社,ITマネジメント,東京都,"年収500万円～1,000万円",公開していません,Spring転職エージェント
SCSK株式会社,海外顧客向け各種ICT支援、IT Due Diligence支援,東京都,"年収450万円～1,200万円",公開していません,Spring転職エージェント
ランスタッド株式会社 randstad tech...,既卒歓迎／ITエンジニア／充実研修あり!知識・経験ゼロからIT業界へ なりたい自分を目指しませんか?,東京都 新宿区 新宿駅 徒歩6分,年収300万円～400万円,7日前,Re就活
株式会社キャリアジャパン,PC修理保守!未経験からITエンジニア 研修充実,東京都 豊島区 池袋駅 徒歩5分,月給24万円～,3日前,エン派遣
スターコンサルティング株式会社,ITコンサルティング事業／ERP導入プロジェクト,東京都 千代田区,年収480万円～720万円,公開していません,日経転職版
株式会社ゼディアレーゲン,イチから始めるITエンジニア 年間休日125日以上 残業月20時間以下 10名以上の積極採用,東京都 品川区 目黒駅 徒歩5分,月給18万円～80万円,10日前,エン転職
株式会社日立システムズ,自治体向けITソリューション営業,東京都 中央区 茅場町駅,年収450万円～750万円,10日前,doda
日本電気株式会社,ITコンサルタント,東京都 港区 芝公園駅,年収680万円～800万円,7日前,doda
株式会社クラウドナイン,IT人材コーディネーター 代表は元DeNAの営業責任者／8年連続増収増益／服装自由／インセンティブ有,東京都 品川区 目黒駅 徒歩5分,年収300万円～800万円,14日前,エン転職
株式会社トゥインクル,ヘルプデスク・IT事務・インフラエンジニア,東京都,月給22万円～50万円,5日前,リクナビNEXT
株式会社エージェント・スミス,サーバ・ネットワーク／上流工程からIT業務を代行,東京都,年収350万円～500万円,38分前,doda
株式会社大丸松坂屋百貨店,IT企画,東京都 中央区 日本橋駅,年収600万円～750万円,11日前,doda
UE株式会社,IT 営業,東京都 豊島区,月給21万円,20時間前,JobOffer
サーブシステムズ株式会社,PMO ITインフラ・アプリ案件多数／平均年俸700万～800万円／リモート案件多数／残業年15h程,東京都 中央区 新富町駅 徒歩7分,年収550万円～,2時間前,エン転職
株式会社悟空テクノロジーズ,これからの時代に IT事務 って結構イイかも メンバー全員20代,東京都 港区 新橋駅 徒歩3分,月給20万円～60万円,6日前,マイナビ転職
株式会社ピーズエンジニアリング,ITサポート,東京都 新宿区 新宿駅 徒歩10分,"月給23万7,000円",6日前,type
WealthPark株式会社,年収450万～650万／フィールドセールス 事業拡大中のグローバルITスタートアップ「オルタナティブ...,東京都 渋谷区,年収450万円～650万円,13日前,LIBZ
株式会社助太刀,フィールドセールス／IT業界未経験歓迎／建設×SaaSのリーディングカンパニー,"東京都 渋谷区 渋谷駅                                                                                                                                                                    




渋谷駅の求人
をすべて見る",年収400万円～700万円,公開していません,Geekly
株式会社エス・エム・エス,フィールドセールス 16期連続増収増益のプライム上場ITメガベンチャーにて介護事業者の経営課題を解決...,"東京都 港区                                                                                                                                                                    




株式会社エス・エム・エスの求人
をすべて見る",年収400万円～600万円,13日前,LIBZ
株式会社hacomono,SMB向けフィールドセールス 自社開発SaaS フィットネス×IT,東京都 豊島区,年収400万円～800万円,2日前,リクルートエージェント
株式会社Wiz,営業／企画営業 最適なエネルギー利用で企業の活性化やSDGs促進に貢献!フィールドセールス募集,"東京都 文京区 新大塚駅 徒歩1分                                                                                                                                                                    




株式会社WiZの求人
をすべて見る",月給25万円～50万円,公開していません,株式会社Wiz
株式会社アクシバース,フィールドセールス／業務効率化×ITのサービスで労働人口減少の社会課題に貢献するSaaS企業,東京都 千代田区,年収400万円～700万円,2日前,en ミドルの転職
CBcloud株式会社,リモート&フレックスOK!フィールドセールス メディア注目度高!,東京都 千代田区 秋葉原駅,年収400万円～550万円,14日前,LIBZ
株式会社スタディスト,フィールドセールス／業界No.1サービス／IT未経験可,東京都 千代田区,年収500万円～800万円,7日前,パソナキャリア
株式会社ダイレクトクラウド,自社開発クラウドサービスを展開／法人営業・フィールドセールス,東京都 港区 大門駅 徒歩5分,"月給33万円～58万4,000円",21日前,リクナビNEXT
株式会社タイミー,フィールドセールス・カスタマーサクセス,東京都,年収360万円～700万円,22日前,U29JOB
株式会社ブレイン・ラボ,フィールドセールス／業界No.1の導入実績の人材紹介管理システム／リモート勤務可,東京都 港区 田町駅,年収350万円～600万円,15日前,doda
SATORI株式会社,フィールドセールス,東京都 渋谷区 渋谷駅 徒歩7分,年収440万円～800万円,10日前,マイナビAGENT
株式会社EVERRISE,ITセールス,東京都 港区 六本木駅 徒歩3分,年収500万円～700万円,17日前,U29JOB
株式会社アイデンティティー,東京 営業 フィールドセールス部,東京都 新宿区,年収350万円～500万円,2日前,Green
株式会社YOUTRUST,フィールドセールス,東京都 渋谷区 神泉駅 徒歩5分,年収350万円～650万円,1日前,Green
イタンジ株式会社,SaaSセールス・コンサルティングセールス ITで不動産領域の変革を狙う超急成長ベンチャー,東京都 港区 六本木一丁目駅,年収380万円～700万円,12日前,doda
株式会社リセ,フィールドセールス 法務業務を支援するSaaS 土日祝休 リモート可 残業20h未満,東京都 中央区,年収300万円～500万円,11日前,doda
株式会社スマートドライブ,THE MODEL型組織でモビリティSaaSのフィールドセールス募集,東京都 千代田区,"年収600万円～1,299万円",1日前,en ミドルの転職
Tangerine株式会社,フィールドセールス・カスタマーサクセス,東京都 港区 白金高輪駅 徒歩8分,年収350万円～550万円,3日前,doda
株式会社カオナビ,人材管理プラットフォーム「カオナビ」のフィールドセールス 年収400～500万円／副業推奨,東京都 港区,年収400万円～500万円,5日前,en ミドルの転職
株式会社ギャプライズ,海外最先端ITソリューション／画像認識AIテクノロジーの新規立ち上げ,東京都 新宿区 新宿駅,年収420万円～700万円,19日前,doda
アガサ株式会社,フィールドセールス 自社開発の製薬・医療向けクラウド型システム,東京都 中央区 茅場町駅,年収400万円～600万円,12日前,doda
株式会社メタリアル,フィールドセールスマネージャー候補,東京都 千代田区 九段下駅 徒歩3分,年収300万円～700万円,1日前,Green
株式会社アンドパッド,建設業界をITで変革 利用社数33万社を誇る優良SaaS企業,東京都 千代田区 秋葉原駅,年収450万円～660万円,11日前,doda
株式会社ショーケース,フィールドセールス,東京都 港区 六本木一丁目駅,年収400万円～600万円,17日前,doda
株式会社ラフール,リーダー候補／フィールドセールス ローンチ2年半で導入1000社,東京都,年収500万円～650万円,公開していません,キャリフレ
sweeep株式会社,フィールドセールス,東京都 渋谷区 渋谷駅 徒歩5分,年収400万円～600万円,6日前,Green
株式会社ecbeing,Eビジネスフィールドセールス,東京都 渋谷区 渋谷駅 徒歩6分,年収400万円～700万円,公開していません,U29JOB
株式会社LITALICO,福祉施設向けのフィールドセールス 児童福祉・障がい福祉分野の課題解決 充実の研修,東京都 目黒区 中目黒駅 徒歩1分,"月給24万8,000円～",7日前,エン転職
HENNGE株式会社,フィールドセールス／マネージャー クラウド型メール配信サービス,東京都 渋谷区,年収460万円～750万円,13日前,リクルートエージェント
アデコ株式会社,ヘルスケア×ITベンチャーでの営業,東京都 港区 日の出駅 徒歩7分                                                                                                                                                                その他 (2),"時給1,800円～",公開していません,Adecco 派遣
株式会社ジーネクスト,フィールドセールス 顧客対応DXを支援!直販・販売代理店体制強化のための戦略～実行までをお任せします,東京都,年収400万円～800万円,公開していません,キャリフレ
株式会社サイエンスアーツ,営業／介護フィールドセールス,東京都 新宿区 神楽坂駅 徒歩6分,年収400万円～800万円,1日前,Green
株式会社アサーティブ,「HRTech×SaaS」フィールドセールス募集!／残業月平均15時間／リモートOK,東京都 港区 虎ノ門ヒルズ駅 徒歩2分,公開していません,公開していません,株式会社アサーティブ
株式会社LegalForce,フィールドセールス ～AI×法務「国内初リーガルテック」SaaS企業～,東京都 江東区,年収650万円～900万円,17日前,doda
株式会社パソナ,IT業界 営業／営業アシスタント,東京都 港区 三田駅 徒歩4分,"時給1,960円",3日前,パソナJOBサーチ
株式会社HERP,フィールドセールス担当,東京都 品川区,年収350万円～700万円,公開していません,SB Human Capital 転職エージェント
株式会社インターパーク,インサイドセールス&フィールドセールス 東京オフィス,東京都 渋谷区 渋谷駅 徒歩1分,年収310万円～610万円,19時間前,Green
株式会社テンダ,プリセールス・セールスエンジニア 自社パッケージ提案営業／インサイド・フィールド選択可,東京都 豊島区 池袋駅,公開していません,1日前,レバテックキャリア
アライドアーキテクツ株式会社,フィールドセールス,東京都 渋谷区,年収400万円～700万円,公開していません,パソナキャリア
Chatwork株式会社,フィールドセールス 33万社以上に導入されたSaaS「Chatwork」／月1回出社,東京都 港区 御成門駅,年収400万円～600万円,12日前,doda
paiza株式会社,フィールドセールス,東京都 港区 外苑前駅,年収400万円～700万円,17日前,doda
ウェルネス・コミュニケーションズ株式会社,健康管理サービスのフィールドセールス～SOMPOホールディングス等が出資／急成長のヘルスケア領域～,東京都 港区 六本木一丁目駅,年収450万円～600万円,17日前,doda
株式会社クラウドワークス,フィールドセールス／働き方改革を促進するSaaS「クラウドログ」営業／少数チームでサービス拡大を推進,東京都 渋谷区 恵比寿駅,年収400万円～800万円,17日前,doda
株式会社オンリーストーリー,フィールドセールス,東京都 渋谷区 恵比寿駅 徒歩3分,月給29万円～60万円,13日前,type
株式会社ジーニー,SFA・CRMプロダクトのフィールドセールス,東京都 新宿区 西新宿駅,"年収600万円～1,200万円",公開していません,doda
株式会社RevComm,フィールドセールス 急成長SaaS「MiiTel」,東京都 渋谷区 渋谷駅,年収600万円～900万円,16日前,doda
株式会社Brushup,フィールドセールス／制作物フィードバッククラウドサービス「Brushup」,東京都 品川区,年収400万円～800万円,4日前,doda
ユニファ株式会社,フィールドセールス,東京都 千代田区 飯田橋駅,年収350万円～550万円,19日前,doda
株式会社ヒューマンサイエンス,BtoB WEBマーケティング フルリモート／IT分野SaaS／月平均残業20h,東京都 新宿区,年収500万円～650万円,7日前,リクルートエージェント
株式会社グローバー,食×IT×メンテナンス×領域でSaasの法人営業 DXで飲食業界の課題を解決,東京都 千代田区 岩本町駅,年収450万円～550万円,16日前,doda
スプリームシステム株式会社,フィールドセールス／自社マーケティングツール,東京都 豊島区 池袋駅,年収600万円～900万円,18日前,doda
株式会社マネーフォワード,フィールドセールス 「日本No.1お金のサービスを創り上げる」,東京都,"年収400万円～1,000万円",公開していません,Spring転職エージェント
株式会社CastingONE,フィールドセールス 第二創業期・シリーズA突入のHR系SaaSベンチャー企業,東京都 渋谷区,年収360万円～600万円,13日前,doda
booost technologies株式会社,フィールドセールス 脱炭素社会実現に向けた自社クラウドサービスの拡販がメインミッション,東京都 千代田区,"年収400万円～1,000万円",18日前,doda
株式会社DATAFLUCT,フィールドセールス 「JAXAベンチャー」認定／データサイエンス事業,東京都 千代田区 半蔵門駅,年収400万円～500万円,18日前,doda
パーソルプロセス&テクノロジー株式会社,39-1  IT×営業×プロセスデザインで顧客ビジネス拡大に貢献,東京都 江東区,年収430万円～500万円,2日前,マイナビAGENT
株式会社KiteRa,事業会社向け新規サービス／フィールドセールス,東京都 港区 青山一丁目駅 徒歩6分,年収500万円～,17時間前,Green
Ubie株式会社,フィールドセールス&サクセス ～医療×AI「AI問診Ubie 」～,東京都 中央区,"年収600万円～1,000万円",17日前,doda
株式会社オープンエイト,「Video BRAIN」のフィールドセールス アジアTOP100!,東京都 渋谷区,年収500万円～600万円,13日前,LIBZ
株式会社visumo,フィールドセールス,東京都 渋谷区,公開していません,公開していません,マイナビAGENT
株式会社リアステージ,ITコンサルティングセールス／第二新卒・未経験活躍中,東京都 新宿区 新宿駅,"月給26万円～43万8,000円",27日前,株式会社リアステージ
株式会社SUPER STUDIO,法人向けECプラットフォーム「ecforce」のフィールドセールス／導入企業数500ショップ超～,東京都 品川区 目黒駅,年収650万円～850万円,15日前,doda
株式会社COMPASS,フィールドセールス,東京都 文京区 後楽園駅,年収500万円～900万円,16日前,doda
株式会社エムエム総研,キャリアアドバイザー 応募数増加中のIT／SaaS系企業に特化,東京都 新宿区 東新宿駅 徒歩3分,年収350万円～550万円,21日前,Green
株式会社インゲージ,フィールドセールス,東京都 新宿区,年収400万円～600万円,16日前,doda
株式会社メドレー,フィールドセールス／歯科医院向けクラウド型の業務支援システム「Dentis」,東京都 港区 六本木一丁目駅,年収450万円～700万円,12日前,doda
株式会社カケハシ,インサイドセールス担当／ITの力で医療的課題を解決するベンチャー,東京都 中央区 東銀座駅,年収470万円～650万円,11日前,doda
ギークス株式会社,クライアントセールス／最適なIT人材を提案,東京都 渋谷区 渋谷駅,年収400万円～600万円,11日前,doda
株式会社オプロ,フィールドセールス 業界トップクラスのシェア,東京都 中央区 宝町駅,年収350万円～500万円,13日前,doda
株式会社ライトワークス,大企業向けITソリューション営業担当,東京都 千代田区 麹町駅,年収400万円～550万円,14日前,doda
株式会社ラクス,楽楽販売 フィールドセールス／成長段階の組織に携わることが可能,東京都 渋谷区,年収431万円～585万円,13日前,リクルートエージェント
株式会社スリーシェイク,SaaS×ITインフラ企業の人材紹介サービス,東京都 新宿区,年収500万円～700万円,公開していません,リクルートエージェント
スマートキャンプ株式会社,SaaS企業のフィールドセールス／採用管理／株式会社HERP,東京都 品川区 五反田駅 徒歩10分,年収560万円～840万円,6日前,スマートキャンプ株式会社
キャディ株式会社,フィールドセールス,東京都 台東区 浅草橋駅,年収400万円～750万円,17日前,doda
弁護士ドットコム株式会社,フィールドセールス ～急成長中のSaaS事業「電子契約サービス」の導入提案」～,東京都 港区 六本木一丁目駅,年収450万円～761万円,13日前,doda
株式会社ガーディアン,未経験からIT業界へ 営業 WEBコンサル,東京都 中央区 宝町駅 徒歩1分,月給25万円～60万円,3日前,はたらいく
コネクシオ株式会社,フィールドセールスエンジニア,東京都 港区 神谷町駅,年収480万円～700万円,17日前,doda
w2ソリューション,フィールドセールス,東京都,公開していません,公開していません,type 転職エージェント
w2ソリューション株式会社,フィールドセールス／SaaS担当,東京都 中央区 東銀座駅,年収400万円～650万円,公開していません,Geekly
モノグサ株式会社,営業企画 フィールドセールスの戦略設計・組織作り／急成長記憶定着SaaS企業,東京都 千代田区,"年収500万円～1,150万円",公開していません,リクルートエージェント
レバレジーズ株式会社,インサイドセールス担当／IT領域,東京都,公開していません,3日前,レバレジーズ株式会社
エッジテクノロジー株式会社,IT業界未経験歓迎 インサイドセールス／SDR AI特化の事業／リモートワーク,東京都 千代田区,年収350万円～450万円,21日前,リクルートエージェント
株式会社ナレッジラボ,フィールドセールス,東京都 港区,年収400万円～700万円,13日前,リクルートエージェント
株式会社エクサウィザーズ,フィールドセールス フルリモート可／AIスタートアップ,東京都 港区,"年収480万円～1,200万円",公開していません,リクルートエージェント
株式会社アースリンク,リモート可 フィールドセールス 残業平均20h以下／転勤なし／土日祝休み,東京都 多摩市 小田急永山駅,年収350万円～500万円,13日前,doda
株式会社ネクストビート,「保育士バンク!」一気通貫型 アドバイザー ITで社会課題の解決を目指す成長ベンチャー,東京都,年収510万円～840万円,公開していません,キャリフレ
株式会社ウェルモ,フィールドセールス,東京都 千代田区 内幸町駅 徒歩4分,年収360万円～480万円,公開していません,U29JOB
株式会社プリバテック,自社製品・サービスのフィールドセールスエンジニア,東京都 品川区 新馬場駅,年収300万円～700万円,14日前,doda
ファインディ株式会社,フィールドセールス,東京都 品川区 五反田駅 徒歩12分,年収400万円～700万円,公開していません,Green
株式会社with,マーケティング領域でのフィールドセールス,東京都 千代田区 御茶ノ水駅 徒歩6分,年収450万円～650万円,公開していません,株式会社with
株式会社ファミトラ,フィールドセールス,東京都 港区 六本木駅,年収480万円～960万円,11日前,doda
株式会社アヴァンザ,ソリューション営業 顧客のニーズをITソリューションで解決,東京都 渋谷区,年収360万円～,公開していません,リクルートエージェント
株式会社データビークル,フィールドセールス 大手企業などのデータ分析・活用を支援／統計学×SaaS,東京都 港区,年収540万円～800万円,14日前,doda
スパイダープラス株式会社,フィールドセールス 部長候補,東京都 港区 虎ノ門ヒルズ駅,"年収700万円～1,050万円",公開していません,Geekly
株式会社DONUTS,ジョブカンApps フィールドセールス 外勤営業,東京都 新宿区 新宿駅 徒歩3分,年収350万円～550万円,3日前,Green
さくらインターネット株式会社,フィールドセールス,東京都 新宿区,"年収800万円～1,100万円",13日前,パソナキャリア
ITRA株式会社,IT×教育／研修管理システムSaaSの営業～導入サポート／新規営業なし,東京都 渋谷区 渋谷駅,年収300万円～600万円,16日前,doda
株式会社ベーシック,フィールドセールス,東京都 千代田区,年収624万円～930万円,公開していません,株式会社 Billage
GLナビゲーション株式会社,DXコンサルファームのフィールドセールス,東京都,年収500万円～999万円,2日前,en ミドルの転職
ブリッジインターナショナル株式会社,内勤営業・カウンターセールス IT知識が身に付くワンランクアップの内勤営業 土日祝休み 在宅勤務可,東京都 世田谷区 三軒茶屋駅 徒歩3分,月給22万円～25万円,公開していません,ブリッジインターナショナル株式会社
株式会社MICIN,事業企画・推進／ビジネスリード ～医療×ITのスタートアップ企業～,東京都 千代田区,"年収600万円～1,100万円",17日前,doda
株式会社アプトポッド,あらゆる製造業分野に自社IoT製品でDXをもたらしたいフィールドセールス募集,東京都 新宿区,年収550万円～900万円,1日前,en ミドルの転職
メディアリンク株式会社,フィールドセールス ～ベストベンチャー100選出企業／大手顧客利用多数／在宅勤務OK～,東京都 港区,年収350万円～500万円,11日前,doda
Micoworks株式会社,フィールドセールス,東京都 千代田区,"年収700万円～1,000万円",12日前,doda
株式会社ビズリーチ,フィールドセールス,東京都 渋谷区 渋谷駅,年収500万円～600万円,15日前,doda
株式会社ユーザベース,SPEEDA-フィールドセールス,東京都,公開していません,17日前,type 転職エージェント
株式会社パシフィックメディカル,フィールドセールス～病院向け電子カルテ「MALL」,東京都 港区 六本木一丁目駅,年収500万円～800万円,3日前,doda
株式会社スカイディスク,フィールドセールス／成長企業中のベンチャー企業,東京都 千代田区,年収400万円～650万円,12日前,doda
ピーシーフェーズ株式会社,人材育成SaaSのフィールドセールス,東京都 渋谷区 渋谷駅,年収500万円～800万円,6日前,doda
株式会社ルーチェ,フィールドセールス 自社サービスや求人媒体など幅広く提案／採用成功 事業成長へと貢献できるやりがい,東京都 新宿区 新宿御苑前駅 徒歩7分,月給25万円～50万円,14日前,エン転職
アウモ株式会社,フィールドセールス#自社サービス#国内最大級のおでかけ情報サービス「aumo」,東京都 新宿区 都庁前駅,年収400万円～900万円,11日前,doda
株式会社Sprocket,フィールドセールス,東京都 目黒区,"年収600万円～1,000万円",11日前,doda
株式会社デンシトロン 大田区大森,インサイドセールス IT系／放送業界の営業経験者歓迎,東京都 大田区 大森駅,年収450万円～550万円,公開していません,株式会社デンシトロン
株式会社灯火,営業／企画営業 フィールドセールス,東京都 千代田区 神保町駅 徒歩7分,年収414万円～480万円,公開していません,株式会社灯火
テックタッチ株式会社,アカウントエグゼクティブ／IT業界未経験者OK,東京都 港区 虎ノ門駅,年収600万円～840万円,公開していません,Geekly
株式会社LMK,上場を目指すスタートアップIT企業のセールス,東京都 渋谷区,年収360万円～600万円,公開していません,株式会社LMK
株式会社電脳交通,フィールドセールス,東京都 渋谷区,年収500万円～700万円,13日前,doda
ファーストループテクノロジー株式会社,ITソリューション営業 スマートな社会を目指しデジタルループ化を推進,東京都 千代田区 有楽町駅,年収447万円～680万円,16日前,doda
ClipLine株式会社,フィールドセールス,東京都 品川区,年収600万円,公開していません,株式会社 Billage
XMile株式会社,フィールドセールス／物流業界特化の人材会社／残業20時間程度,東京都 新宿区,年収500万円～800万円,13日前,doda
株式会社エス・エス・シービジネスサポート,英語活かせる DX化関連ITサービスの海外営業／国籍不問,東京都 千代田区,"月給30万5,946円～66万6,666円",22日前,株式会社エス・エス・シービジネスサポート
株式会社プラスアルファ・コンサルティング,フィールドセールス／タレントマネジメントシステム「タレントパレッット」,東京都 港区 汐留駅,年収420万円～700万円,17日前,doda
株式会社ヒューマネージ,フィールドセールス／シェアNo.1のHR Tech企業で「人材戦略」の課題解決／業界未経験歓迎,東京都 千代田区 永田町駅,年収370万円～500万円,公開していません,doda
株式会社TAPP,投資用不動産フィールドセールス 不動産×webマーケで300%成長のベンチャー 服装自由,東京都 港区 品川駅,"年収600万円～1,500万円",17日前,doda
ユームテクノロジージャパン株式会社,フィールドセールス ～世界100万社以上で導入実績～,東京都 渋谷区,"年収650万円～1,200万円",16日前,doda
HRクラウド株式会社,フィールドセールス 自社開発の人材系クラウド オンライン商談,東京都 千代田区 神保町駅 徒歩1分,月給25万円～,7日前,ベストマッチ
パーソルエクセルHRパートナーズ株式会社,病院／介護施設向けIT製品のフィールドエンジニア,東京都 町田市 南町田グランベリーパーク駅 徒歩11分,"時給1,800円",6日前,ジョブチェキ！
テクバン株式会社,ITソリューション・インサイドセールス～平均残業時間20時間／自社クラウドサービス有～,東京都 港区 芝浦ふ頭駅,年収400万円～600万円,15日前,doda
日本リビング保証株式会社,住宅事業者向けITソリューション営業,東京都 渋谷区 初台駅,年収420万円～650万円,15日前,doda
ローソンスタッフ株式会社,インターンシップ／ITベンチャーで新部署立ち上げ!思考力・行動力を磨く営業インターン,東京都 千代田区 神保町駅 徒歩6分,"時給1,200円～",公開していません,ゼロワンインターン
株式会社Works Human Intellig...,ITスペシャリスト ～フルリモートワーク／国内最大級人事パッケージ開発ベンダー～,東京都,年収550万円～850万円,公開していません,Spring転職エージェント
株式会社Blueship,IT系総合職,東京都 渋谷区 渋谷駅 徒歩7分,月給22万円～,6日前,type
株式会社HR Force,インターンシップ／フィールド新規営業／人材系ITベンチャーで「内定直結」インターン,東京都 港区 浜松町駅 徒歩1分,"時給1,200円～",2日前,ゼロワンインターン
リアステージ,SaaS商材のフィールドセールス,東京都 渋谷区 渋谷駅,年収400万円～800万円,27日前,リアステージ
KSG株式会社,パートナー営業 IT専門商社にて主力製品の販売企画をお任せ,東京都 千代田区,年収400万円～800万円,公開していません,リクルートエージェント
PwCコンサルティング合同会社,ITコンサルタント／Salesforceコンサルタント パッケージソフトコンサルタント,東京都 千代田区 東京駅,年収576万円～,1日前,レバテックキャリア
株式会社&ath,ITソリューション営業,東京都 千代田区 半蔵門駅 徒歩3分,年収300万円～500万円,28日前,Green
トランス・コスモス株式会社,社内ITコンサルタント,東京都 豊島区,"年収600万円～1,000万円",公開していません,パソナキャリア
株式会社セラク,IT業界未経験者歓迎! Salesforceエンジニア,東京都 新宿区,年収300万円～600万円,公開していません,マイナビAGENT
株式会社フレクト,自社IoTアプリケーション「Cariot」におけるフィールドセールス,東京都 港区,年収630万円～750万円,公開していません,株式会社フレクト
株式会社Billage,フィールドセールス,東京都 千代田区,年収624万円～930万円,公開していません,株式会社Billage
イグニション・ポイントフォース株式会社,IT提案営業,東京都 渋谷区 渋谷駅 徒歩5分,年収120万円,9日前,type
コニカミノルタマーケティングサービス株式会社,ITコンサルタント BPO事業やSDPF事業などを横断したソリューションの提案と営業活動,東京都 中央区 茅場町駅,"年収600万円～1,200万円",公開していません,レバテックキャリア
株式会社Sun Asterisk,ITコンサルタント ビジネスデザイン～エンジニアリングを支援／課題整理や解決策の仮説構築,東京都 千代田区 大手町駅,"年収800万円～1,200万円",公開していません,レバテックキャリア
スマカン株式会社,フィールドセールスの募集!SaaS×HRプロダクト,東京都 大田区 大森駅 徒歩4分,年収400万円～800万円,17時間前,Green
ユミルリンク株式会社,クラウドサービスの法人営業 フィールドセールス 管理職候補,東京都 新宿区 新宿駅 徒歩3分,年収500万円～650万円,5日前,Green
株式会社よりそう,新規事業営業 ～IT×葬儀／ForbesJAPAN社会貢献賞受賞／お客満足度94%～,東京都 品川区 五反田駅,年収550万円～600万円,11日前,doda
株式会社FAN・DREAM 水天宮前オフィス,IT系ソリューション営業c,東京都 中央区,月給40万円～50万円,公開していません,株式会社FAN・DREAM
X Mile株式会社,インサイドセールス 創業期のITスタートアップで成長したい方募集中,東京都 新宿区 新宿三丁目駅 徒歩8分,年収300万円～600万円,公開していません,かんたん応募
S&J株式会社,ソリューション営業／ハイレイヤー向け ITセキュリティ／自社製品／上場準備中,東京都 港区,"年収600万円～1,000万円",24日前,リクルートエージェント
AXIS合同会社,SE VR・ARエンジニア・開発エンジニア・ITエンジニア・サーバーサイドエンジニア,東京都 品川区                                                                                                                                                                その他 (5),月給25万円～48万円,5日前,AXIS合同会社
イグニション・ポイント インサイト株式会社,SI事業:フィールドセールス,東京都 渋谷区 渋谷駅 徒歩5分,年収300万円～680万円,公開していません,マイナビAGENT
株式会社Matchbox Technologies,営業／企画営業 フィールドセールス／インサイドセールス,東京都 千代田区 御茶ノ水駅 徒歩11分,月給30万円～60万円,公開していません,株式会社Matchbox Technologies
株式会社ドクターネット,b01. 遠隔読影フィールドセールス,東京都 港区,公開していません,24日前,マイナビAGENT
キラメックス株式会社,企業向けプログラミング研修サービスのフィールドセールス,東京都 渋谷区,年収300万円～840万円,公開していません,Education Career
キャリフレ,ルートセールス 医療機関の業務効率化を支援する「ユビーAI問診」のフィールドセールス,東京都 中央区,"年収500万円～1,000万円",22日前,キャリフレ
オリオンSP株式会社,駅近く!IT関連小学校ヘルプデスク,東京都 三鷹市 三鷹台駅,"時給1,500円～",公開していません,オリオンSP株式会社
SALES ROBOTICS株式会社,フィールドセールス リモートOK／営業支援サービスで顧客の課題解決,東京都 中央区,年収400万円～500万円,19時間前,リクルートエージェント
株式会社Mobility Technologies,フィールドセールス,東京都 港区,年収350万円～700万円,7日前,パソナキャリア
アクセンチュア株式会社,ITコンサルタント／Salesforceコンサルタント 業界問わない大規模案件,東京都 千代田区 溜池山王駅,"年収400万円～1,500万円",1日前,レバテックキャリア
Instagramマーケティングに強みを持つ新進...,フィールドセールス／Web制作会社,東京都 品川区,年収300万円～650万円,17日前,マスメディアン
株式会社チュートリアル,フィールドセールス,東京都 中央区,年収420万円～720万円,7日前,ワークポート
インヴェンティット株式会社,フィールドセールス 自社SaaSプロダクト,東京都 千代田区,年収350万円～500万円,20日前,パソナキャリア
株式会社じげん,フィールドセールス,東京都 港区,年収350万円～550万円,公開していません,パソナキャリア
株式会社CataluJAPAN,ITコンサルタント,東京都 新宿区 新宿駅,年収350万円～800万円,13日前,株式会社CataluJAPAN
株式会社アイリッジ,フィールドセールス,東京都,"年収602万円～1,200万円",26日前,Spring転職エージェント
UcarPAC株式会社,内勤営業・カウンターセールス ノルマなし!でもスキルを上げていきたい リード顧客への営業,東京都 江戸川区 葛西駅 徒歩4分,年収300万円～700万円,公開していません,UcarPAC株式会社
ソニービズネットワークス株式会社,東京:フィールドセールス 法人向けクラウドサービス,東京都 渋谷区,年収400万円～500万円,4時間前,リクルートエージェント
ベストパートナー株式会社,ITセールスエンジニア,東京都 港区 浜松町駅 徒歩6分,月給18万円～25万円,公開していません,ベストパートナー株式会社
日鉄ソリューションズ株式会社,ITセールス NWインテグレーション／営業,東京都 港区 虎ノ門ヒルズ駅,年収710万円～,公開していません,日経転職版
株式会社TableCheck,在宅勤務可 フィールドセールス 急成長!飲食店向け予約・顧客管理システム,東京都 中央区,年収400万円～600万円,公開していません,リクルートエージェント
株式会社TYL,ITでペットの家族化を推進する会社の事務・サポート,東京都 港区 芝公園駅 徒歩5分,"時給1,400円",公開していません,かんたん応募
株式会社ユーザーローカル,フィールドセールス,東京都 品川区,年収448万円～798万円,公開していません,リクルートエージェント
テテマーチ株式会社,SINIS BizDevチーム フィールドセールス,東京都 目黒区,年収450万円～600万円,18日前,マイナビAGENT
株式会社アイデミー,フィールドセールス／SMB領域 急成長AIベンチャー／リモートワーク可,東京都 千代田区,年収380万円～530万円,公開していません,リクルートエージェント
株式会社スタッフサービス,ITサポート,東京都 港区 虎ノ門駅 徒歩3分,"月給23万5,000円～",5日前,株式会社スタッフサービス エンジニアリング事業本部
株式会社ヤプリ,フィールドセールス,東京都 港区 六本木一丁目駅 徒歩3分,年収400万円～700万円,公開していません,U29JOB
ツクリンク株式会社,フィールドセールス フルリモート可能,東京都 港区,公開していません,5日前,マイナビAGENT
株式会社SmartHR,フィールドセールス／急成長の労務管理SaaSプロダクト,東京都 港区,公開していません,公開していません,マイナビAGENT
株式会社クニエ,インダストリー（金融サービス／戦略コンサルティング、業務プロセスコンサルティング,東京都,公開していません,1日前,クニエ
株式会社アソウ・アルファ,技術営業・セールスエンジニア／フィールド,東京都 新宿区,公開していません,24日前,マイナビAGENT
株式会社PKSHA Communication,第二新卒歓迎! フィールドセールス 国内シェアNo.1FAQツール／月曜午前休,東京都 渋谷区,年収400万円～650万円,18時間前,リクルートエージェント
株式会社オープンロジ,フィールドセールス:27.5億円資金調達完了の物流SaaS企業／競合少／ご意欲重視,東京都 豊島区,年収400万円～700万円,公開していません,リクルートエージェント
株式会社エボラブルアジアエージェント,フィールドセールス,東京都 港区,"月給24万8,203円～",2日前,株式会社エボラブルアジアエージェント
株式会社CAMI&Co.,フィールドセールス,東京都 品川区 五反田駅 徒歩3分,"月給26万606円～71万6,667円",公開していません,ハローワーク品川
ジーアイクラウド株式会社,営業 フィールドセールス,東京都 港区 白金高輪駅,年収500万円～900万円,26日前,Green
株式会社ユニエイム,POSサービス事業部 フィールドセールス,東京都 港区 広尾駅,年収400万円～600万円,公開していません,Geekly
アドバンサー株式会社,フィールドセールス 1000万プレイヤー多数／急成長中企業,東京都 渋谷区,月給22万円～70万円,16日前,アドバンサー株式会社
KIYOラーニング株式会社,フィールドセールス／営業マネージャ／マネージャ候補,東京都 千代田区,"年収600万円～1,000万円",公開していません,Education Career
株式会社DFA Robotics,営業／企画営業 フィールドセールス 配膳ロボットの導入提案,東京都 港区 新橋駅 徒歩1分,月給25万円～35万円,28日前,株式会社DFA Robotics
Wematch,法人営業,東京都 新宿区                                                                                                                                                                その他 (8),年収400万円～600万円,16時間前,Wematch
アイティメディア株式会社,インサイドセールス,東京都 千代田区 麹町駅 徒歩6分,年収450万円～615万円,14日前,U29JOB
ライフイズテック株式会社,ソリューションセールス,東京都 港区 白金高輪駅 徒歩5分,年収400万円～700万円,2日前,U29JOB
株式会社Kiva,営業企画マネージャー,東京都 世田谷区,"年収600万円～1,000万円",2日前,ワークポート
株式会社Hacobu,SaaSセールス 業界未経験歓迎,東京都 港区,年収400万円～800万円,1日前,パソナキャリア
株式会社ディーバ,インサイドセールス,東京都 港区 品川駅 徒歩4分,年収400万円～650万円,公開していません,U29JOB
株式会社グッドパワー,法人営業,東京都 千代田区,年収564万円～810万円,16時間前,株式会社グッドパワー
株式会社シーイーシー,港区品川勤務／プライム市場上場／国内シェアNo.1を誇る自社製品,東京都 港区,年収400万円～700万円,1日前,マイナビAGENT
UPWARD株式会社,アカウントエグゼクティブ／国内実績No.1の地図連携クラウドサービス,東京都 中央区,年収500万円～800万円,18日前,マイナビAGENT
株式会社ギブリー,セールス,東京都 渋谷区 神泉駅 徒歩5分,年収480万円～720万円,公開していません,U29JOB
株式会社イスト,インサイドセールスポジション,東京都 港区,年収400万円～600万円,1日前,株式会社イスト イストワークス事業本部
パーソルホールディングス株式会社,企業・法人向けBtoBマーケティング,東京都 港区,月給30万円～52万円,公開していません,【公式】ワーママ転職ならママリブラ
ポスタス株式会社,インサイドセールス,東京都 中央区,年収390万円～450万円,1日前,en ミドルの転職
株式会社READY TO FASHION,セールスを内側から加速させる、インサイド担当,東京都 渋谷区,公開していません,7日前,READY TO FASHION
株式会社H.M.マーケティングリサーチ,マクロミル・博報堂の合弁会社,東京都 中央区,公開していません,12日前,マイナビAGENT
株式会社インフォメーション・ディベロプメント,インサイドセールス,東京都 千代田区,年収400万円～600万円,公開していません,マイナビAGENT
株式会社JSOL,MDMおよび業務効率化のソリューション営業,東京都 中央区 勝どき駅 徒歩8分,年収500万円～700万円,14日前,U29JOB
アクロニス・ジャパン株式会社,Cloud Inside Sales Representative,東京都,"年収800万円～1,100万円",公開していません,日経転職版
株式会社PIGNUS,Webマーケティングセールス,東京都 千代田区 半蔵門駅 徒歩5分,年収360万円～600万円,6日前,Green
株式会社Bridge,新規営業 SEO対策を提案しクライアント企業の事業課題を解決／リモートワーク可,東京都 渋谷区,年収500万円～800万円,3日前,doda
株式会社ワークスアプリケーションズ,インサイドセールス,東京都 千代田区,"年収500万円～1,000万円",15日前,doda
パソナ東京キャリアセンター,営業／営業アシスタント,東京都 港区,"時給1,960円",28日前,イーアイデム
GMO ReTech株式会社,アカウントプランナー,東京都 渋谷区 渋谷駅 徒歩5分,月給20万円～,16時間前,U29JOB
株式会社グッドパッチ,海外事業開発,東京都 渋谷区,年収600万円～900万円,5日前,ワークポート
株式会社サイバーセキュリティクラウド,SaaS×AI×サイバーセキュリティ／マザーズ上場／在宅可／残業30h以下,東京都 品川区 目黒駅,年収400万円～700万円,17日前,doda
デジタルデータソリューション株式会社,2022 新卒採用 ソフトウェア・情報処理,東京都 港区,"月給27万8,000円～",公開していません,Cheer Career
クラウドエース株式会社,プリセールス,東京都 千代田区 大手町駅 徒歩2分,"年収600万円～1,200万円",17日前,U29JOB
株式会社スマートショッピング,インサイドセールス リモートワーク実施中／IoTを駆使して在庫管理,東京都 品川区 五反田駅 徒歩5分,"月給41万7,000円～",公開していません,女の転職type
株式会社CARTA HOLDINGS,テレビCMサービスで顧客のマーケティング課題を解決,東京都 渋谷区 渋谷駅,年収402万円～540万円,3時間前,doda
ネットギアジャパン合同会社,セールス,東京都 中央区 京橋駅 徒歩1分,年収450万円～600万円,20日前,Daijob.com
パナソニック株式会社,インサイドセールスマネージャー,東京都 港区 御成門駅 徒歩3分,年収600万円～900万円,12日前,タイズ
パナソニックグループ,工務店向けクラウドsumgooインサイドセールスマネージャー,東京都 港区,公開していません,20日前,マイナビAGENT
株式会社アバント,インサイドセールス,東京都 港区,年収400万円～600万円,公開していません,パソナキャリア
株式会社ウィルゲート,セールス TACT 急成長中の新規事業／経営者の挑戦機会を最大化／リモート可,東京都 港区,"年収600万円～1,000万円",13時間前,リクルートエージェント
株式会社エイト,IT・WEB人材マッチング専門の人材コーディネーター／年間休日123日／副業可,東京都 渋谷区,公開していません,9日前,マイナビAGENT
株式会社モンスター･ラボ,インサイドセールス,東京都 渋谷区 恵比寿駅 徒歩7分,年収400万円～600万円,2日前,CREATIVE JOB
TOWN株式会社,法人営業リーダー 経理領域のDXを推進するSaaS／新規事業をリード,東京都 中央区,年収500万円～700万円,6日前,リクルートエージェント
株式会社WACUL,マーケティング部門責任者候補,東京都 千代田区,年収450万円～800万円,11日前,doda
株式会社アール・アンド・エー・シー,インサイドセールス,東京都 中央区 東日本橋駅 徒歩1分,"月給33万7,891円～",公開していません,U29JOB
Thinkings株式会社,インサイドセールス,東京都 中央区 新日本橋駅,年収380万円～500万円,20日前,パソナキャリア
クリエイティブサーベイ株式会社,セールス 自社サービス／成長フェーズのWebアンケートツール／基本リモート,東京都 港区,年収500万円～800万円,公開していません,リクルートエージェント
クラスメソッド株式会社,インサイドセールス／AWS総合支援サービス「クラスメソッドメンバーズ」等,東京都 千代田区 秋葉原駅,年収400万円～600万円,19日前,doda
株式会社船井総合研究所,インサイドセールス・ダイナミックプライシングツール,東京都 千代田区 東京駅 徒歩1分,年収450万円～700万円,17日前,U29JOB
株式会社イー・エージェンシー,ソリューション営業～データ分析を活かした企業のDX支援／働きやすさ／フォロー体制／フルリモート可,東京都,年収500万円～600万円,19日前,Spring転職エージェント
株式会社オウチーノ,基本フルリモート／完全週休2日,東京都 港区 御成門駅,年収600万円～800万円,12日前,doda
東日本電信電話株式会社,リードジェネレーション／ナーチャリング運営業務,東京都 港区,年収500万円～900万円,8時間前,パソナキャリア
パーソルテクノロジースタッフ株式会社,自社運営サイトのWebマーケティング,東京都 大田区 蓮沼駅 徒歩5分,"時給1,850円～",22日前,パーソル テクノロジースタッフ
株式会社Piece to Peace,営業マネージャー,東京都 港区 青山一丁目駅 徒歩4分,年収500万円～700万円,公開していません,U29JOB
株式会社スマレジ,インサイドセールス 東京,東京都 渋谷区 恵比寿駅 徒歩7分,年収350万円～600万円,5日前,Green
株式会社ワークスアプリケーションズ・エンタープラ...,インサイドセールス,東京都 千代田区,"年収700万円～1,200万円",9日前,パソナキャリア
株式会社iCARE,インサイドセールス ヘルスケア×ベンチャー／43億調達上場目前／在宅OK,東京都 渋谷区,年収330万円～450万円,19日前,リクルートエージェント
株式会社JobRainbow,セールス責任者 一緒にLGBTなどマイノリティ人材が活躍する社会を目指していただける方募集中,東京都 渋谷区,年収400万円～800万円,13日前,LIBZ
Unipos株式会社,組織課題・カルチャー領域のSaaS／サービス継続率99%以上,東京都 渋谷区 明治神宮前駅,年収400万円～900万円,7日前,doda
SGフィルダー株式会社,営業担当,東京都 大田区 流通センター駅 徒歩11分,年収420万円～600万円,5日前,SGフィルダー株式会社
株式会社tacoms,"法人営業 在宅勤務可／5,500店舗以上が利用!注文を一元管理するSaaSの提案",東京都 文京区,年収400万円～800万円,公開していません,リクルートエージェント
株式会社インフォマート,インサイドセールス コロナ禍でも安定・成長している東証一部上場企業,東京都 港区,年収350万円～450万円,公開していません,リクルートエージェント
株式会社ハウテレビジョン,セールスマネージャー候補 Googleやトヨタ等が顧客／人材プラットフォーム,東京都 港区,年収700万円～900万円,公開していません,リクルートエージェント
E-agent合同会社,法人営業,東京都 墨田区                                                                                                                                                                その他 (23),月給30万円～,公開していません,E-agent合同会社
株式会社Skillnote,インサイドセールス,東京都 中央区 京橋駅,年収500万円～700万円,14日前,doda
株式会社ライトアップ,営業マネージャー 中小企業へのコンサル営業／全国の中小企業DX・資金支援,東京都 渋谷区,年収600万円～850万円,27日前,リクルートエージェント
C Channel株式会社,セールス,東京都 世田谷区 池尻大橋駅 徒歩7分,年収360万円～800万円,公開していません,U29JOB
株式会社メディシステムソリューション,インサイドセールス&マーケティング ゼロイチに関われる新規事業ポジション,東京都 品川区,年収350万円～550万円,26日前,リクルートエージェント
株式会社Widsley,世界初CTIシステムを活用したSaaSビジネスを展開／事業拡大フェーズに参画,東京都 渋谷区 渋谷駅,年収480万円～720万円,15日前,doda
株式会社CultureStudioTokyo,企画営業・旅行おでかけアプリ「RETRIP」／新規事業立ち上げ,東京都 渋谷区,年収450万円～550万円,11日前,doda
株式会社うるる,インサイドセールス／fondesk,東京都 中央区 勝どき駅,年収410万円～540万円,公開していません,Geekly
株式会社ラック,ソリューション／マーケティング推進,東京都 千代田区,年収500万円～800万円,公開していません,リクルートエージェント
株式会社ハマックス,インサイドセールス,東京都 港区 外苑前駅 徒歩4分,月給33万円～,公開していません,株式会社ハマックス
株式会社リンクアンドコミュニケーション,コンサルティング営業,東京都 港区 赤坂見附駅 徒歩4分,年収400万円～800万円,1日前,Green
株式会社PKSHA Workplace,カスタマーサクセス／営業出身者可 AI×SaaS／事業の拡大フェーズ,東京都 文京区,年収600万円～,2日前,リクルートエージェント
エムスリーソリューションズ株式会社,SaaS型サービスのコンサル営業,東京都 港区 神谷町駅,年収450万円～700万円,公開していません,Geekly
株式会社マツリカ,インサイドセールス,東京都 千代田区,年収391万円～777万円,公開していません,リクルートエージェント
日経メディアマーケティング株式会社,ソリューション営業～取引顧客数1万社超え～ 日本経済新聞社100%出資の安定基盤,東京都 千代田区 大手町駅,年収520万円～630万円,14日前,doda
株式会社パシフィックネット,インサイドセールス ～新規開拓なし／日経が選ぶ成長企業で市場価値UP!～,東京都 港区 三田駅,年収350万円～400万円,15日前,doda
株式会社アビリティ・インタービジネス・ソリューシ...,翻訳サービスの営業 ソリューション営業 既存中心～年休120日／残業月20H程度～,東京都 千代田区,年収300万円～500万円,9日前,doda
エムスリーデジタルコミュニケーションズ株式会社,マーケティング 事業も組織も急拡大で裁量,東京都 中央区 小伝馬町駅,年収400万円～800万円,18日前,doda
カイロスマーケティング株式会社,SaaS法人営業,東京都 渋谷区 原宿駅 徒歩8分,年収300万円～,公開していません,Green
株式会社ディーネット,2023 新卒採用 インターネット関連,東京都,"月給20万円～21万8,000円",13日前,リクナビ2023
Modis株式会社,技術教育サービス企画,東京都 品川区 天王洲アイル駅 徒歩4分,年収400万円～600万円,6日前,U29JOB
株式会社RECEPTIONIST,柔軟な働き方が叶えられる当社でご経験を活かしませんか? シェア&口コミNo1!,東京都 渋谷区,年収300万円～500万円,13日前,LIBZ
ファストドクター株式会社,営業リーダー候補／医療系の事業所への営業,東京都 港区 三田駅,年収360万円～560万円,公開していません,Geekly
株式会社スペースリー,SaaS×VR／ABM営業 フルリモート!不動産・住宅業界ABM営業のプロフェッショナルへ,東京都,年収600万円～900万円,1日前,en ミドルの転職
株式会社sizebook,営業／MGR 役員直下での組織立上／業界TOP20／スピード感×裁量権大／住宅手当有,東京都 港区,年収720万円～960万円,24日前,リクルートエージェント
株式会社マーケットエンタープライズ,総合職／早退制度あり／社会人未経験から上場企業にジョイン,東京都 江東区,"月給22万1,000円～38万円",公開していません,doda
株式会社サーキュレーション,営業,東京都 渋谷区,年収400万円～600万円,21日前,マイナビAGENT
ACALL株式会社,SaaS・インサイドセールス,東京都 千代田区,年収450万円～550万円,15日前,doda
株式会社Asobica,インサイドセールス,東京都 品川区 五反田駅 徒歩3分,年収400万円～600万円,18時間前,Green
株式会社エフェクチュアル,Web広告営業,東京都 港区 外苑前駅 徒歩5分,年収400万円～600万円,4日前,U29JOB
レッドフォックス株式会社,法人営業職向け インサイドセールス／SaaS 働き方を変革／DX課題を解決する,東京都 中央区,年収450万円～,19時間前,リクルートエージェント
株式会社みーつけあ,新規営業担当者,東京都,年収300万円～500万円,20日前,Green
株式会社エクシードジャパン,セールスプロモーション／条件を満たす方全員面接／年休129日,東京都 渋谷区 代々木駅 徒歩5分,月給23万円～52万円,10日前,doda
株式会社ブレインパッド,マーケティングソリューション営業,東京都 品川区 目黒駅,年収500万円～800万円,公開していません,type
ストックマーク株式会社,カスタマーサクセス／メンバー AI 領域に強み,東京都 港区,年収500万円～800万円,10日前,リクルートエージェント
株式会社アトラエ,総合職,東京都 港区 麻布十番駅,年収500万円～800万円,12日前,doda
データセクション株式会社,店舗DXサービスのインサイドセールス ～グロース市場上場／年間休日120日／完全週休2日制,東京都 品川区 五反田駅,年収450万円～600万円,16日前,doda
株式会社ニューズピックス,NewsPicks Enterpriseのコンサルティングセールス／フルフレックス,東京都 港区 六本木駅,年収500万円～800万円,15日前,doda
jinjer株式会社,自社SaaSプロダクト,東京都 新宿区,年収600万円～700万円,12日前,doda
カクトク株式会社,法人営業 日本最大級の営業特化型マッチングフォームの運営／フルリモートOK,東京都 港区,年収400万円～600万円,28日前,リクルートエージェント
株式会社メディフォン,法人企業向けの新規開拓営業職,東京都 港区,年収400万円～600万円,5日前,株式会社メディフォン
株式会社プロネクサス,オンラインメディア事業部／営業企画,東京都 港区,年収400万円～600万円,2日前,リクルートエージェント
株式会社グリッド,ソリューション営業 ～DXビジネスをリードしたい営業メンバー募集～,東京都 港区 表参道駅,年収500万円～799万円,19日前,doda
株式会社いい生活,2022 新卒採用 ソフトウェア・情報処理,東京都,月給26万976円,公開していません,Cheer Career
BRANU株式会社,インサイドセールス,東京都 港区 六本木駅,年収500万円～700万円,12日前,doda
メリービズ株式会社,事業開発／セールス,東京都 渋谷区 渋谷駅 徒歩9分,年収400万円～650万円,3日前,Green
株式会社スプラシア,PM／テクニカルマネージャー リモートワーク推奨・フルフレックス,東京都 中央区 東銀座駅 徒歩3分,年収500万円～900万円,20時間前,Green
株式会社メディシステムソリューション／株式会社日...,インサイドセールス,東京都 品川区 天王洲アイル駅,年収350万円～550万円,17日前,doda
株式会社センキョ,プラットフォームサービスのアウトバウンドセールス／自社サービス,東京都 港区,年収400万円～600万円,15日前,doda
株式会社サイカ,"セールス・営業の新規開拓法人向け, ルートセールス法人向け",東京都 千代田区 水道橋駅 徒歩5分,年収600万円～900万円,6日前,Ｔジョブ
株式会社ロコガイド,インサイドセールス,東京都 港区,"年収600万円～1,000万円",29日前,パソナキャリア
株式会社アカリク,アカウントマネージャー,東京都 港区 表参道駅 徒歩8分,月給31万円,19日前,マイナビ転職エージェントサーチ
LIFE STYLE株式会社,インサイドセールス,東京都 港区 表参道駅,年収350万円～500万円,1日前,Green
株式会社レイヤード,東京勤務 医療×SaaS コンサルティングセールス職,東京都 港区,年収400万円～600万円,13日前,LIBZ
コクー株式会社,リモート可 DXソリューションセールス ～営業本部のコアメンバー募集～3年後のIPO,東京都 千代田区,年収380万円～500万円,13日前,LIBZ
株式会社For A-career,2022 新卒採用 広告・出版,東京都 渋谷区,月給23万円～,公開していません,Cheer Career
ポート株式会社,自社メディアを活用した採用課題解決の提案営業／グロース市場上場,東京都 新宿区 新宿駅,年収500万円～800万円,14日前,doda
インプレックスアンドカンパニー株式会社,今のキャリアを捨て自ら未来を掴み取る 営業・コンサルタント,東京都 港区 虎ノ門ヒルズ駅,"月給29万8,000円～",15時間前,リクナビNEXT
株式会社メイツ,教育アプリのマーケティングセールス／新規事業SaaS商材,東京都 新宿区 高田馬場駅 徒歩1分,月給25万円～30万円,24日前,エン転職
コニカミノルタ株式会社,HitomeQケアサポート 介護事業者向けソリューション営業,東京都 中央区,"年収1,000万円",27日前,マイナビAGENT
デル・テクノロジーズ株式会社,アソシエイトインサイドセールス,東京都 千代田区 大手町駅,年収400万円～600万円,17日前,doda
協栄産業株式会社,クラウド型システム「Saas」の営業／タクシー業界向け／東証STANDARD／年休123日,東京都 品川区 品川シーサイド駅,年収480万円～650万円,13日前,doda
note株式会社,法人利用急増中!「note pro」,東京都 港区 外苑前駅,年収500万円～900万円,12日前,doda
Sansan株式会社,エンタープライズ向けセールス ～クラウド請求書受領サービス「Bill One」／リモート可～,東京都 港区 表参道駅,"年収952万円～1,225万円",3日前,doda
株式会社ログラス,コンサルティングセールス,東京都 品川区,年収500万円～900万円,17日前,doda
株式会社スイッチメディア,SaaS インサイドセールス テレビ広告業界のDX推進／第二創業期の幹部候補,東京都 港区,年収500万円～900万円,公開していません,リクルートエージェント
株式会社イノベーター・ジャパン,DXソリューション営業,東京都 港区 表参道駅,年収444万円～852万円,12日前,doda
BCホールディングス株式会社,人材育成のコンサルティング営業／深耕営業中心／リーダー候補,東京都 新宿区 新宿駅,年収400万円～600万円,公開していません,Geekly
株式会社センシンロボティクス,IPO準備中／創業5年で累計31億円調達ドローン×機械学習／画像認識,東京都,年収420万円～800万円,21日前,Spring転職エージェント
株式会社プログリット,法人営業職,東京都 千代田区,"年収500万円～1,000万円",11日前,doda
株式会社CLUE,ソリューションセールス～ドローン×SaaSのリアルテック企業～,東京都 港区 品川駅,年収550万円～800万円,19日前,doda
パイオニア株式会社,テリトリー営業,東京都 文京区 千石駅,年収600万円～800万円,14日前,doda
パーソルイノベーション株式会社,ディレクター～日本最大級／オープンイノベーションに特化したプラットフォームを担当します～,東京都,年収500万円～700万円,公開していません,Spring転職エージェント
カゴヤ・ジャパン株式会社,プリセールスエンジニア,東京都 中央区 京橋駅,年収450万円～700万円,19日前,doda
株式会社クリエイターズマッチ,コンサルティング営業 フルリモートOK 残業月20時間以内,東京都 世田谷区 代田橋駅 徒歩6分,"月給25万円～46万5,000円",12日前,マイナビ転職
エルゼビア・ジャパン株式会社,病院・医療従事者向けe-ラーニング製品の提案営業職,東京都 港区 赤羽橋駅,年収640万円～900万円,1時間前,doda
株式会社ベター・プレイス,10期連続2桁増収増益 IPOに向け事業急拡大中 残業20時間以内,東京都 新宿区 四ツ谷駅 徒歩8分,公開していません,29日前,マイナビAGENT
株式会社Rehab for JAPAN,InsideSales メンバー,東京都 千代田区 飯田橋駅 徒歩3分,年収410万円～608万円,5日前,Green
SideKicks株式会社,2022 新卒採用 広告・出版,東京都 渋谷区 恵比寿駅 徒歩5分,月給25万円,公開していません,Cheer Career
ブライトコーブ株式会社,インサイドセールス,東京都 港区,公開していません,1日前,パソナキャリア
HiTTO株式会社,インサイドセールス,東京都 千代田区,年収400万円～600万円,5日前,パソナキャリア
株式会社データX,ソリューションセールス／”スマートデータ社会の実現”に向けたマーケティング課題の解決営業,東京都 新宿区 新宿駅,年収364万円～600万円,7日前,doda
株式会社Take Action,定着業界をニッポンの新基準に! 定着から活躍まで見据えた人材の採用を支援するSaaSサービスのご提案...,東京都 品川区,年収400万円～600万円,13日前,LIBZ
株式会社BE PROUD,カスタマーサクセス営業・Web企画／既存顧客満足度UPに貢献,東京都 中央区 人形町駅,月給25万円～,13日前,リクナビNEXT
株式会社サイバー大学,大手企業設立の通信制大学の反響営業／東京勤務,東京都 港区 芝公園駅 徒歩2分,年収450万円～600万円,公開していません,マイナビジョブ20's
株式会社ブロードバンドタワー,営業担当／情報セキュリティ対策ソフトウェア～テレアポ無のインサイドセールスメイン～,東京都 千代田区 霞ケ関駅,年収400万円～700万円,13日前,doda
株式会社div 東京都中央区,スケジュール管理SaaSシステムの営業リーダー,東京都 中央区 八丁堀駅 徒歩5分,"月給35万8,000円～42万9,000円",27日前,株式会社div
株式会社リブ・コンサルティング,インサイドセールス,東京都 千代田区 大手町駅,年収400万円～700万円,15日前,doda
ウイングアーク1st株式会社,インサイドセールス 東証一部／～650万／国内シェアトップ帳票クラウド,東京都 港区 六本木一丁目駅,年収450万円～650万円,11日前,doda
株式会社プラップ ジャパン,SaaS営業～PR業務DXツールの営業／業界初のサービス／東証スタンダード上場の老舗PR代理店～,東京都 港区,年収400万円～700万円,14日前,doda
GMO TECH株式会社,不動産DX 統括部長 候補,東京都 渋谷区 渋谷駅 徒歩5分,"年収750万円～1,200万円",公開していません,Green
株式会社CINC,データソリューションカンパニーのYouTubeセールス／YouTube事業,東京都 千代田区 溜池山王駅 徒歩8分,月給22万円～,公開していません,マイナビジョブ20's
GCストーリー株式会社,2022 新卒採用 コンサル,東京都 江東区 木場駅 徒歩5分,月給23万円～,公開していません,Cheer Career
インフォーマティカジャパン株式会社,パートナーマーケティングマネージャー,東京都,公開していません,13時間前,Daijob.com
合同会社K2Tプランニング,キャッスレス事業の法人営業,東京都 板橋区,月給25万円～35万円,公開していません,合同会社K2Tプランニング
リコージャパン株式会社,インサイドセールスの企画,東京都 港区,年収330万円～590万円,10日前,doda
株式会社あしたのチーム,フルリモート 独自開発HR Techサービスで組織課題を解決,東京都 中央区 銀座駅,年収420万円～550万円,3日前,doda
シェルフィー株式会社,セールスマーケティング,東京都 世田谷区 池尻大橋駅 徒歩5分,年収350万円～500万円,2日前,Green
株式会社バリューデザイン,エンタープライズセールス／新規営業 電子マネー発行システム／東証マザーズ 在宅勤務可・実働7時間,東京都 中央区 宝町駅,年収401万円～600万円,17日前,doda
株式会社MIRACREW,インサイドセールス募集,東京都 三鷹市,月給23万円～35万円,公開していません,株式会社MIRACREW
株式会社マーケライズ,製造業BtoBに特化／リーダー候補／残業10時間以内,東京都 新宿区,年収400万円～600万円,12日前,doda
株式会社Azoop,法人営業 月残業15h／日本初運送業界向けSaaSサービス展開／急成長ベンチャー,東京都 世田谷区 三軒茶屋駅,年収324万円～500万円,19日前,doda
リックソフト株式会社,プリセールス・セールスエンジニア ツールの販売、導入・活用支援／お客様の業務効率化,東京都 千代田区 大手町駅,年収440万円～634万円,公開していません,レバテックキャリア
吉積ホールディングス・クラウドエース,営業マネージャー候補,東京都 千代田区 大手町駅,年収600万円～800万円,7日前,吉積ホールディングス・クラウドエース
株式会社トップグローバル,営業／企画営業 法人営業、内勤営業・カウンターセールス,東京都 港区 虎ノ門駅,年収450万円～600万円,公開していません,株式会社トップグローバル
株式会社MENOU,ノーコード検査AIで製造業の課題を解決／在宅勤務／副業可,東京都 品川区,"年収460万円～1,000万円",20日前,リクルートエージェント
株式会社ファンコミュニケーションズ,広告主向けマーケティング ～国内最大級のアフィリエイトネットワーク「A8.net」～,東京都 渋谷区 渋谷駅,年収400万円～550万円,13日前,doda
株式会社ビービット,インサイドセールス～「SaaSプロダクト×コンサルティング」ビジネス機会の拡大～,東京都 千代田区 大手町駅,年収450万円～600万円,11日前,doda
シー・スリー・アイ株式会社,DX推進エンジニア,東京都 世田谷区 池尻大橋駅 徒歩10分,年収500万円～800万円,13日前,type
ネットワンシステムズ株式会社,NOS フィールドマーケティング,東京都 千代田区,月給23万円～,公開していません,ネットワンシステムズ株式会社
株式会社フィードフォース,データフィードマーケティングを支援するSaaS「dfplus.io」のセールスリーダー,東京都 文京区 湯島駅 徒歩3分,年収500万円～800万円,8日前,Green
株式会社ディーカレットDCP,フィールドエンジニア～「通貨」をデジタル化させ、新しいお金のあり方を作っていく仕事～,東京都 千代田区,"年収650万円～1,200万円",15日前,doda
Bizネクストジャパン株式会社 統括支部,法人営業STAFF 複業人材を活用した企業の課題解決の提案営業 新規開拓や見積もりなど,東京都 渋谷区,"月給37万5,000円～54万1,000円",13時間前,Bizネクストジャパン株式会社統括支部
株式会社エムティーアイ,営業,東京都 渋谷区 初台駅,年収600万円～900万円,3日前,U29JOB
株式会社ファインズ,WEBソリューションセールス／経験者向け,東京都 渋谷区 渋谷駅 徒歩8分,月給24万円～,2日前,CREATIVE JOB
株式会社メディカルノート,広告ディレクター 自社Webメディア,東京都 港区 外苑前駅,年収450万円～700万円,19時間前,Green
アステリア株式会社,自社開発製品・サービスのインサイドセールスマネージャー,東京都 渋谷区 恵比寿駅 徒歩8分,年収700万円～900万円,公開していません,アステリア
フェリカネットワークス株式会社,メーカー向け営業 SONY×ドコモ×JR東日本の出資会社,東京都,年収460万円～825万円,7日前,Spring転職エージェント
Bizネクストジャパン株式会社 事業開発課,法人営業STAFF 新規クライアント企業との商談、申込獲得などの業務,東京都 豊島区,月給41万円～,7日前,Bizネクストジャパン株式会社事業開発課
株式会社システナ,2023 新卒採用 ソフトウェア,東京都 港区,"月給21万円～23万5,000円",公開していません,リクナビ2023
富士フイルムメディカルサービスソリューション株式...,フィールドエンジニア 富士フイルムグループ,東京都 港区,年収400万円～700万円,6日前,doda
株式会社KDDIエボルバ,AIや先進技術を活用したデジタルサービスのセールスエンジニア,東京都 新宿区 新宿駅 徒歩5分,年収520万円～650万円,2日前,マイナビAGENT
株式会社HataLuck and Person,マーケティング担当者,東京都 中央区,年収400万円～700万円,13日前,パソナキャリア
株式会社フロンティア・フィールド,医療業界のDX・働き方改革を推進する急成長中ベンチャー企業で募集,東京都 港区,年収400万円～700万円,19日前,doda
DXCテクノロジー・ジャパン株式会社,Technical Consultant,東京都 中央区,"年収800万円～1,200万円",1日前,パソナキャリア
サイバネットシステム株式会社,営業 クラウドサービス／セキュリティ製品に関するソリューション／Web面接,東京都 千代田区,年収450万円～600万円,公開していません,リクルートエージェント
株式会社ユニゾンシステムズ,ソリューション営業,東京都 港区,公開していません,21日前,マイナビAGENT
ソフトブレーン株式会社,導入コンサルタント,東京都 中央区 日本橋駅,年収400万円～600万円,公開していません,マイナビAGENT
株式会社インクラウド,光回線に関する店舗コンサルティング業務および販売業務,東京都 品川区,"月給33万3,000円～40万7,000円",22日前,株式会社インクラウド
株式会社船井総研ホールディングス,CRMエンジニア 東京勤務,東京都 港区 芝公園駅 徒歩1分,年収450万円～600万円,19時間前,Green
パラマウントベッド株式会社,未経験歓迎 フィールドサポート 医療用介護ベッド日本No1,東京都 町田市,年収350万円～500万円,17日前,doda
QNAP株式会社,世界的メーカーのFAE 年間休日120日以上,東京都 荒川区 町屋駅 徒歩1分,"月給37万5,000円～62万5,000円",16日前,マイナビ転職
AI CROSS株式会社,アカウントセールス,東京都 港区 虎ノ門駅 徒歩9分,年収450万円～600万円,公開していません,U29JOB
