ネットギアジャパン合同会社,インサイドセールス～未経験からIT業界にチャレンジ可能,"東京都 中央区 京橋駅                                                                                                                                                                    




京橋駅（東京都）の求人
をすべて見る",年収360万円～450万円,16日前,doda
株式会社レゾナゲート,営業経験活かすIT商材のインサイドセールス,"東京都 中央区 新日本橋駅 徒歩5分                                                                                                                                                                    




新日本橋駅の求人
をすべて見る",公開していません,17日前,エン派遣
株式会社スタッフサービス,テレワあり IT関連企業でのインサイドセールス,東京都 文京区 本郷三丁目駅 徒歩6分,"時給1,700円～1,800円",8日前,オー人事.net
テクバン株式会社,ITソリューション インサイドセールス,"東京都 港区                                                                                                                                                                    




テクバン株式会社の求人
をすべて見る",年収400万円～600万円,公開していません,マイナビAGENT
カイテク株式会社／CaiTech inc.,ITプロダクト／スタートアップ／インサイドセールスをお任せします,東京都 港区,年収400万円～600万円,5日前,en ミドルの転職
株式会社ヒューマンサイエンス,内勤営業／インサイドセールス・IT分野SaaS商材,"東京都 新宿区 都庁前駅                                                                                                                                                                    




株式会社ヒューマンサイエンスの求人
をすべて見る",年収400万円～480万円,15日前,doda
株式会社hacomono,インサイドセールス フィットネス×ITで業界をリード／自社開発SaaS,東京都 豊島区,年収400万円～800万円,14日前,doda
パーソルテンプスタッフ株式会社,在宅多め IT企業×インサイドセールス@2000,"東京都 千代田区 東京駅 徒歩5分                                                                                                                                                                    




パーソルテンプスタッフ株式会社の求人
をすべて見る","時給2,000円",10日前,ジョブチェキ！
株式会社カケハシ,インサイドセールス担当／ITの力で医療的課題を解決するベンチャー,東京都 中央区 東銀座駅,年収470万円～650万円,11日前,doda
株式会社テクノデジタル,セールスとしての市場価値を高められるIT企業のインサイドセールス／表参道・渋谷／土日祝休み,東京都 渋谷区 渋谷駅 徒歩12分,月給33万円～,2時間前,en ミドルの転職
株式会社エス・エム・エス,インサイドセールス 16期連続増収増益のプライム上場ITメガベンチャー!,東京都 港区,年収370万円～620万円,14日前,LIBZ
エッジテクノロジー株式会社,IT業界未経験歓迎 インサイドセールス／SDR AI特化の事業／リモートワーク,東京都 千代田区,年収350万円～450万円,21日前,リクルートエージェント
レバレジーズ株式会社,インサイドセールス担当／IT領域,東京都,公開していません,3日前,レバレジーズ株式会社
株式会社ソフトクリエイト,業界未経験可 インサイドセールス ITソリューションをワンストップで提供,東京都 渋谷区,年収400万円～600万円,公開していません,リクルートエージェント
アデコ株式会社,IT企業でインサイドセールス,東京都 江東区 豊洲駅 徒歩1分,"時給1,900円～",12日前,Adecco 派遣
デジタルデータソリューション株式会社,IT企業のインサイドセールス インセンティブ有／転勤なし,東京都 港区,年収360万円～600万円,20時間前,リクルートエージェント
株式会社メドレー,急成長企業で働く! メドレーのCLINICSカルテ事業部 インサイドセールス職募集!,東京都 港区,年収300万円～450万円,14日前,LIBZ
株式会社Will Smart,インサイドセールス 社会課題にDXでアプローチ／IT業界で営業に挑戦,東京都 江東区,年収340万円～500万円,公開していません,リクルートエージェント
ジョブ・アンサー,成長IT企業のインサイドセールス,東京都 渋谷区 渋谷駅 徒歩7分,月給30万円～50万円,公開していません,ジョブ・アンサー
株式会社クーリエ,IT自社製品 インサイドセールス／SV 商談～チームビルディング／キャリアアップ,東京都 渋谷区,年収500万円～600万円,18日前,リクルートエージェント
matsuri technologies株式会社,インサイドセールス／旅と住まいのIT企業／シリーズC20億円資金調達,東京都 新宿区 高田馬場駅,年収300万円～600万円,公開していません,Geekly
Master Key株式会社,内勤営業・カウンターセールス ITやWeb特化型のインサイドセールススタッフ,東京都 渋谷区,年収420万円～500万円,公開していません,Master Key株式会社
Bizネクストジャパン株式会社 事業開発課,インサイドセールスSTAFF SaaSやIT企業のセールスを支援 営業スキルを体系的に学べる,東京都 渋谷区,月給30万円～,4日前,Bizネクストジャパン株式会社事業開発課
株式会社巧,世界的有名IT企業でのインサイドセールス,東京都 渋谷区 渋谷駅,月給32万円～,公開していません,株式会社巧
リーグル株式会社,IT商材経験者優遇!インサイドセールス,東京都 港区,"時給1,600円～2,200円",18日前,リーグル株式会社
株式会社デンシトロン 大田区大森,インサイドセールス IT系／放送業界の営業経験者歓迎,東京都 大田区 大森駅,年収450万円～550万円,公開していません,株式会社デンシトロン
X Mile株式会社,インサイドセールス 創業期のITスタートアップで成長したい方募集中,東京都 新宿区 新宿三丁目駅 徒歩8分,年収300万円～600万円,公開していません,かんたん応募
株式会社ビジュアルリサーチ,インサイドセールス,東京都 港区,"年収500万円～1,000万円",14日前,doda
アンドデジタル株式会社,時給2300円～在宅 イベント企画会社のインサイドセールス,東京都 港区 芝公園駅 徒歩2分,"時給2,300円～",22時間前,エン派遣
スマートキャンプ株式会社,インサイドセールスマネージャー SaaSプラットフォームを運営する成長企業 選考はWebで完結,東京都 港区 三田駅 徒歩6分,"月給33万2,400円～",7日前,エン転職
デル・テクノロジーズ株式会社,ITソリューション営業 第二新卒者歓迎／20代活躍中,東京都 千代田区,年収550万円～740万円,12日前,リクナビNEXT
SATORI株式会社,インサイドセールス／新規営業,東京都 渋谷区,年収440万円～650万円,28日前,マイナビAGENT
株式会社Whole Persons,20～30代活躍中!キャリアアドバイザー・インサイドセールス,東京都 新宿区 四ツ谷駅 徒歩3分,月給23万円～,13日前,リクナビNEXT
株式会社Fittio,インサイドセールス／大手グループ会社,東京都 渋谷区,"時給1,700円～2,000円",公開していません,Fittio
株式会社Hajimari,インサイドセールス,東京都 渋谷区,年収300万円～,公開していません,【公式】ワーママ転職ならママリブラ
富士ソフト株式会社,21 008 インサイドセールスの進捗管理、分析業務 東証一部・在宅,東京都 千代田区 秋葉原駅,年収400万円～800万円,3日前,doda
株式会社Sales Lab,第二新卒歓迎 インサイドセールスサービス運用支援 データ分析・活用をお任せ,東京都 江東区,年収504万円～700万円,10日前,リクルートエージェント
株式会社ロコガイド,インサイドセールス,東京都 港区 赤羽橋駅 徒歩3分,年収400万円～600万円,14日前,U29JOB
株式会社YOUTRUST,インサイドセールス,東京都 渋谷区 神泉駅 徒歩5分,年収350万円～650万円,1日前,Green
株式会社RevComm,インサイドセールスマネージャー,東京都 渋谷区 渋谷駅 徒歩8分,年収450万円～800万円,6日前,U29JOB
SALES ROBOTICS株式会社,法人営業のマネージャー クラウド型インサイドセールスプラットフォーム,東京都 中央区 勝どき駅,年収600万円～800万円,19日前,doda
SCSK株式会社,自社ERP製品におけるインサイドセールス職,東京都,"年収440万円～1,200万円",22時間前,Spring転職エージェント
オルグロー株式会社,SEOのインサイドセールス 年休120日以上／産育休実績あり,東京都 渋谷区 神泉駅 徒歩3分,月給35万円～,20日前,マイナビ転職
株式会社エモーショナリーズ,インサイドセールスのアシスタント リモートワーク可!面接1回,東京都 江戸川区 西葛西駅 徒歩13分,月給18万円～23万円,15日前,リクナビNEXT
株式会社キャリアデザインセンター,インサイドセールス,東京都 新宿区 東新宿駅 徒歩1分                                                                                                                                                                その他 (4),"時給1,800円～1,950円",5日前,株式会社キャリアデザインセンター
株式会社リアステージ,インサイドセールス／マネージャー候補,東京都 千代田区 神田駅,月給35万円～56万円,27日前,株式会社リアステージ
株式会社Fleekdrive,インサイドセールス,東京都 港区 田町駅,年収300万円～500万円,13日前,Green
アデコ株式会社 採用受付,コールセンター（テレフォンオペレーター）／IT・通信関連,東京都 世田谷区 三軒茶屋駅                                                                                                                                                                その他 (4),"時給1,800円～",1時間前,はたらこねっと
株式会社コンカー,インサイドセールス,東京都 中央区,"年収500万円～1,000万円",4日前,パソナキャリア
株式会社LegalForce,インサイドセールス ～AI×法務「国内初リーガルテック」SaaS／累計調達額約45億円,東京都 江東区,年収600万円～900万円,17日前,doda
株式会社サルソニード,インサイドセールス 経験者歓迎／インバウンド対応をお任せ,東京都 新宿区,年収400万円～450万円,7日前,リクルートエージェント
KDDI まとめてオフィス株式会社,インサイドセールス運営企画,東京都,年収500万円～640万円,1日前,en ミドルの転職
株式会社サイバーセキュリティクラウド,インサイドセールス フレックス勤務OK 年休124日,東京都 品川区 目黒駅 徒歩1分,"月給33万3,000円～",7日前,エン転職
株式会社エス･エム･エス,カイポケ／M&Aインサイドセールス,東京都 港区 芝公園駅 徒歩2分,年収500万円～700万円,15時間前,CREATIVE JOB
株式会社マイナビ,「マイナビニュース TECH+」におけるインサイドセールス,東京都 千代田区 竹橋駅 徒歩1分,年収380万円～570万円,2日前,CREATIVE JOB
株式会社インフォメーション・ディベロプメント,インサイドセールス,東京都 千代田区,年収400万円～600万円,公開していません,マイナビAGENT
株式会社Brushup,インサイドセールス,東京都 品川区 五反田駅 徒歩7分,年収300万円～800万円,26日前,U29JOB
株式会社ラクス,楽楽明細のインサイドセールス 土日祝休 残業約月20h,東京都 新宿区 新宿駅 徒歩7分,"月給27万6,344円～",公開していません,マイナビ転職
RPAホールディングス株式会社,RPAT  インサイドセールス,東京都,"年収700万円～1,000万円",公開していません,Spring転職エージェント
株式会社エクサウィザーズ,AI×DXベンチャーで少数精鋭インサイドセールス立ち上げメンバー,東京都 港区 汐留駅 徒歩1分,"年収420万円～1,020万円",公開していません,株式会社エクサウィザーズ
株式会社ダイレクトクラウド,自社クラウドサービスのインサイドセールス 前年比170%成長／残業少なめ／特別賞与あり／年休125日,東京都 港区 大門駅 徒歩5分,年収420万円～750万円,3時間前,エン転職
株式会社KDDIウェブコミュニケーションズ,インサイドセールス,東京都,年収400万円～600万円,公開していません,エン エージェント
パーソルイノベーション株式会社,リーダー／インサイドセールス／大企業の新規事業創出支援,東京都,年収650万円～980万円,公開していません,Spring転職エージェント
株式会社アプトポッド,製造業にDXをもたらす自社IoT製品のインサイドセールスを募集,東京都 新宿区,年収500万円～800万円,1日前,en ミドルの転職
株式会社STAR CAREER,ドコモショップ経験者限定インサイドセールス,東京都 千代田区 溜池山王駅 徒歩7分,"時給2,000円",8日前,エン派遣
イタンジ株式会社,インサイドセールス,東京都 港区 六本木一丁目駅 徒歩1分,年収400万円～450万円,公開していません,U29JOB
freee株式会社,HRインサイドセールス リーダー候補,東京都 品川区,年収550万円～750万円,18日前,マイナビAGENT
株式会社KDDIエボルバ,東京電力のインサイドセールススタッフ 土日祝休み／月給27.2万円以上／未経験歓迎,東京都 千代田区 内幸町駅 徒歩1分,"月給27万2,000円～",10日前,エン転職
株式会社シーイーシー,インサイドセールス／港区品川勤務／将来のリーダー候補／東証一部上場／独立系SIer,東京都 港区,"月給24万5,000円～30万6,000円",1日前,株式会社シーイーシー
株式会社ハマックス,インサイドセールス,東京都 港区 外苑前駅 徒歩4分,月給33万円～,公開していません,株式会社ハマックス
ブティックス株式会社,インサイドセールス,東京都 港区 赤羽橋駅 徒歩3分,年収300万円～500万円,公開していません,U29JOB
株式会社スマートショッピング,インサイドセールス リモートワーク実施中／IoTを駆使して在庫管理,東京都 品川区 五反田駅 徒歩5分,"月給41万7,000円～",公開していません,女の転職type
株式会社Stock,インサイドセールスマネージャー,東京都 中央区 三越前駅 徒歩1分,月給25万円～,4日前,U29JOB
アイティメディア株式会社,インサイドセールス,東京都 千代田区 麹町駅 徒歩6分,年収450万円～615万円,14日前,U29JOB
株式会社EVERRISE,ITセールス,東京都 港区 六本木駅 徒歩3分,年収500万円～700万円,17日前,U29JOB
株式会社アースリンク,BtoBのインサイドセールス～残業5～10時間以内／風通しの良い社風,東京都 多摩市 小田急永山駅,年収246万円～420万円,7日前,doda
DXO株式会社,インサイドセールス 残業月10H 有休消化率ほぼ100%,東京都 中野区 中野坂上駅 徒歩6分,"月給23万2,000円～40万円",13日前,マイナビ転職
キューアンドエー株式会社,インサイドセールス,東京都 渋谷区 笹塚駅,年収400万円～550万円,17日前,doda
パーソルプロセス&テクノロジー株式会社,インサイドセールス,東京都 江東区,年収400万円～500万円,公開していません,パソナキャリア
ClipLine株式会社,インサイドセールス,東京都 品川区 五反田駅,年収500万円～700万円,13日前,doda
株式会社アイデミー,toB向けインサイドセールス DX・AI内製化／近年注目のAI業界／フルフレックス,東京都 千代田区,年収380万円～620万円,2日前,doda
paiza株式会社,インサイドセールス,東京都 港区,年収400万円～600万円,公開していません,株式会社 Billage
SOMPOリスクマネジメント株式会社,サイバーセキュリティーに関するインサイドセールス／大手損保会社のリスクコンサルタント企業,東京都 新宿区 新宿駅 徒歩4分,年収400万円～800万円,公開していません,日経転職版
株式会社primeNumber,インサイドセールス,東京都 品川区 目黒駅,"年収480万円～1,200万円",21日前,マイナビAGENT
株式会社アール・アンド・エー・シー,インサイドセールス,東京都 中央区 東日本橋駅 徒歩1分,"月給33万7,891円～",公開していません,U29JOB
株式会社クラウドワークス,インサイドセールス ～拡大中の事業に関わり成長を実感できる環境～,東京都 渋谷区 恵比寿駅,年収450万円～600万円,10日前,doda
ブリッジインターナショナル株式会社,インサイドセールス職／三軒茶屋,東京都 世田谷区,"月給19万890円～21万6,930円",8日前,Tジョブ Uターン・Iターンに特化した求人情報サイトの全国版!!
ポスタス株式会社,インサイドセールス,東京都 中央区,年収390万円～450万円,1日前,en ミドルの転職
株式会社船井総合研究所,インサイドセールス 中小企業の経営者に最適な解決策を提案,東京都 千代田区 東京駅 徒歩1分,"月給29万7,000円～42万円",5日前,リクナビNEXT
株式会社UFジャパン,インサイドセールス 年休120日以上／残業月平均5h以下,東京都 新宿区,月給24万円～,1日前,マイナビ転職
株式会社スマレジ,インサイドセールス 東京,東京都 渋谷区 恵比寿駅 徒歩7分,年収350万円～600万円,5日前,Green
株式会社エラン,未経験歓迎 コールセンターでのインサイドセールス,東京都 港区 赤坂駅 徒歩3分,"時給1,400円～1,500円",6日前,elan
株式会社TMJ,クラウド製品のインサイドセールス 残業ほとんどなし／土日祝休み／想定月収28万円／ホワイト企業認定,東京都 港区 大門駅 徒歩3分,"時給1,800円",21日前,エン転職
TD SYNNEX株式会社,インサイドセールス／大手企業メイン 見積作成～クロージングまで／リモート可,東京都 江東区 東陽町駅,年収330万円～430万円,14日前,doda
ギークス株式会社,営業／インサイドセールス 上場／人生における大きな意思決定を支える,東京都 渋谷区,年収400万円～600万円,公開していません,リクルートエージェント
株式会社SmartHR,インサイドセールス 最先端のThe Model組織・SaaS業界で継続率99%超の商品を売り,東京都 港区,年収450万円～700万円,13日前,LIBZ
株式会社カオナビ,インサイドセールス／第二新卒歓迎 6年連続シェアNo.1を獲得「カオナビ」でマーケティングや提案力な...,東京都 港区,年収450万円～600万円,13日前,LIBZ
RPAテクノロジーズ株式会社,インサイドセールス,東京都 港区 虎ノ門ヒルズ駅,年収540万円～630万円,4日前,U29JOB
株式会社オンリーストーリー,インサイドセールス,東京都 渋谷区 恵比寿駅 徒歩3分,月給29万円～60万円,16日前,type
株式会社9E,法人営業 インサイドセールス・カスタマーサクセスに特化した採用コンサルティング営業／創業期メンバー,東京都,年収360万円～600万円,公開していません,キャリフレ
シナジーマーケティング株式会社,インサイドセールス,東京都 千代田区 市ケ谷駅,年収500万円～700万円,17日前,doda
Jenerate Partners株式会社,成長中のコンサルティング会社でインサイドセールスに挑戦,東京都 港区 外苑前駅,年収300万円～500万円,12日前,doda
株式会社ドリーム・アーツ,東京／インサイドセールス エンプラ向けSaaS事業をスケールさせる!時短可,東京都 渋谷区,年収350万円～,公開していません,リクルートエージェント
弁護士ドットコム株式会社,インサイドセールス,東京都 港区,年収396万円～618万円,28日前,パソナキャリア
株式会社ユーティル,インサイドセールス リーダー候補,東京都 新宿区 高田馬場駅 徒歩12分,年収300万円～450万円,13日前,Green
スパイダープラス株式会社,インサイドセールス リーダー候補,東京都 豊島区,公開していません,21日前,マイナビAGENT
株式会社Zehitomo,完全週休2日&残業月20h以内 インサイドセールス,東京都 千代田区 日比谷駅 徒歩3分,年収330万円～500万円,6日前,リクナビNEXT
2nd Community株式会社,月給40万円以上も可 コールセンター運営／インサイドセールス,東京都 渋谷区 代官山駅 徒歩2分,月給35万円～50万円,12日前,リクナビNEXT
ベルフェイス株式会社,ITコンサルタント,東京都 渋谷区 渋谷駅,"年収600万円～1,200万円",公開していません,Geekly
株式会社パシフィックネット,インサイドセールス ～新規開拓なし／日経が選ぶ成長企業で市場価値UP!～,東京都 港区 三田駅,年収350万円～400万円,15日前,doda
株式会社ガラパゴス,インサイドセールス,東京都 千代田区 神保町駅,年収450万円～600万円,10日前,doda
株式会社ADMUSE,インサイドセールス／営業事務,東京都 品川区 五反田駅 徒歩6分,"時給1,650円",24日前,ママワークス
株式会社ワークスアプリケーションズ,インサイドセールス,東京都 千代田区,"年収500万円～1,000万円",15日前,doda
株式会社ショーケース,インサイドセールス,東京都 港区 六本木一丁目駅,年収400万円～600万円,17日前,doda
株式会社インフォマート,インサイドセールス,東京都 港区,年収500万円～550万円,12日前,パソナキャリア
メディアリンク株式会社,インサイドセールス,東京都 港区,年収350万円～500万円,10日前,ワークポート
リコージャパン株式会社,インサイドセールスの企画,東京都 港区,年収330万円～590万円,10日前,doda
ウイングアーク1st株式会社,インサイドセールス 東証一部／～650万／国内シェアトップ帳票クラウド,東京都 港区 六本木一丁目駅,年収450万円～650万円,11日前,doda
株式会社ビースタイル,「顔認証システム」を提供するIT企業での「内勤営業,東京都 港区 芝公園駅 徒歩3分,"時給1,800円",1日前,しゅふJOBスタッフィング
株式会社サーバーワークス,ITソリューションセールス,東京都 千代田区 飯田橋駅,年収510万円～750万円,15日前,doda
パーソルテクノロジースタッフ株式会社,インサイドセールス 有給取得率90%／リモートワーク・フレックスタイム有,東京都 新宿区,年収370万円～400万円,23日前,マイナビAGENT
株式会社メタリアル,インサイドセールス アウトバウンド,東京都 千代田区 九段下駅 徒歩3分,年収400万円～,26日前,Green
アライドアーキテクツ株式会社,インサイドセールス,東京都 渋谷区,年収350万円～600万円,公開していません,パソナキャリア
パナソニック株式会社,インサイドセールスマネージャー,東京都 港区,年収600万円～900万円,11日前,doda
株式会社COMPASS,インサイドセールス,東京都 文京区 後楽園駅,年収350万円～700万円,16日前,doda
株式会社リクルートマネジメントソリューションズ,インサイドセールス,東京都 品川区 大崎駅 徒歩1分,年収640万円～706万円,4日前,U29JOB
株式会社スマートドライブ,インサイドセールス,東京都 千代田区 日比谷駅,年収450万円～750万円,20日前,U29JOB
株式会社メディシステムソリューション,インサイドセールス&マーケティング ゼロイチに関われる新規事業ポジション,東京都 品川区,年収350万円～550万円,26日前,リクルートエージェント
LIFE STYLE株式会社,インサイドセールス,東京都 港区 表参道駅,年収350万円～500万円,1日前,Green
株式会社ビズリーチ,インサイドセールス ～ビズリーチ事業／将来的なキャリアアップ可能な環境～,東京都 渋谷区 渋谷駅,年収420万円～525万円,17日前,doda
株式会社アンドパッド,インサイドセールス -リーダー,東京都 千代田区 秋葉原駅,公開していません,18日前,マイナビAGENT
データセクション株式会社,店舗DXサービスのインサイドセールス ～グロース市場上場／年間休日120日／完全週休2日制,東京都 品川区 五反田駅,年収450万円～600万円,16日前,doda
株式会社ベルシステム24,オペレーター・インサイドセールス,東京都,"月給26万円～27万2,000円",21日前,リクナビNEXT
ものレボ株式会社,インサイドセールス 中小製造業の工場DXを推進／IPOを目指す,東京都 千代田区,年収400万円～600万円,公開していません,リクルートエージェント
株式会社ソフトクリエイトホールディングス,インサイドセールス／新規開拓営業,東京都 渋谷区 渋谷駅,年収400万円～600万円,公開していません,Geekly
株式会社リブ・コンサルティング,インサイドセールス,東京都 千代田区 大手町駅,年収400万円～700万円,15日前,doda
株式会社メディシステムソリューション／株式会社日...,インサイドセールス,東京都 品川区 天王洲アイル駅,年収350万円～550万円,17日前,doda
パナソニックグループ,工務店向けクラウドsumgooインサイドセールスマネージャー,東京都 港区,公開していません,20日前,マイナビAGENT
株式会社DATAFLUCT,インサイドセールス,東京都 渋谷区,年収400万円～800万円,11日前,doda
株式会社ダイレクト・リンク,インサイドセールス フルリモート勤務／完全週休二日制／残業ほぼなし,東京都 港区 六本木一丁目駅,月給23万円～55万円,3時間前,エン転職
株式会社ディーバ,インサイドセールス,東京都 港区 品川駅 徒歩4分,年収400万円～650万円,公開していません,U29JOB
HiTTO株式会社,インサイドセールス AIチャットボットで市場シェアトップ・継続利用率は99%,東京都 千代田区,年収650万円～700万円,18日前,doda
クラスメソッド株式会社,インサイドセールス／AWS総合支援サービス「クラスメソッドメンバーズ」等,東京都 千代田区 秋葉原駅,年収400万円～600万円,19日前,doda
株式会社リンク,インサイドセールス,東京都 港区 外苑前駅,年収350万円～500万円,10日前,doda
株式会社CastingONE,インサイドセールス 第二創業期・シリーズA突入のHR系SaaSベンチャー企業,東京都 渋谷区,年収360万円～600万円,14日前,doda
NEC VALWAY株式会社,未経験歓迎 法人向けインサイドセールス・オペレータ業務,東京都 新宿区 新宿駅,年収290万円～351万円,3日前,doda
株式会社マツリカ,インサイドセールス,東京都 千代田区,年収391万円～777万円,公開していません,リクルートエージェント
ブライエッジ株式会社,リサーチャー インサイドセールス,東京都 港区 六本木駅 徒歩2分,年収300万円～450万円,公開していません,Green
株式会社グッドライフ,インサイドセールス 未経験でも月給30万円スタート,東京都 港区 六本木一丁目駅,月給30万円～,28日前,マイナビ転職
株式会社アクシバース,インサイドセールス／1週間を5秒に!アナログな業務をDXするSaaSスタートアップ,東京都 千代田区,年収400万円～700万円,2日前,en ミドルの転職
メガソフト株式会社,想定年収360万円以上!「インサイドセールス 」／毎年昇給・賞与平均4ヶ月分&福利厚生充実,東京都 千代田区 九段下駅,月給22万円～,公開していません,Office Lady
CTCエスピー株式会社,ITソリューション営業,東京都 港区,年収450万円～620万円,2日前,ワークポート
株式会社アセンド,昇給随時!残業月10時間程度の「インサイドセールス」／月給22万円～+賞与年2回／残業代全額支給,東京都 新宿区,月給22万円～,公開していません,Office Lady
ザイオネックス株式会社,SaaS インサイドセールス,東京都 中央区,年収350万円～500万円,公開していません,リクルートエージェント
コインチェック株式会社,Sharelyインサイドセールス,東京都 渋谷区 渋谷駅 徒歩6分,年収450万円～700万円,17時間前,Green
株式会社インゲージ,インサイドセールス,東京都 新宿区,年収400万円～600万円,16日前,doda
株式会社インターパーク,インサイドセールス&フィールドセールス 東京オフィス,東京都 渋谷区 渋谷駅 徒歩1分,年収310万円～610万円,19時間前,Green
Chatwork株式会社,インサイドセールス,東京都 港区,年収400万円～600万円,6日前,パソナキャリア
株式会社エコンテ,インサイドセールス 戦略策定から運用まで一気通貫で携われる／年間休日120日,東京都 渋谷区,年収400万円～600万円,14日前,doda
株式会社ワークスアプリケーションズ・エンタープラ...,インサイドセールス,東京都 千代田区,"年収700万円～1,200万円",9日前,パソナキャリア
WealthPark株式会社,年収450万～650万／フィールドセールス 事業拡大中のグローバルITスタートアップ「オルタナティブ...,東京都 渋谷区,年収450万円～650万円,13日前,LIBZ
株式会社パソナ,IT業界 営業アシスタント／テレフォンオペレーター,東京都 文京区 本郷三丁目駅 徒歩6分,"時給1,730円",29日前,パソナJOBサーチ
株式会社EventHub,インサイドセールス,東京都 千代田区 神田駅 徒歩4分,年収400万円～800万円,公開していません,U29JOB
株式会社TableCheck,在宅勤務可 インサイドセールス 急成長!飲食店向け予約・顧客管理システム,東京都 中央区,年収400万円～600万円,公開していません,リクルートエージェント
株式会社プラスアルファ・コンサルティング,インサイドセールス／在宅勤務制度 年間休日127日 土日祝休み 賞与年2回,東京都 港区 大門駅 徒歩2分,"月給20万7,167円～26万9,942円",公開していません,女の転職type
株式会社ブロードリーフ,インサイドセールス／カスタマーサクセス,東京都 品川区,年収350万円～450万円,11日前,パソナキャリア
株式会社Skillnote,インサイドセールス,東京都 中央区 京橋駅,年収500万円～700万円,14日前,doda
株式会社ミツモア,未経験可／インサイドセールス 見積もりを自動化するプラットフォーム「ミツモア」を展開,東京都 中央区,年収400万円～800万円,12日前,LIBZ
株式会社ナビット,インサイドセールス管理職候補／コールセンターのスタッフ管理・テレアポ業務,東京都 千代田区 九段下駅 徒歩1分,年収400万円～500万円,9日前,株式会社ナビット
株式会社ブレイン・ラボ,インサイドセールス,東京都 港区 田町駅,年収400万円～600万円,公開していません,U29JOB
株式会社ライトワークス,インサイドセールス／フィールドセールス,東京都 千代田区 麹町駅 徒歩5分,年収400万円～550万円,18時間前,Green
株式会社テンダ,ソフトウェアパッケージ営業／インサイドセールスorフィールドセールス,東京都 豊島区 東池袋駅,年収583万円～850万円,公開していません,Geekly
株式会社クロス・マーケティンググループ,インサイドセールス,東京都 渋谷区 初台駅 徒歩3分,年収400万円～700万円,公開していません,U29JOB
株式会社タイミー,インサイドセールス,東京都 豊島区 池袋駅 徒歩3分,年収300万円～500万円,22日前,U29JOB
株式会社リハサク,インサイドセールスマネージャー／リモート可,東京都 中央区,年収600万円～900万円,公開していません,パソナキャリア
株式会社SFIDA Ⅹ,プロジェクトマネージャー・ITコンサルタント候補,東京都 新宿区 都庁前駅 徒歩6分,"年収420万円～1,000万円",9日前,U29JOB
ACALL株式会社,SaaS・インサイドセールス,東京都 千代田区,年収450万円～550万円,15日前,doda
株式会社マイセルフ 新宿オフィス,土日祝お休み!法人向けインサイドセールス業務,東京都 新宿区 都庁前駅 徒歩7分,"時給1,600円",10日前,エン派遣
株式会社アムスコーポレーション,IT関連商品の営業アシスタント,東京都 港区 浜松町駅 徒歩5分,"時給1,700円",12日前,アムスジョブ
株式会社エルティヴィー,営業リーダー募集／ITと教育で保険業界に革新を,東京都 港区,年収450万円～550万円,11日前,doda
株式会社Mobility Technologies,インサイドセールス,東京都 港区,年収400万円～700万円,公開していません,MEITEC NEXT
株式会社ジーノット,インサイドセールス,東京都 港区,"月給27万6,000円～",公開していません,日経転職版
エムスリーデジタルコミュニケーションズ株式会社,インサイドセールス,東京都 中央区 小伝馬町駅 徒歩3分,公開していません,8時間前,CREATIVE JOB
株式会社プロトソリューション,法人提案営業～受付をIT化するSaaSサービス／東証プライム市場上場プロトコーポレーションG,東京都 新宿区,年収350万円～650万円,18日前,doda
株式会社アサーティブ,「HRTech×SaaS」インサイドセールス募集!面接は全てオンライン,東京都 港区 虎ノ門ヒルズ駅 徒歩2分,公開していません,公開していません,株式会社アサーティブ
株式会社ハンモック,SaaSセールス／自社ITサービス@東京,東京都 新宿区,年収400万円～500万円,5日前,パソナキャリア
株式会社ブロードバンドタワー,営業担当／情報セキュリティ対策ソフトウェア～テレアポ無のインサイドセールスメイン～,東京都 千代田区 霞ケ関駅,年収400万円～700万円,14日前,doda
株式会社アヴァンティスタッフ,20～40代活躍 未経験OK インサイドセールス 残業ほぼ無,東京都 千代田区 溜池山王駅 徒歩5分,"時給1,750円～1,850円",6日前,ジョブチェキ！
株式会社IIJエンジニアリング,法人向けインサイドセールス,東京都 千代田区 飯田橋駅 徒歩4分,年収300万円～400万円,公開していません,U29JOB
株式会社ネクストビート,「保育士バンク!」一気通貫型 アドバイザー ITで社会課題の解決を目指す成長ベンチャー,東京都,年収510万円～840万円,公開していません,キャリフレ
ソニービズネットワークス株式会社,インサイドセールス,東京都 渋谷区 渋谷駅,年収380万円～500万円,17日前,doda
株式会社LIG,システム会社でのセールスマネージャー／IT・情報通信業,東京都,年収600万円～800万円,公開していません,キャプラ転職エージェント
スプリームシステム株式会社,ITソリューションセールス～自社開発マーケティングツールの提案を担って頂きます～,東京都 豊島区 池袋駅,年収700万円～900万円,11日前,doda
株式会社TMJ 東日本採用センター,Google広告の運用改善を提案する／インサイドセールス,東京都 港区 大門駅 徒歩3分,"時給1,700円～",6日前,type
株式会社グルーツ,IT／データ入力,東京都 千代田区,"時給1,100円",公開していません,ジモティー
株式会社グローマス,自社システムのインサイドセールス,東京都 千代田区 秋葉原駅,年収392万円～462万円,14日前,doda
山田コンサルティンググループ株式会社,インサイドセールス～東証一部／第二新卒歓迎・ポテンシャル採用／M&Aや財務、ビジネス知識が身につく～,東京都 千代田区 東京駅,年収350万円～500万円,4時間前,doda
株式会社フューチャー・コミュニケーションズ,インサイドセールス職,東京都 中央区 水天宮前駅,年収270万円～400万円,18日前,doda
株式会社マーキュリースタッフィング,IT商材の納品業務,東京都 港区 三田駅 徒歩8分,"時給1,650円～2,000円",5日前,株式会社マーキュリースタッフィング
パソナ東京キャリアセンター,IT関連営業／部署アシスタント,東京都 渋谷区,"時給1,750円",10日前,イーアイデム
株式会社iCARE,インサイドセールス ヘルスケア×ベンチャー／43億調達上場目前／在宅OK,東京都 渋谷区,年収330万円～450万円,19日前,リクルートエージェント
株式会社パシフィックメディカル,インサイドセールス～病院向け電子カルテ「MALL」,東京都 港区 六本木一丁目駅,年収300万円～450万円,3日前,doda
株式会社RECEPTIONIST,インサイドセールスが獲得した商談でサービス説明やデモ画面で導入後の体験をしてもらい,東京都 渋谷区,年収300万円～500万円,13日前,LIBZ
株式会社うるる,インサイドセールス／fondesk,東京都 中央区 勝どき駅,年収410万円～540万円,公開していません,Geekly
セーフィー株式会社,フレックス／インサイドセールス 2年連続クラウド録画サービスシェアNo.1,東京都 品川区 五反田駅,年収360万円～600万円,13日前,LIBZ
株式会社マネーフォワード,インサイドセールス 「日本No.1お金のサービスを創り上げる」,東京都,"年収400万円～1,000万円",公開していません,Spring転職エージェント
株式会社マイクロウェーブ,インサイドセールス S&C-SL,東京都 渋谷区 渋谷駅 徒歩3分,年収360万円～700万円,1日前,Green
株式会社Hacobu,インサイドセールス,東京都 港区 三田駅 徒歩7分,年収～600万円,17時間前,Green
株式会社タノム,「食」が好きな方大募集!大注目のIT×食品カンパニーでお客様からのお問い合わせ対応～サービス導入後の...,東京都 渋谷区,年収300万円～600万円,13日前,LIBZ
株式会社ハウテレビジョン,インサイドセールス／リーダー候補,東京都 港区 六本木一丁目駅,年収600万円～800万円,公開していません,Geekly
株式会社ギャプライズ,フィールドセールスリーダー候補 海外最先端ITソリューション:monday.com、Sisense,東京都 新宿区 新宿駅 徒歩7分,年収420万円～630万円,12日前,Green
株式会社エムエム総研,キャリアアドバイザー 応募数増加中のIT／SaaS系企業に特化,東京都 新宿区 東新宿駅 徒歩3分,年収350万円～550万円,21日前,Green
メドピア株式会社,インサイドセールス ヘルスケアのDX促進を創る／売上急拡大／福利厚生,東京都 中央区,年収450万円～700万円,公開していません,リクルートエージェント
株式会社ROBOT PAYMENT,第2新卒歓迎 インサイドセールス／SaaS法人営業／経験業界不問／意欲重視,東京都 渋谷区,年収350万円～490万円,公開していません,リクルートエージェント
マーカス・エバンズ・イベント・ジャパン・リミテッド,インサイドセールス ロンドン本社「MARCUS EVANS」の日本法人 年収1000万円以上も可,東京都 千代田区 麹町駅 徒歩1分,月給20万円～,7日前,エン転職
OrangeOne株式会社,インサイドセールス,東京都 千代田区 飯田橋駅 徒歩5分,年収400万円～600万円,28日前,Green
株式会社アバント,インサイドセールス～国内トップシェア連結会計自社システム保有／導入社数1100社超／平均残業月20h,東京都 港区 品川駅,年収400万円～650万円,18日前,doda
株式会社AGEST,IT営業,東京都 渋谷区 初台駅 徒歩1分,"月給31万9,600円～",19日前,type
BRANU株式会社,インサイドセールス,東京都 港区 六本木駅,年収500万円～700万円,12日前,doda
さくらインターネット株式会社,インサイドセールス,東京都 新宿区,年収400万円～600万円,13日前,パソナキャリア
株式会社アンカーネットワークサービス,OA機器のインサイドセールス／営業反響営業 土日祝休み,東京都 江戸川区 葛西臨海公園駅 徒歩14分,月給22万円～34万円,14時間前,リクナビNEXT
独自のクラウドサービスで成長を続ける東証プライム...,インサイドセールス／若手積極採用中／01so,東京都 渋谷区,年収417万円～560万円,19時間前,ふれつり転職相談
株式会社ウィルオブ・ワーク,経験者歓迎!大手Gのインサイドセールスサポート業務,東京都 墨田区 菊川駅 徒歩6分,"時給1,600円～",公開していません,WILLOF
株式会社イノベーション,IT統制責任者,東京都 渋谷区 渋谷駅,年収500万円～900万円,公開していません,Geekly
サン電子株式会社,関東の方歓迎 インサイドセールス,東京都 中央区,年収320万円～410万円,15日前,doda
株式会社オープンループパートナーズ,IT商材ニーズ聞き取り ノルマなし 平日9-18時 長期,東京都 世田谷区 三軒茶屋駅 徒歩10分,"時給1,750円～",公開していません,しごとら
SAS Institute Japan株式会社,JMPインサイドセールス,東京都 港区 六本木駅 徒歩5分,"年収700万円～1,500万円",公開していません,キャリコネ転職
Thinkings株式会社,インサイドセールス ～資金調達9.5億／シェアトップ目前～,東京都 中央区 新日本橋駅,年収380万円～500万円,11日前,doda
株式会社Arent,インサイドセールス PlantStream,東京都 中央区 八丁堀駅,"年収500万円～1,000万円",公開していません,Green
株式会社WACUL,インサイドセールス業務設計,東京都 千代田区 御茶ノ水駅 徒歩6分,年収450万円～900万円,28日前,Green
株式会社Housmart,インサイドセールス 急成長中の不動産Tech企業,東京都 中央区,年収450万円～700万円,公開していません,リクルートエージェント
シンクトワイス株式会社,インサイドセールス,東京都 港区,公開していません,27日前,マイナビAGENT
株式会社メディフォン,インサイドセールスポジション,東京都 港区,年収400万円～600万円,5日前,株式会社メディフォン
株式会社バベル,インサイドセールス 営業活動をAIで可視化／AI・MLを活用した事業を展開,東京都 渋谷区,年収500万円～,公開していません,リクルートエージェント
Bizネクストジャパン株式会社 統括支部,インサイドセールスSTAFF 企業のマーケティング活動を支援する自社MAツールの営業,東京都 渋谷区,"月給36万6,666円～",1日前,Bizネクストジャパン株式会社統括支部
Terra Drone株式会社,インサイドセールス,東京都 渋谷区 渋谷駅,年収350万円～500万円,7日前,doda
ファーストループテクノロジー株式会社,急募 営業企画／インサイドセールス 業界未経験歓迎／リモート可／フレックス,東京都 板橋区,年収447万円～680万円,5日前,リクルートエージェント
株式会社情報基盤開発,インサイドセールス・法人営業,東京都 文京区 本郷三丁目駅 徒歩5分,年収325万円～420万円,4日前,Green
