株式会社インダストリー・ワン,DXコンサルタント,東京都 千代田区,"年収420万円～1,500万円",14日前,ワークポート
アポロ株式会社,DXコンサルタント,東京都,年収600万円～900万円,5日前,日経転職版
株式会社Lupinus,年休126日 クライアントの課題に向き合うDXコンサルタント,"東京都 港区 六本木駅 徒歩1分                                                                                                                                                                    




六本木駅の求人
をすべて見る","年収1,080万円～",18日前,リクナビNEXT
株式会社セブン&アイ・ホールディングス,IT／DX組織統括メンバー ～自身で検討した企画立案が可能など、個人の裁量が大きい環境～,"東京都 新宿区 四ツ谷駅                                                                                                                                                                    




四ツ谷駅の求人
をすべて見る


株式会社セブン&アイ・ホールディングスの求人
をすべて見る",年収500万円～,1日前,doda
アルサーガパートナーズ株式会社,実力者のマインドを吸収しさらなる成長を／DX事業推進コンサル,"東京都 渋谷区 渋谷駅                                                                                                                                                                    




渋谷駅の求人
をすべて見る","年収500万円～1,800万円",5日前,リクナビNEXT
株式会社デイトナ・インターナショナル,DX本部 社内SE 募集,"東京都 渋谷区                                                                                                                                                                    




株式会社デイトナ・インターナショナルの求人
をすべて見る",年収500万円～750万円,12日前,株式会社デイトナ・インターナショナル
アデコ株式会社,DXプロジェクトリード,"東京都 千代田区                                                                                                                                                                    




アデコ株式会社の求人
をすべて見る","年収600万円～1,000万円",14日前,ワークポート
EY新日本有限責任監査法人,DX戦略担当,東京都 千代田区 日比谷駅,"年収900万円～1,300万円",2日前,doda
日鉄ソリューションズ株式会社,DX事業企画,東京都 港区,"年収650万円～1,199万円",1日前,en ミドルの転職
リアステージ,DX営業職,東京都 港区 六本木駅,"年収650万円～1,200万円",12日前,リアステージ
株式会社メンバーズ DXコンパスカンパニー,DXの企画～実行まで担うDXプロデューサー／DXコンパス,東京都,"年収400万円～1,200万円",4日前,en ミドルの転職
株式会社ジンズホールディングス,社内DXプロジェクト管理リーダー候補 革新的なアイケア企業,東京都 千代田区 飯田橋駅 徒歩5分,月給36万963円～,20日前,エン エージェント
株式会社マネジメントソリューションズ,DX／ITコンサルタント／DMO／東証プライム／DX内製化支援／定年65歳,東京都 港区,"年収800万円～1,200万円",20日前,エン エージェント
株式会社光通信,時価総額1兆円の企業に成長した高収益企業が、新たなDXサービス事業の事業部長候補,東京都 豊島区,"年収700万円～1,000万円",10日前,A・ヒューマン
NECソリューションイノベータ株式会社,IT活用面での課題改善提案／DX化の企画立案・提案など,東京都 江東区 新木場駅,年収600万円～900万円,29日前,doda
株式会社ビースポーク,行政機関の生産性向上に貢献する DXプロジェクトプランナー,東京都 渋谷区 渋谷駅 徒歩1分,年収600万円～800万円,1日前,マイナビ転職
日本電気株式会社,DX ビジネスセールス&クリエーター,東京都,年収680万円～800万円,公開していません,Spring転職エージェント
大成建設株式会社,BIMを核としたDXの推進／設計本部,東京都 新宿区,"年収600万円～1,100万円",公開していません,日経転職版
株式会社CAQNAL,DX領域セールスプランナー／フルリモート／スーパーフレックス／売上250%増の成長企業,東京都 渋谷区,年収400万円～600万円,15時間前,doda
PwCあらた有限責任監査法人,DXガバナンス推進のプロジェクトマネージャー,東京都 千代田区,"年収500万円～1,500万円",公開していません,パソナキャリア
株式会社博報堂,DX推進プランナー,東京都 港区 赤坂駅,"年収850万円～1,500万円",23日前,U29JOB
株式会社富士通総研,教育DXを実践するコンサルタント #公共向けのコンサル会社／DX案件多数#FRI210012,東京都 大田区 蒲田駅,年収450万円～950万円,2日前,doda
トランス・コスモス株式会社,公共DX推進ディレクター／公共領域未経験でも挑戦可能,東京都 豊島区,年収400万円～800万円,12日前,パソナキャリア
トランス・コスモス株式会社~プライム市場上場企業～,公共DX推進ディレクター～大手BPOサービス企業／プライム上場～,東京都 豊島区 池袋駅,年収400万円～800万円,12日前,doda
みずほリサーチ&テクノロジーズ株式会社,DX支援コンサルティング,東京都,"年収600万円～1,500万円",公開していません,日経転職版
株式会社アスリート,DX,東京都 港区,年収360万円～550万円,7時間前,かんたん応募
株式会社千葉銀行,DX推進,東京都 千代田区 東京駅,"年収700万円～1,100万円",18日前,パソナキャリア
アジアクエスト株式会社,ITコンサルタント DX共創プロジェクトを推進／在宅勤務中心,東京都 千代田区,"年収500万円～1,000万円",3日前,リクルートエージェント
株式会社オープンハウスグループ,プロジェクトマネージャー／PM 新規DX案件の企画立案・計画策定・PoCの実行／ロードマップ策定,東京都 中央区 銀座駅,"年収420万円～1,500万円",公開していません,レバテックキャリア
小野薬品工業株式会社,DXの企画 プライム市場上場のグローバルスペシャリティファーマ,東京都,年収500万円～850万円,6日前,リクルートエージェント
株式会社椿本チエイン,DX化推進業務,東京都 江東区 東陽町駅,年収500万円～850万円,8日前,タイズ
ディップ株式会社,DX SaaSプロダクト「コボット」クリエイティブディレクター,東京都 渋谷区,"年収500万円～1,000万円",28日前,ディップ株式会社
住友金属鉱山株式会社,DX推進担当 鉄金属業界のユニークカンパニー／創業420年,東京都 港区 新橋駅 徒歩5分,"年収600万円～1,000万円",20日前,エン エージェント
株式会社JSOL,DXコンサルタント NTTデータG~リモート可／年収700万～顧客企業のDX戦略立案・実行を支援する,東京都 中央区 勝どき駅,年収700万円～800万円,8日前,doda
株式会社ファーストデジタル,デジタル・IT・WEBの力で企業を支援 DXコンサルタント,東京都,月給30万円～,13日前,リクナビNEXT
りらいあコミュニケーションズ株式会社,DX企画部／部長,東京都 新宿区 新宿駅 徒歩3分,"年収880万円～1,000万円",公開していません,エン エージェント
プライマルホールディングス株式会社,DX総務,東京都 港区 浜松町駅,年収348万円～590万円,公開していません,日経転職版
一般財団法人国際医学情報センター,完全週休2日&残業少なめ DX推進／IT化戦略・システム導入,東京都 新宿区 信濃町駅 徒歩1分,年収330万円～,11日前,リクナビNEXT
住友重機械工業株式会社,全社DX人材育成の企画・統括リーダー,東京都 品川区 大崎駅,"年収500万円～1,000万円",公開していません,doda
株式会社Arent,プロジェクトマネージャー 大手企業とDX開発案件推進／新規事業開発,東京都 中央区 八丁堀駅,"年収500万円～1,000万円",13日前,エンジニアHubキャリア
株式会社STANDARD,"エンタープライズセールス 大手企業向けDX課題解決の提案,IPO準備中",東京都 千代田区,"年収800万円～1,500万円",14日前,リクルートエージェント
株式会社エムティーアイ,DXサービスアジャイルチームメンバー ～自社コンテンツ配信企業～,東京都 渋谷区 初台駅,年収500万円～700万円,公開していません,doda
株式会社CARTA HOLDINGS,メディアDX推進コンサルタント,東京都 中央区,年収600万円～850万円,4日前,マイナビ転職エージェントサーチ
株式会社デジタルシフトウェーブ,DX推進コンサルタント,東京都 渋谷区,年収400万円～700万円,27日前,パソナキャリア
パナソニックコネクト株式会社,パナソニックコネクトの販売管理分野におけるDX推進,東京都,年収550万円～950万円,13日前,Spring転職エージェント
株式会社メンバーズ,DXプロデューサー,東京都 品川区 五反田駅 徒歩10分,年収400万円～650万円,公開していません,株式会社メンバーズ
株式会社日立製作所,Lumada Innovation Hub TokyoにおけるDXプロデューサ,東京都 千代田区,"年収1,000万円～1,400万円",8日前,タイズ
株式会社デジタルホールディングス,DXコンサルタント管理職候補,東京都 千代田区 市ケ谷駅,"年収1,050万円～1,500万円",2日前,doda
株式会社フルスピード,DXプロデューサー・ECサイトのWebディレクター／DX推進を提案,東京都 渋谷区 渋谷駅,年収450万円～850万円,2日前,doda
Pomalo株式会社,「新たなDX支援」のモデル創出 リモートワーク可,東京都 港区,"年収700万円～1,000万円",24日前,リクルートエージェント
株式会社エクサウィザーズ,事業開発・セールス担当／DX人材育成支援プロダクト「exaBase DXアセスメント&ラーニング」,東京都 港区 汐留駅,"年収420万円～1,020万円",公開していません,doda
ハンズホールディングス株式会社,DXプロジェクト推進担当,東京都 千代田区 岩本町駅,年収450万円～650万円,公開していません,doda
パーソルプロセス&テクノロジー株式会社,131  SSOL ITコンサル・システムソリューションを駆使した顧客課題解決型のDX営,東京都 江東区 豊洲駅,年収525万円～795万円,4日前,マイナビAGENT
株式会社サイバーエージェントDX,UI／UXデザイナー 企業の売上拡大を支援する次世代DXデザイナー募集,東京都 渋谷区,"年収408万円～1,000万円",3日前,リクルートエージェント
株式会社船井総合研究所,DXコンサルタント 東証プライム上場,東京都 千代田区 東京駅 徒歩1分,"年収800万円～1,000万円",20日前,エン エージェント
パーソルキャリア株式会社,営業企画またはDX企画,東京都,年収562万円～859万円,公開していません,Spring転職エージェント
デロイト トーマツ コンサルティング合同会社,DX担当,東京都 千代田区,公開していません,11日前,ELITE Network.
株式会社創新ラボ,DXコンサルタント,東京都 千代田区 麹町駅 徒歩2分,年収500万円～800万円,公開していません,U29JOB
株式会社テレビ朝日メディアプレックス,TV業界でDX事業を経験! デジタルコンテンツプロデューサー,東京都 港区 六本木駅 徒歩5分,月給25万円～30万円,21日前,マイナビ転職
株式会社VRAIN Solution,製造業DX推進コンサルタント 大手製造業を中心に導入実績多数!,東京都,"年収800万円～1,400万円",7日前,キャリフレ
パーソルイノベーション株式会社,DX組織変革コンサルタント,東京都 港区,"年収600万円～1,000万円",公開していません,パソナキャリア
株式会社オープンハウス,DXプロデューサー 企画・事業開発・プロジェクトマネージャー,東京都 中央区 銀座駅 徒歩2分,"年収420万円～1,500万円",22日前,Green
AI inside株式会社,DXコンサルタント,東京都 渋谷区 渋谷駅 徒歩5分,年収600万円～850万円,23日前,U29JOB
パナソニック株式会社,DXシステム企画,東京都,年収600万円～900万円,13日前,Spring転職エージェント
エムスリー株式会社,新規事業推進／医療DX次世代リーダー候補 ～社会貢献性の高い事業～,東京都 千代田区 溜池山王駅,"年収500万円～1,000万円",16日前,doda
株式会社100,DXコンサルタント 急成長HubSpotを活用したDX戦略を担い事業課題を解決,東京都 世田谷区,年収500万円～800万円,12日前,リクルートエージェント
株式会社スタッフサービス,DX推進プロジェクト,東京都 品川区 五反田駅 徒歩10分,"時給3,300円～",4日前,エンジニアガイド
株式会社アイデミー,リモート&フルフレックス アカウントセールス AI／DX人材育成のための教育カリキュラムや施策を,東京都 千代田区,年収560万円～950万円,28日前,LIBZ
株式会社マイナビ,クライアントのDX支援におけるプリセールス,東京都 千代田区 竹橋駅 徒歩1分,年収400万円～800万円,4日前,CREATIVE JOB
株式会社ラキール,DXコンサルタント ～SI企業出身大歓迎～,東京都,"年収550万円～1,200万円",26日前,Spring転職エージェント
株式会社Opt Fit,Webエンジニア／自社サービス「GYM DX」,東京都 港区 六本木一丁目駅,年収500万円～800万円,公開していません,Geekly
株式会社テクノミックス,PM候補 DXプラットフォーム「SmartDocs」／完全週休二日制,東京都 港区,年収500万円～600万円,15日前,doda
株式会社BONX,DXコンサルタント,東京都 渋谷区 渋谷駅,"年収700万円～1,500万円",26日前,doda
Airitech株式会社,大規模DX案件のPM,東京都 港区 神谷町駅 徒歩7分,"年収800万円～1,200万円",5日前,type
株式会社SHIFT,DXコンサルタント候補 競合他社のいないブルーオーシャン市場で年間約150%の売上高成長率,東京都,年収400万円～700万円,7日前,キャリフレ
トライベック株式会社,DXで中小企業に成長と活力を起こすSaaSサービス!新規事業初の専任サーバーサイドエンジニアを募集,東京都,年収500万円～849万円,1日前,en ミドルの転職
STAGE株式会社,社長直下／DX戦略開発部 事業責任者 候補,東京都 豊島区 池袋駅 徒歩5分,年収500万円～799万円,12時間前,en ミドルの転職
神鋼商事株式会社,社内SE DX企画／IT戦略・推進 神戸製鋼グループ,東京都 中央区,"年収600万円～1,200万円",10日前,リクルートエージェント
株式会社ハイウェル,フリーランス／LAMP環境経験必須／DX新規受託案件,東京都 新宿区,月給50万円～70万円,20時間前,株式会社ハイウェル
サイオステクノロジー株式会社,事業企画／技術力・ナレッジを活用したDX推進事業,東京都 港区 白金高輪駅,年収500万円～800万円,公開していません,doda
株式会社エヌ・ティ・ティ・データ,コンサルタント 保険分野におけるDX推進コンサルタント,東京都,年収600万円～900万円,公開していません,Spring転職エージェント
株式会社野村総合研究所,DXコンサルタント,東京都 千代田区,"年収600万円～1,800万円",11日前,マイナビ転職エージェントサーチ
株式会社アーリーワークス,営業企画 不動産DXを世界最速ブロックチェーン技術で実装,東京都 台東区,"年収900万円～1,200万円",3日前,リクルートエージェント
株式会社シグマクシス,DXコンサルタント／変革実現人財を募集／東証プライム上場,東京都 港区,"年収600万円～1,500万円",2日前,doda
野原ホールディングス株式会社,DXプロジェクトメンバー／マネージャー候補,東京都 新宿区 新宿御苑前駅,年収608万円～900万円,公開していません,Geekly
株式会社ADDIX,サービスデザイナー DX事業／事業開発支援／有名企業取引実績あり,東京都 港区,年収420万円～888万円,2日前,リクルートエージェント
ディスカバリーズ株式会社,DXコンサルタント DX課題へのソリューション提案や活用定着を支援,東京都 港区,年収456万円～600万円,3日前,リクルートエージェント
株式会社マツモト,DX化を推進する 社内SE 実務未経験OK,東京都 新宿区 新宿御苑前駅 徒歩2分,月給25万円～40万円,15日前,マイナビ転職
株式会社Kaizen Platform,DX／UX Project Manager PM,東京都 港区 白金高輪駅,年収400万円～800万円,13日前,Green
DIC株式会社,DX担当マネージャー候補,東京都 中央区,"年収800万円～1,000万円",4日前,マイナビ転職エージェントサーチ
BIPROGY株式会社,スマホアプリを活用した顧客接点DX推進リーダ・PM,東京都 江東区,"年収600万円～1,100万円",4日前,マイナビ転職エージェントサーチ
株式会社Regrit Partners,DX戦略コンサルタント／コンペ勝率9割／100%プライム／急成長コンサルファーム,東京都 千代田区 永田町駅,"年収650万円～2,000万円",17時間前,doda
株式会社アシスト,新規ビジネス推進担当／顧客のDX推進、内製化を支援・新たな伴走型サービス企画,東京都 千代田区 市ケ谷駅,年収550万円～900万円,公開していません,doda
株式会社Re-Tech RaaS,不動産DX推進のSaaS「ラクテックシリーズ」／土日祝休,東京都 渋谷区,年収400万円～500万円,公開していません,リクルートエージェント
三菱マテリアル株式会社,戦略本社DX／システム戦略部 ICT推進室 企画担当 管理職,東京都 千代田区 二重橋前駅,"年収800万円～1,050万円",28日前,女の転職type
船井総研ロジ株式会社,DXコンサルタント 物流企業向けのDXコンサルティング,東京都 千代田区,"年収450万円～1,500万円",16時間前,en ミドルの転職
株式会社エムズ・コンサルティング,DX推進などに挑戦 コーポレートスタッフ 土日祝休み,東京都 港区 六本木一丁目駅 徒歩4分,月給23万円～33万円,公開していません,マイナビ転職
コムチュア株式会社,I03 金融DX推進プロジェクトのリーダ・ベンダーコントロール,東京都 品川区 大崎駅,年収460万円～560万円,公開していません,doda
auじぶん銀行株式会社,社内DX推進担当,東京都 中央区 日本橋駅,年収450万円～900万円,22日前,doda
FPTコンサルティングジャパン株式会社,DXコンサルタント／ベトナム最大の大手企業,東京都 港区 大門駅,"年収500万円～2,500万円",公開していません,Geekly
ワークスアイディ株式会社,転勤無 DXコンサルタント職 年間休日125日／成長できる環境,東京都 渋谷区,年収400万円～700万円,3日前,リクルートエージェント
富士通株式会社,お客様のDXに伴走して支援するDX Business Consultant,東京都 港区 汐留駅,年収550万円～900万円,2日前,doda
株式会社Malme,"BIM／CIM 3次元設計技術者 ""ドボクをもっとおもしろく""建設DXスタートアップ",東京都 千代田区,年収350万円～550万円,3日前,リクルートエージェント
ユナイテッド株式会社,DXコンサルタント,東京都 渋谷区,年収420万円～600万円,2日前,リクルートエージェント
株式会社サイバーエージェント,クライアント企業のDXを支援、推進／新部署,東京都 渋谷区,"年収408万円～1,200万円",3日前,リクルートエージェント
株式会社スカイディスク,DXソリューションスタジオ PM,東京都 千代田区,年収400万円～800万円,公開していません,doda
グロービング株式会社,クライアントのDX戦略立案、具体化を担うIT戦略コンサルタント／執行役員支援,東京都 港区 外苑前駅,"年収500万円～2,500万円",公開していません,Geekly
ピクシブ株式会社,DX推進コンサルタント,東京都,月給30万円～60万円,公開していません,ピクシブ株式会社
グルーヴ・ギア株式会社,DXコンサルタント／特待生 研修あり,東京都 新宿区 四ツ谷駅 徒歩1分,年収420万円～500万円,7日前,Green
株式会社パソナテック,顧客のDX実現を支援,東京都 千代田区 東京駅,年収400万円～600万円,9時間前,doda
旭化成株式会社,マーケティングDXを推進するITエンジニア・マーケター,東京都 港区 田町駅 徒歩4分,"年収550万円～1,300万円",1日前,タイズ
ロングブラックパートナーズ株式会社,DX／ICTコンサルタント,東京都 港区,公開していません,5日前,アンテロープ
パーソルワークスデザイン株式会社,未経験大歓迎 事務業務のDX化推進プロジェクトスタッフ／年間休日120日以上／研修充実／在宅可,東京都 豊島区 池袋駅,年収310万円～434万円,公開していません,doda
アンファー株式会社,社内SE／社内医療システムのDX担当／「スカルプD」ヘアケア業界13年連続1位,東京都 千代田区 東京駅 徒歩1分,月給32万円～,公開していません,エン エージェント
株式会社コトラ,2205Salesforceを通じたDX推進・組織変革コンサルタント,東京都 千代田区 溜池山王駅,"年収600万円～1,000万円",3日前,Green
凸版印刷株式会社,DX推進プロジェクトマネージャー,東京都 千代田区 飯田橋駅 徒歩12分,年収400万円～850万円,8日前,Green
株式会社SP,Webディレクター 新規事業に参画!Webデザイン経験を活かしたDX推進,東京都 港区,年収550万円～700万円,2日前,リクルートエージェント
株式会社ビッグツリーテクノロジー&コンサルティング,DXコンサルタント／WEB面接可,東京都 港区,"年収600万円～1,400万円",2日前,リクルートエージェント
三菱ケミカルシステム株式会社,DXプロジェクト推進リードエンジニア,東京都 墨田区 押上駅,"年収600万円～1,000万円",公開していません,doda
株式会社TENET,医療機関向けDX支援事業／数十億円の資金調達,東京都 渋谷区,"年収700万円～1,000万円",公開していません,doda
株式会社,大規模DX案件のPM・PL／前給保証／居住地は全国OK,東京都 港区 神谷町駅 徒歩7分,"年収800万円～1,200万円",1日前,doda
playground株式会社,カスタマーサクセス／エンタメDXクラウド／外資総合コンサル経験歓迎,東京都 千代田区 半蔵門駅,年収350万円～600万円,公開していません,Geekly
コニカミノルタ株式会社,IT企画／DX推進担当,東京都 八王子市 北八王子駅                                                                                                                                                                その他 (4),年収600万円～800万円,公開していません,doda
東京エレクトロン株式会社,統合技術推進室:DX・デジタルビジネス企画・推進 世界ト,東京都,"年収790万円～1,070万円",公開していません,日経転職版
CTCシステムマネジメント株式会社,DX推進エンジニア 積極的なチャレンジ歓迎!／CTCグループ／テレワーク中心,東京都 港区,年収400万円～800万円,16日前,リクルートエージェント
株式会社トラント,カスタマーサクセス DX推進をサポート 女性エンジニア多数活躍 残業少なめ,東京都 渋谷区 恵比寿駅 徒歩3分,月給23万円～35万円,11日前,女の転職type
トランスコスモス株式会社,公共DX推進ディレクター,東京都 渋谷区 渋谷駅,年収400万円～800万円,公開していません,Geekly
株式会社広済堂ホールディングス,DX戦略本部 本部長,東京都 港区 日の出駅,"年収500万円～1,200万円",公開していません,Geekly
アルヒ株式会社,DX推進担当,東京都 港区 六本木一丁目駅,年収600万円～800万円,公開していません,doda
ロジ・ソリューション株式会社,部長 物流コンサルタント／DX推進 東証プライム上場グループ／福利厚生充実,東京都 江東区,"年収900万円～1,100万円",16時間前,リクルートエージェント
フューチャー株式会社,DXコンサルタント／経験・スキルを活かし裁量高く顧客のDXを強力に推進する,東京都 品川区 大崎駅,"年収600万円～2,000万円",公開していません,doda
株式会社ジール,DXコンサルタント～BI／DWH専業のソリューションベンダー～,東京都 品川区 目黒駅,"年収800万円～1,000万円",公開していません,doda
ザンシン株式会社,DXビジネスコンサルタント マネージャー候補 先頭に立って事業拡大を引っ張る攻めの部門長候補募集,東京都 千代田区 神田駅 徒歩5分,年収480万円～720万円,公開していません,Green
アクセンチュア株式会社,DXコンサルタント コンサル業界／職種経験不問 リモートワーク&時短制度有,東京都 千代田区 溜池山王駅 徒歩8分,"年収500万円～1,500万円",7日前,女の転職type
株式会社センシンロボティクス,プロジェクトマネージャー 電力業界のDXコンサル,東京都 港区 広尾駅 徒歩4分,"年収700万円～1,500万円",8時間前,かんたん応募
株式会社Speee,メディア編集／マーケティングディレクター／リアル産業DX領域,東京都 港区 六本木一丁目駅,年収300万円～700万円,公開していません,Geekly
野村不動産株式会社,DX案件の企画実行、プロマネ,東京都 新宿区,"年収634万円～1,129万円",公開していません,パソナキャリア
EYストラテジー・アンド・コンサルティング株式会社,テクノロジーコンサルタント Corporate DX,東京都 千代田区,"年収1,000万円～1,800万円",12日前,パソナキャリア
セントケア・ホールディング株式会社,訪問介護スタッフ／ヘルパー／セントケアDX 高円寺営業所 訪問介護,東京都 杉並区 高円寺駅 徒歩9分,"月給22万8,500円～27万5,000円",4日前,セントケア・ホールディング株式会社
株式会社アサーティブ,希少求人!「DX推進エンジニア・DXコンサルタント」 DX推進担当として多彩な領域で活躍,東京都 千代田区 秋葉原駅 徒歩2分,公開していません,20時間前,株式会社アサーティブ
株式会社インテージ,クライアントのDX支援,東京都 千代田区 秋葉原駅,年収540万円～850万円,2日前,doda
第一三共株式会社,ASCA事業本部内DX推進担当,東京都 中央区 三越前駅,"年収600万円～1,000万円",公開していません,doda
株式会社ファーストコンテック,ITと実店舗とお客さまを結び、DXを運用し収益をあげる,東京都 千代田区,年収300万円～800万円,7日前,リクルートエージェント
株式会社豆蔵,DX戦略支援／公共系コンサルタント,東京都 新宿区 新宿駅,"年収750万円～1,000万円",公開していません,doda
株式会社日立システムズ,DXプラットフォームサービスを活用した営業推進,東京都 品川区 大崎駅,年収450万円～750万円,公開していません,doda
株式会社クリーク・アンド・リバー社 デジタル・コ...,未経験歓迎!デジタル技術やデータ活用し、顧客のDX推進を担うビジネスプロデューサー,東京都 千代田区 内幸町駅 徒歩5分,月給27万円～,公開していません,DXcareer
株式会社ユーラスエナジーホールディングス,新規事業およびDX／BPR担当,東京都 港区,"年収700万円～1,100万円",13時間前,建設・設備求人データベース
CO-NECT株式会社,1000兆円規模の巨大市場!受発注領域のDX化を推進,東京都 千代田区,年収400万円～600万円,3日前,リクルートエージェント
三井金属ユアソフト株式会社,経営企画 Missionは”三井金属グループのDX戦略遂行”,東京都,"月給37万1,000円～",19日前,エン エージェント
Tangerine株式会社,フィールドセールス 自動ドアセンサーを活用した店舗DX／リモート可,東京都 港区,年収450万円～650万円,12日前,リクルートエージェント
SCデジタルメディア株式会社,開発プロジェクトマネジメント 総合商社発／様々な事業のDX化・新規事業開発,東京都 渋谷区,"年収500万円～1,000万円",公開していません,リクルートエージェント
ゼネラ株式会社,プロジェクトマネージャー／PM 生保業界／AIエンジンを用いたDXサービスを推進,東京都 渋谷区 渋谷駅,"年収540万円～1,440万円",21日前,レバテックキャリア
コニカミノルタマーケティングサービス株式会社,開発責任者 マーケティング部門の業務DXを推進するクラウドサービス／SaaS,東京都 中央区 茅場町駅 徒歩6分,"年収600万円～1,200万円",15時間前,Green
株式会社チェングロウス,社内DX推進エンジニア／PM・PL候補／オートバックスセブン,東京都 江東区 豊洲駅 徒歩7分,年収350万円～650万円,6日前,株式会社チェングロウス
株式会社KADOKAWA,DX推進 グループEC事業部の戦略企画・推進／フレックスタイム制／リモートワークOK,東京都 千代田区 飯田橋駅 徒歩6分,"月給29万4,000円～",12日前,エン転職
エヌ・ティ・ティ・コミュニケーションズ株式会社,公共案件DX推進プロジェクトマネージャー及び運用マネージャー,東京都,年収550万円～800万円,公開していません,エヌ・ティ・ティ・コミュニケーションズ株式会社
株式会社電通国際情報サービス,自治体DXソリューション開発リーダー／メンバー,東京都 港区 品川駅,"年収500万円～1,000万円",公開していません,doda
テクバン株式会社,DX関連プロジェクト保守運用PM ～平均残業時間20時間／自社クラウドサービス有～,東京都 港区 芝浦ふ頭駅,年収550万円～750万円,6日前,doda
CREW株式会社,DX 組織変革支援コンサルタント,東京都 港区,"年収600万円～1,000万円",9日前,ふれツリ求人なび
住友セメントシステム開発株式会社,DXコンサルタント ～住友大阪セメントとNECの共同出資会社～,東京都 港区,年収350万円～,9日前,リクルートエージェント
ニスコム株式会社,営業 経営者などのハイレイヤー向け営業でDX化を支援!直行直帰／フレックス,東京都 渋谷区,年収327万円～357万円,3日前,リクルートエージェント
株式会社電通デジタル,DX戦略コンサルタント／顧客基点のDX事業提案／在宅OK／幸せな働き方を追求,東京都 港区,"年収600万円～1,500万円",3日前,リクルートエージェント
アノーバコンサルティング株式会社,DX推進支援／建設,東京都 港区,月給100万円～150万円,公開していません,modis
株式会社Hacobu,物流課題を変革するDXコンサルタント,東京都 港区,"年収900万円～1,600万円",公開していません,doda
株式会社トライトキャリア,ヘルスケアDXの提案営業・人材コーディネーター／在宅勤務OK,東京都 千代田区 有楽町駅 徒歩1分,月給25万円～40万円,13日前,doda
株式会社物語コーポレーション,DX推進 =配膳ロボなどのDX施策を推進,東京都 港区,"年収600万円～1,000万円",公開していません,リクルートエージェント
ファストドクター株式会社,DX担当,東京都 港区 三田駅 徒歩3分,"年収600万円～1,000万円",公開していません,U29JOB
株式会社日立コンサルティング,DXコンサルタント,東京都 千代田区,"年収500万円～1,200万円",公開していません,パソナキャリア
株式会社コアコンセプト・テクノロジー,ITコンサルタント～DXに関わるシステム企画・提案フェーズから参画／8割リモート～,東京都 豊島区 池袋駅,"年収500万円～1,000万円",公開していません,doda
NECフィールディング株式会社,DX推進プロジェクトマネージャー／DXを活用した業務プロセス改善などを担う,東京都 港区 赤羽橋駅,年収450万円～670万円,8日前,doda
株式会社クラブネッツ,ガス・エネルギー企業へのDX化コンサルティング営業,東京都 渋谷区 渋谷駅 徒歩5分,年収400万円～600万円,12日前,株式会社クラブネッツ
株式会社セゾン情報システムズ,LKG-03 プロジェクトマネージャー データ連携-DX推進／自社サービス導入支援,東京都 港区,"年収750万円～1,100万円",16時間前,リクルートエージェント
株式会社ABEJA,AIソリューションセールス 顧客のDX推進に向けたAIソリューションの企画・実行,東京都 港区,年収600万円～800万円,2日前,doda
日鉄総研株式会社,DXコンサルタント 業務コンサルティング／日本製鉄グループ,東京都 千代田区,年収700万円～,20日前,リクルートエージェント
ルネサス エレクトロニクス株式会社,次世代グローバルITシステム・DX推進リーダー,東京都 江東区 豊洲駅,"年収600万円～2,000万円",2日前,doda
株式会社テクロス,Webデザイナー／新規DX事業,東京都 渋谷区 渋谷駅,年収250万円～450万円,公開していません,Geekly
株式会社三菱UFJ銀行,BtoBの顧客DX 中途入社多数／豊富なキャリアパス,東京都 千代田区,"年収600万円～1,100万円",公開していません,doda
株式会社レイヤーズ・コンサルティング,DXコンサルタント,東京都 中央区 勝どき駅,"年収600万円～1,200万円",公開していません,Geekly
株式会社キカガク,AI講師 兼 DXコンサルタント,東京都 渋谷区 渋谷駅 徒歩8分,"年収400万円～1,200万円",8日前,type
株式会社PubteX,戦略企画室長／戦略の企画・実行／DXで出版流通をサステナブルにする事業／丸紅グループ,東京都 千代田区 小川町駅,"年収600万円～1,200万円",公開していません,doda
株式会社エヌ・ティ・ティ・データ経営研究所,事業変革・DXコンサルティング 未経験者歓迎,東京都 千代田区,"年収470万円～1,000万円",公開していません,パソナキャリア
株式会社アルゴリズム,事業企画／自社DXサービス／部門立ち上げから事業開発／裁量大,東京都 品川区 五反田駅,年収500万円～800万円,19日前,doda
古河産業株式会社,社内SE ～リモート可／DX化にも携われます／東証一部上場古河電工G～,東京都 港区 新橋駅,年収450万円～700万円,公開していません,doda
コダワリ・ビジネス・コンサルティング株式会社,経営・DXコンサルタント,東京都 中央区 東銀座駅 徒歩6分,年収430万円～800万円,23日前,U29JOB
株式会社マイナビワークス,コールセンター業務のDX推進,東京都 渋谷区 渋谷駅 徒歩6分,"時給2,000円～2,200円",9日前,マイナビスタッフ 派遣
TIS株式会社,業務DX推進のITコンサル,東京都 江東区,公開していません,公開していません,TIS株式会社
株式会社EVERRISE,DXのSaaS営業,東京都 港区,公開していません,公開していません,マイナビAGENT
株式会社モンスターラボ,DXセールス／ビジネスプロデューサー／システム営業経験者歓迎,東京都 渋谷区 恵比寿駅,年収400万円～600万円,公開していません,Geekly
KDDI株式会社,AI・データビジネスコンサルタント／DX導入推進,東京都 港区,年収550万円～,5日前,パソナキャリア
株式会社オプティム,ITプリセールス 自社AI・IoTプロダクト／DX人材としての市場価値を向上させる,東京都 港区,年収400万円～800万円,8日前,リクルートエージェント
東証一部 情報機器、医療機器メーカー コニカミノ...,商業印刷顧客のDXをサポートするサービス、商品の企画、新規ビジネスモデル推進リーダー,東京都 中央区,"年収700万円～1,000万円",公開していません,アルファサーチ
株式会社ブレインパッド,IT戦略コンサルタント～クライアントのDX・デジタル戦略支援／AI・データ領域のパイオニア～～,東京都 港区 六本木一丁目駅,"年収700万円～1,200万円",12日前,doda
株式会社オースタンス,コンサルティング営業 優秀人材多数／大手取引／シニア×DXで新規事業開発支援,東京都 渋谷区,年収400万円～640万円,11日前,リクルートエージェント
株式会社クニエ,会計系DX 領域コンサルタント,東京都,公開していません,4日前,ELITE Network.
株式会社チェンジ,DX人材育成コンサルタント,東京都 港区,年収500万円～700万円,公開していません,パソナキャリア
オムロン エキスパートリンク株式会社 エンジニア...,8月開始!DX化アプリ開発×在宅あり,東京都 立川市 立川駅 徒歩5分,"時給2,300円",16日前,エン派遣
株式会社西友,DXプロジェクトPMO,東京都 北区,"年収800万円～1,300万円",2日前,doda
株式会社大丸松坂屋百貨店,デジタル事業推進担当 企画～ローンチまで／DX戦略実現に向けた中核人財の募集,東京都 江東区,年収600万円～800万円,2日前,doda
株式会社アヴァンティスタッフ,正社員×年収576万 DX推進の改善&社内ヘルプデスク,東京都 港区 新橋駅 徒歩7分,"時給2,000円",44分前,ジョブチェキ！
株式会社東京リーガルマインド,IT研修・DX研修・情報処理系試験対策講座／講師管理・教材開発主任／LEC 中野本社 S,東京都 中野区 中野駅 徒歩7分,月給30万円～50万円,25日前,LEC
株式会社トライアルカンパニー,総合職 =第二新卒歓迎／流通業界のDXを牽引,東京都 港区,年収336万円～600万円,2日前,リクルートエージェント
株式会社三越伊勢丹システム・ソリューションズ,ネットワークエンジニア／AWS技術などを使ったDX推進・基幹システムのマイクロサービス構築,東京都 中央区 勝どき駅,年収500万円～800万円,公開していません,doda
株式会社L is B,DXコンサルティング,東京都 千代田区,年収500万円～700万円,29日前,doda
株式会社アクティヴァーチ・コンサルティング,ITコンサルタント／DX支援を急成長ベンチャーファームで実現,東京都 千代田区,"年収550万円～1,799万円",16日前,リクルートエージェント
株式会社スカイウイル,社内DX企画推進責任者 ～創立20年／20期連続黒字／無借金経営～,東京都 品川区 大崎駅,年収550万円～850万円,公開していません,doda
株式会社primeNumber,データビジネスコンサルタント DX時代を支える急成長start-up／IPO準備中,東京都 目黒区,"年収700万円～1,000万円",公開していません,リクルートエージェント
株式会社ユーティル,DXコンサルタント,東京都 新宿区 早稲田駅 徒歩4分,月給29万円～,公開していません,U29JOB
東京都 デジタルサービス局,プロジェクトマネージャー・東京のDX推進・ICT導入のリード役として活躍,東京都 新宿区 新宿駅 徒歩10分,月給53万円,8日前,type
総合メディカル株式会社,日本の医療を支える!DXエンジニア 予防・健康増進を支える新規事業,東京都,月給43万円～,20日前,エン エージェント
旭化成建材株式会社,建材事業におけるDXを活用した業務改革推進,東京都 千代田区 神保町駅,年収580万円～951万円,公開していません,doda
株式会社クラウディオサステナビリティ,スタートアップでDXを推進! 総合職,東京都 中央区 宝町駅 徒歩3分,月給23万円～25万円,5日前,マイナビ転職
株式会社アウトソーシングテクノロジー,DXエンジニア,東京都 千代田区,公開していません,1日前,en ミドルの転職
テルモ株式会社,DX推進 ITテクニカルリーダー 日本最大級の医療メーカー,東京都 渋谷区 初台駅,"年収850万円～1,100万円",29日前,doda
株式会社ブイキューブ,イベントDX事業の戦略企画立案 急成長するマーケットでのビジネス推進,東京都 港区,"年収700万円～1,200万円",3日前,リクルートエージェント
しるし株式会社,ロジスティクス企画推進 12兆円市場を攻める“ブランドDX化”ベンチャー,東京都 渋谷区,年収350万円～500万円,20日前,リクルートエージェント
株式会社リブ・コンサルティング,DXコンサルタント～デジタル×事業開発／成長企業へのDXコンサルティング,東京都 千代田区 大手町駅,"年収550万円～1,200万円",公開していません,doda
株式会社アイソルート,データエンジニア DX・ビックデータ活用のプロフェッショナルとして活躍,東京都 渋谷区,年収350万円～500万円,3日前,リクルートエージェント
日清食品株式会社,DX推進,東京都 新宿区 新宿三丁目駅,年収600万円～730万円,26日前,doda
株式会社Schoo,新規事業・事業開発／高等教育機関のDX推進 ～拡大期の教育系スタートアップ～,東京都 渋谷区 渋谷駅,年収600万円～900万円,公開していません,doda
株式会社情報戦略テクノロジー,IT営業／MGR候補 大手企業のDXを支援 成長率150%,東京都 渋谷区 恵比寿駅 徒歩5分,年収600万円～800万円,2日前,doda
ナイル株式会社,営業企画／事業推進 マイカーのサブスクリプションサービス／自動車産業DX,東京都 品川区,年収550万円～750万円,16時間前,リクルートエージェント
横河電機株式会社,DX商品企画・販売推進,東京都 武蔵野市,年収650万円～850万円,公開していません,パソナキャリア
株式会社サン・プラニング・システムズ,RPA営業 DXソフトウェアの営業をお任せします,東京都 中央区,年収600万円～800万円,13日前,リクルートエージェント
トヨタ自動車株式会社,アフターセールスでのDX推進,東京都,"年収590万円～1,420万円",公開していません,doda
株式会社SORAMICHI,DX戦略コンサルタント,東京都 千代田区 東京駅,"年収700万円～1,200万円",5日前,Green
株式会社パソナグループ,SE／Webディレクター DX プロジェクトマネージャー,東京都 千代田区 東京駅 徒歩2分,月給25万円～60万円,11日前,株式会社パソナグループ
株式会社リヴァンプ,DXコンサルタント ～ITコンサル未経験歓迎～,東京都 豊島区,年収500万円～800万円,3日前,リクルートエージェント
TFHD digital株式会社,東急グループのDX推進におけるプロジェクトマネジメント ～副業可／在宅勤務可／東急不動産G～,東京都 渋谷区,年収500万円～800万円,12日前,doda
アンバソールジャパン株式会社,未経験可 IoTシステムエンジニア DX推進担当／幅広い経験で技術力向上,東京都 中央区,年収400万円～500万円,公開していません,リクルートエージェント
株式会社キャンサースキャン,DX CRMディレクター,東京都 品川区,年収400万円～700万円,公開していません,doda
株式会社アクリメイト,キャリアコーディネーター～大手企業向けのDX・新規事業案件に特化!毎年増収増益の急成長中企業～,東京都 港区 品川駅,年収300万円～500万円,2日前,doda
東日本電信電話株式会社,ITコンサルタント／業務コンサルタント 社内外のDX案件／業務コンサルティング中心の一連業務,東京都 渋谷区 初台駅,年収740万円,18日前,レバテックキャリア
株式会社荏原製作所,人事DXのデータエンジニア,東京都 大田区 穴守稲荷駅,"年収770万円～1,070万円",2日前,doda
アイディア株式会社,Javaエンジニア／海運業界のDXを推進するSaaS／Springboot経験歓迎,東京都 渋谷区 北参道駅,年収450万円～700万円,公開していません,Geekly
H.U.グループホールディングス株式会社,DX推進／システム改革やAIの活用等,東京都 新宿区,年収500万円～900万円,16日前,doda
日本インサイトテクノロジー株式会社,マネジメントに挑戦したい方へ／在宅勤務可／大手有名企業向けDX支援／自動車・金融生保業界顧客,東京都 中央区 東銀座駅,年収550万円～800万円,19日前,doda
株式会社ループス・コミュニケーションズ,コンサルタント／ソーシャルメディアのビジネス活用・DX支援,東京都 渋谷区,年収400万円～600万円,3日前,リクルートエージェント
SCSK株式会社,求英語力 グローバルDXプロジェクト,東京都,"年収600万円～1,200万円",公開していません,Spring転職エージェント
コンバージド・オープン・システムズ株式会社,ITコンサルタント～DXプロジェクト／得意な領域へのアサイン／社会課題の解決～,東京都 港区 虎ノ門駅,"年収660万円～1,000万円",公開していません,doda
三井不動産株式会社,DX推進／年収750万円～1400万円,東京都 中央区 三越前駅,月給38万円～64万円,公開していません,doda
ネットワンシステムズ株式会社,DX戦略企画担当,東京都 千代田区,年収400万円～800万円,14日前,ワークポート
株式会社チームスピリット,IT法人営業 自社クラウドサービスTeamSpiritを展開 企業のDX推進に貢献,東京都 中央区 京橋駅,年収400万円～600万円,8日前,doda
PwCコンサルティング合同会社,社内DXマネージャー,東京都,"年収500万円～1,800万円",27日前,Spring転職エージェント
GLナビゲーション株式会社,AI・RPA・SaaS導入・DX／データ分析・コンサルタント,東京都 豊島区 大塚駅,"年収600万円～1,200万円",5日前,doda
三愛オブリ株式会社,東京 社内SE 上場／基幹システム導入・DX推進に携われます／残業月10時間程,東京都 千代田区,年収450万円～880万円,3日前,リクルートエージェント
株式会社アスコット,DX企画推進 東証上場のデべロッパー／内製開発の立上げメンバー／残業20h程度,東京都 港区 外苑前駅,年収600万円～750万円,2日前,doda
株式会社ハイマックス,322 DXエンジニア 企画・コンサルティング／開発に携わりながら先端技術を,東京都,年収480万円～700万円,22日前,リクルートエージェント
デロイトトーマツコンサルティング合同会社,dX Garage,東京都,"年収500万円～1,400万円",公開していません,Spring転職エージェント
株式会社グローバー,食×IT×メンテナンス×領域でSaasの法人営業 DXで飲食業界の課題を解決,東京都 千代田区 岩本町駅,年収450万円～550万円,公開していません,doda
パナソニックグループ,既存事業のDXおよび新規事業企画・推進,東京都 品川区,公開していません,5日前,マイナビAGENT
デロイトトーマツ税理士法人,法人税等申告業務DX推進プロジェクト,東京都 千代田区,"年収950万円～1,800万円",公開していません,パソナキャリア
ミツイワ株式会社,渋谷／DX関連プリセールスエンジニア リモート・在宅勤務可,東京都 渋谷区,年収450万円～600万円,28日前,リクルートエージェント
テックタッチ株式会社,世の中のDXを加速化させる国内初のSaaS企業,東京都 千代田区,年収700万円～900万円,4日前,リクルートエージェント
株式会社SIGEL,自社サービス開発PG／上流工程から参画可能／教育業界のDX化,東京都 八王子市,年収400万円～750万円,3日前,リクルートエージェント
株式会社DYMキャリア,アパレルプラットフォームのDX化 50~80万円／週3~5日,東京都 品川区 五反田駅,月給50万円～80万円,13日前,modis
エヌ・ティ・ティ・コムウェア株式会社,DX支援アプリケーションエンジニア,東京都 港区 品川駅 徒歩10分,月給25万円～,公開していません,type
株式会社エスキュービズム,DXコンサルタント,東京都 港区 芝公園駅 徒歩4分,"月給39万9,000円～61万6,700円",26日前,U29JOB
トランスウェア株式会社,東京 アカウントセールス DX推進に必要不可欠なシステム携わる,東京都 港区,年収500万円～700万円,公開していません,リクルートエージェント
株式会社イノベーター・ジャパン,DXソリューション営業,東京都 港区 表参道駅,年収444万円～852万円,公開していません,doda
株式会社デリバリーコンサルティング,顧客のDXを推進／リモート可／残業11時間程度／マザーズ上場,東京都 港区 白金高輪駅,"年収600万円～1,300万円",公開していません,doda
株式会社TERASS,エージェントアドバイザー フルリモート可／不動産業界のDXに興味がある方へ,東京都 港区,年収500万円～800万円,3日前,リクルートエージェント
コク―株式会社,派遣営業 DX推進事業のセールス／IPO準備中の成長企業／中核メンバー複数名,東京都,年収400万円～600万円,7日前,キャリフレ
株式会社ZEPE,DX推進の法人営業,東京都 千代田区 小川町駅 徒歩5分,月給24万円～36万円,9時間前,かんたん応募
株式会社スキルコネクト,DX戦略立案実行推進支援,東京都 千代田区,月給130万円～150万円,公開していません,modis
Supershipホールディングス株式会社,法務 KDDIグループ／日本のDX化を担うデータテクノロジー企業 上場準備中,東京都 港区,"年収500万円～1,000万円",3日前,リクルートエージェント
ライトアーム株式会社,7月中旬高単価!国内FC業DXに向けたBPRプロジェクト支援@新宿,東京都 新宿区 新宿駅,公開していません,公開していません,modis
株式会社ニトリデジタルベース,DXプロジェクトマネジャー,東京都 北区,"年収600万円～1,200万円",3時間前,パソナキャリア
株式会社ポピンズ,情報システムセキュリティ DX部 MGR,東京都 港区 広尾駅 徒歩2分,"年収600万円～1,000万円",25日前,U29JOB
三菱電機株式会社,社内情報システム企画・開発推進担当 DX推進／日本を代表する大手総合電機メーカー,東京都 千代田区 東京駅 徒歩5分,"年収600万円～1,000万円",20日前,エン エージェント
株式会社イーウェル,DX支援のコンサルティング営業 東急不動産グループの安定基盤 ヘルスケア領域,東京都 千代田区 麹町駅 徒歩3分,"月給23万7,900円～",8日前,エン転職
株式会社ストリートスマート,コンテンツ制作の企画・ディレクション 企業・教育機関のDXを支援,東京都,年収350万円～500万円,2日前,リクルートエージェント
株式会社テラスカイ,DXコンサルタント,東京都 中央区 日本橋駅,"年収600万円～1,000万円",1日前,Green
株式会社テレビ東京,基幹システム大改革のプロジェクトマネージャー 本質的なDX／高待遇／経営陣直下／経営視点が身に付く,東京都,年収750万円～999万円,8時間前,en ミドルの転職
株式会社メイテック,ITエンジニア 「DX戦略支援クラウド」エンジニア募集中,東京都,年収400万円～800万円,3日前,リクルートエージェント
株式会社デジタルフォルン,テクノロジスト／DXエンジニア,東京都 千代田区,公開していません,公開していません,マイナビAGENT
株式会社エネルギア・コミュニケーションズ,DXコンサルタント職,東京都,年収300万円～600万円,公開していません,doda
株式会社日立ソリューションズ,製造業のDX改革推進SE,東京都 品川区,年収450万円～800万円,27日前,パソナキャリア
FPTジャパンホールディングス株式会社,DXプロジェクトマネージャー,東京都 港区,"年収500万円～2,500万円",公開していません,株式会社 Billage
株式会社ゼンショーホールディングス,データサイエンティスト =「DX認定事業者」の認定取得,東京都 港区,年収500万円～800万円,公開していません,リクルートエージェント
オルガノ株式会社,デジタル化推進による会社変革の企画推進～社会貢献度の高い企業で攻めのDX～,東京都 江東区,"年収470万円～1,000万円",3日前,リクルートエージェント
キューアンドエー株式会社,DXコンサルタント,東京都 渋谷区,年収450万円～600万円,3日前,doda
株式会社学研プロダクツサポート,GakkenLEAP・エンジニアリングマネージャー ～学研グループのDX化を推進～,東京都 品川区,年収700万円～900万円,公開していません,リクルートエージェント
昭和電工株式会社,DX推進担当,東京都 港区,"年収980万円～1,500万円",14日前,ワークポート
株式会社ココペリ,金融業界経験歓迎 ソリューション営業 中小企業のDX化推進「Big Advance」,東京都 千代田区,年収400万円～500万円,3日前,リクルートエージェント
シューペルブリアン株式会社,介護職／介護現場のDX候補／初心者さん歓迎／しっかり稼げる,東京都 豊島区 池袋駅 徒歩16分,"時給1,400円～1,900円",1日前,シューペルブリアン株式会社
リノベる株式会社,DX企画・推進マネージャー,東京都 港区,公開していません,7日前,パソナキャリア
株式会社Francfranc,DX推進責任者,東京都 港区 表参道駅 徒歩6分,"年収800万円～1,200万円",公開していません,U29JOB
ITbook株式会社,東京DXコンサルタント／自社内 SEからDXコンサルタントへ／民間企業,東京都 港区,年収500万円～,3日前,リクルートエージェント
株式会社Rosso,DX推進自社サービス／APNパートナー／オンプレ経験のみでも挑戦可能,東京都 渋谷区 渋谷駅 徒歩9分,年収450万円～750万円,4日前,en ミドルの転職
ハマゴムエイコム株式会社,SE ～グローバルタイヤメーカー横浜ゴムのSI子会社～DX推進技術者～,東京都 港区,年収400万円～750万円,2日前,リクルートエージェント
株式会社ネクサスエージェント,自社プロダクトのマネージャー DX事業の中核／事業課題の設定や事業計画の策定等をお任せ,東京都 港区 新橋駅,"年収600万円～1,200万円",7日前,doda
株式会社エスタイル,未経験歓迎 データビジネスアーキテクト DXコンサル,東京都 渋谷区 原宿駅 徒歩5分,年収330万円～600万円,3日前,Green
北陸電力株式会社,社内SE／システム開発の上流工程からDX推進企画まで,東京都,年収400万円～700万円,公開していません,doda
キヤノンビズアテンダ株式会社,IT・クリエイティブ DX企画推進サポート 時給2800~3300円 在宅ワーク導入,東京都 千代田区 東京駅 徒歩10分,"時給2,800円～3,300円",7日前,キヤノンビズアテンダ株式会社
株式会社SMBCヒューマン・キャリア,DXソリューションエンジニア,東京都 豊島区 池袋駅 徒歩1分,年収500万円～800万円,21日前,マイナビ転職エージェントサーチ
株式会社palan,DX支援事業の事業責任者,東京都 渋谷区 代々木駅 徒歩3分,年収600万円～800万円,15時間前,Green
パナソニックインフォメーションシステムズ株式会社,パナソニックの家電販売の営業DXプロジェクトにおけるシステム企画・構築エンジニア,東京都 港区 汐留駅,年収450万円～700万円,1日前,doda
株式会社法研,DXプロデューサー／賞与6カ月分／年間休日125日,東京都 中央区 銀座一丁目駅 徒歩3分,"月給23万4,000円～",公開していません,doda
株式会社IHI,調達DX プライム市場,東京都 江東区,公開していません,7日前,パソナキャリア
トーセイ株式会社,社内IT企画推進 社内システム施策／総合デベロッパー／DX認定事業者,東京都 港区,年収600万円～900万円,11日前,リクルートエージェント
株式会社キャパ,PL／PM候補 製造／建設・建築業界のDX化を支援 残業6H／月,東京都 千代田区,年収450万円～650万円,公開していません,リクルートエージェント
GMOコマース株式会社,DX企画 マネージャー候補,東京都 渋谷区 渋谷駅 徒歩1分,月給35万円～,22日前,エン転職
東宝株式会社,DX部門,東京都 千代田区 有楽町駅,"年収800万円～1,000万円",4日前,en ミドルの転職
株式会社ワークポート,株式会社フルスピード／DXプロデューサー・Webディレクター／403858570,東京都 品川区 大崎駅 徒歩5分,年収450万円～850万円,6日前,Find Job!
SB C&S株式会社,DXコンサルタント／ソフトバンクグループ,東京都 港区,"年収500万円～1,050万円",公開していません,マイナビAGENT
日本システム技術株式会社,DX導入推進 課題解決に向けたITシステムを提案,東京都 港区 品川駅,年収637万円～664万円,公開していません,doda
株式会社PeakVisor,DXコンサルタント／メンバー半数以上がNTTデータ出身,東京都,年収500万円～900万円,20日前,doda
株式会社テプコシステムズ,DX推進エンジニア,東京都 江東区 門前仲町駅 徒歩7分,年収450万円～900万円,17時間前,Green
富士ソフト株式会社,DX推進 ～MSサービス製品導入システムエンジニア～,東京都 台東区,年収400万円～800万円,公開していません,マイナビAGENT
株式会社シナジーシステム,DXサービス事業部マネージャー,東京都 文京区 江戸川橋駅 徒歩5分,年収450万円～650万円,公開していません,paiza転職
株式会社ベイカレント・コンサルティング,DX Consultant,東京都 港区,"年収700万円～2,000万円",18日前,マイナビ転職エージェントサーチ
インキュデータ株式会社,ビジネスコンサルタント ソフトバンクG／DXの課題開発～戦略策定／自由な裁量,東京都 中央区 銀座駅,"年収800万円～2,000万円",公開していません,doda
株式会社Macbee Planet,ビジネスコンサルタント／データDX,東京都 渋谷区 渋谷駅,年収600万円～800万円,公開していません,Geekly
株式会社クロス・マーケティンググループ,クライアントのマーケティングDXを推進するデータマーケター,東京都 渋谷区 初台駅,年収400万円～700万円,公開していません,Geekly
エムスリーソリューションズ株式会社,医療×SaaS×DX推進営業／自身の市場価値を高める／時価総額5兆円企業,東京都 港区,"年収500万円～1,000万円",公開していません,doda
株式会社yell,DX化で企業の「日常」を「最新」に!営業・企画,東京都 新宿区 新宿駅 徒歩4分,月給25万円～,11日前,リクナビNEXT
株式会社マクロセンド,PythonでのDXエンジニア／機械学習エンジニア募集 Javaからのスキルチェンジ実績多数,東京都 新宿区 新宿三丁目駅 徒歩1分,年収400万円～800万円,1日前,Green
株式会社ベネッセコーポレーション,DXコンサルタント／コンサル経験者歓迎,東京都 多摩市,年収500万円～650万円,公開していません,Education Career
ユニアデックス株式会社,新規DXソフトウェア開発リーダー／原則リモート勤務,東京都 江東区,年収420万円～900万円,19日前,パソナキャリア
Sansan株式会社,ソリューションセールス 新規事業に携わる 働き方を変えるDXサービスを提供 年休124日,東京都 港区 表参道駅 徒歩4分,月給35万円～,8日前,エン転職
ボールドライト株式会社,エンジニア「観光DXプラットフォーム」及び「店舗DXプラットフォーム」,東京都 新宿区 新宿駅,年収450万円～700万円,公開していません,Geekly
株式会社BlueMeme,DXコンサルタント,東京都 千代田区 神保町駅 徒歩2分,"年収700万円～1,200万円",17時間前,Green
株式会社AGRI SMILE,法人営業／JA等向け営業 農業DX／シリーズA・約2.1億円調達の注目企業,東京都 千代田区,年収420万円～800万円,公開していません,リクルートエージェント
株式会社ビーネックスソリューションズ,DXシステム開発のプロジェクトマネージャー,東京都,"年収500万円～1,000万円",22日前,doda
パクテラ・テクノロジー・ジャパン株式会社,DX Leader,東京都 江東区,年収600万円～900万円,公開していません,パソナキャリア
株式会社キャリアデザインセンター,話題のDXソリューション開発企業／社内ヘルプデスク,東京都 品川区 五反田駅 徒歩5分,"時給1,950円",20日前,エン派遣
株式会社フロンティア・フィールド,医療業界のDX・働き方改革を推進する急成長中ベンチャー企業で募集,東京都 港区,年収400万円～700万円,8日前,doda
京セラコミュニケーションシステム株式会社,DXコンサルタント～大手製造業のDX化を担当／年間休日124日・週4日リモート可,東京都 港区 泉岳寺駅,年収500万円～800万円,4時間前,doda
株式会社ディマージシェア,運用保守業務 DXの構想、設計、開発、運用をワンストップで支援／リモート可,東京都 千代田区 九段下駅,年収564万円～648万円,公開していません,doda
株式会社ミダックホールディングス,DX推進／東証プライム・名証プレミア上場／廃棄物処理事業を展開,東京都 港区,年収350万円～600万円,19日前,doda
株式会社ADKホールディングス,データエンジニア／社内DX推進プロジェクトマネージャー／広告会社,東京都 港区,年収400万円～900万円,21日前,マスメディアン
株式会社identity,フリーランス／コンサル／PM／マーケティングツールを使用した店舗DX,東京都 港区 六本木一丁目駅,月給65万円～75万円,5日前,modis
株式会社キューブシステム,DXエンジニア,東京都 品川区 大崎駅,年収385万円～700万円,公開していません,doda
株式会社リアステージ,DX支援事業の営業職,東京都 中央区 八丁堀駅,年収300万円～450万円,12日前,株式会社リアステージ
イオンクレジットサービス株式会社,DX推進 年次に関わらず提案できる環境,東京都 千代田区,年収615万円～804万円,3日前,doda
株式会社USEN-NEXT HOLDINGS,DXコンサルタント／広がるキャリアの可能性,東京都 品川区 目黒駅,"年収315万円～1,200万円",14日前,doda
株式会社Sun Asterisk,プロジェクトマネージャー SDGs／DX／フルリモート／副業可／福利厚生,東京都 千代田区 神田駅 徒歩4分,公開していません,20日前,エン エージェント
PayPay株式会社,DX企画担当／管理職候補,東京都 港区,年収550万円～900万円,22日前,doda
税理士法人JNEXT,税務会計／年休125日／残業時間20H程度、他に経営・労務・DXまで幅広く支援しています,東京都 豊島区 池袋駅,年収480万円～700万円,6日前,doda
株式会社VENE BASE,企業のDXを推進! ITエンジニア 第二新卒OK リモート案件有,東京都 港区 外苑前駅 徒歩5分,月給21万円～60万円,11日前,マイナビ転職
株式会社WACUL,マーケティングDXコンサルタント,東京都 千代田区 新御茶ノ水駅 徒歩3分,"月給32万1,428円～",19日前,U29JOB
株式会社ミスミ,全社IT業務改善・DX推進,東京都 千代田区 飯田橋駅,"年収500万円～1,000万円",公開していません,doda
富士フイルムビジネスイノベーション株式会社,グローバル全体でのDX推進／残業平均22時間,東京都 港区,年収600万円～900万円,公開していません,マイナビAGENT
株式会社TOPWELL,市場価値の高いPLMエンジニア／製造業DXで注目集まるPLM,東京都 港区,年収500万円～650万円,3日前,リクルートエージェント
サークレイス株式会社,Salesforceリードエンジニア ～DX・カスタマーサクセスの実現に貢献する会社～,東京都 千代田区 大手町駅,"年収800万円～1,500万円",公開していません,doda
株式会社パシフィックメディカル,カスタマーサクセス／医療DXを支えるシステム導入・フォロー,東京都 港区,年収300万円～,3日前,リクルートエージェント
三菱UFJ国際投信株式会社,システム企画 上流工程をお任せします DX推進 MUFGの安定基盤,東京都 千代田区 有楽町駅,"年収700万円～1,400万円",公開していません,doda
丸紅ロジステイクス株式会社,DX推進 社内SE 東京、大阪,東京都 千代田区,公開していません,公開していません,日経転職版
株式会社商工組合中央金庫,DXを実現するIT人材／要件定義などの上流工程を担当,東京都 東村山市,"年収700万円～1,100万円",公開していません,doda
DOTZ株式会社,“LINE”を駆使してDX化を実現する 総合職 第二新卒歓迎,東京都 渋谷区 恵比寿駅 徒歩4分,年収384万円,29日前,マイナビ転職
トライコーン株式会社,社内情報システム担当 社内DX推進,東京都 新宿区 西新宿駅 徒歩3分,年収450万円～810万円,公開していません,Green
浪速運送株式会社,社内SE／物流・運送関連のAI／DX推進,東京都 江東区 木場駅,年収600万円～800万円,公開していません,Geekly
株式会社鎌倉新書,DX推進コンサル・WEBディレクター,東京都 中央区,年収550万円～720万円,14日前,ワークポート
株式会社SmartHR,DXパートナー／クラウド型人事労務システム,東京都 港区,年収400万円～900万円,12日前,doda
クロスマート株式会社,プロジェクトマネージャー／外食産業のDX推進／自社受発注サービス／フレックス,東京都 中央区,年収600万円～800万円,2日前,doda
株式会社コールドクター,医療DXに挑戦したいPMを大募集,東京都 渋谷区 渋谷駅 徒歩6分,年収600万円～,12時間前,Green
株式会社プライムスタイル,DXエンジニア／要件定義〜運用まで,東京都 新宿区 早稲田駅,年収300万円～600万円,公開していません,Geekly
株式会社GIG,DXコンサルティング Webマーケター,東京都 中央区,年収500万円～800万円,2日前,Green
大成温調株式会社,DX推進担当者／長期就業可／スタンダード市場上場企業,東京都 品川区,年収500万円～650万円,19日前,doda
エヌ・ティ・ティ・データ先端技術株式会社,DXコンサルタント,東京都 中央区,"年収700万円～1,100万円",27日前,パソナキャリア
株式会社シェアリング・ビューティー,DX新規事業を推進する営業職／市場規模の大きい業界のDX化を事業最前線のリーダーとして推進,東京都 渋谷区 神泉駅,年収400万円～600万円,公開していません,doda
NTTコムオンライン・マーケティング・ソリューシ...,AI／IoT／グローバル先端プロダクト／DXのプロジェクトマネージャー,東京都 品川区 大崎駅,"年収700万円～1,000万円",19日前,doda
株式会社アクティブアンドカンパニー,経理 プレイングマネージャー／HR領域のDX化／在宅可／IPO準備中の急成長企業,東京都 千代田区,年収500万円～700万円,10日前,リクルートエージェント
ベース株式会社,PL／PM候補 開発エンジニア DX×流通～在宅・リモート勤務可能,東京都 千代田区,年収600万円～,3日前,リクルートエージェント
株式会社フードテックキャピタル,外食産業でのDX促進／SaaS事業／リーダー候補,東京都 港区,"年収800万円～1,000万円",公開していません,doda
株式会社ジェクトワン,DX推進担当,東京都 渋谷区 渋谷駅,年収400万円～650万円,公開していません,doda
株式会社アドバンテッジリスクマネジメント,DXプラットフォーム開発 -HRTech新サービス開発／コロナで活況なメンタルヘルス業界最大手,東京都 目黒区 中目黒駅,年収600万円～800万円,公開していません,doda
フォーネスライフ株式会社,新規事業におけるCX・EX向上、DX推進担当者を募集,東京都,年収500万円～799万円,13時間前,en ミドルの転職
株式会社トランスコスモス・デジタル・テクノロジー,DXプロジェクトマネージャー,東京都 江東区,"年収700万円～1,200万円",16日前,リクルートエージェント
三菱UFJモルガン・スタンレー証券株式会社,上流工程中心!DX推進等の大型プロジェクト多数 在宅可,東京都 文京区 護国寺駅,"年収560万円～1,100万円",15日前,doda
Tech Japan株式会社,リモートワークOK グローバル×DX事業を支えるセールディレクター／アライアンス担当者募集,東京都 台東区 御徒町駅,年収500万円～700万円,28日前,Green
株式会社シー・エス・エス,ITソリューション法人営業 ～顧客のDX化に向けて営業～,東京都 品川区 五反田駅,年収400万円～600万円,公開していません,doda
株式会社コマースロボティクス,企業間取引DXサービスの事業部長職,東京都 港区 新橋駅,年収600万円～750万円,6日前,Green
株式会社アイ・ラーニング,企業向け研修営業 ～DX推進研修やクラウド技術研修／フレックスタイム制／リモート勤務～,東京都 中央区,年収380万円～700万円,1日前,doda
GMO ReTech株式会社,不動産DX 統括部長 ～土日休み／GMOグループの安定基盤～,東京都 渋谷区,"年収750万円～1,200万円",2日前,doda
株式会社スタッフサービス・ホールディングス,DX推進／アジャイル開発やスクラム開発を一緒に推進してくれる仲間を募集,東京都 千代田区 秋葉原駅,年収450万円～960万円,2日前,doda
旭化成ホームズ株式会社,DX研究開発職 旭化成グループの住宅事業会社,東京都 千代田区,年収550万円～,3日前,リクルートエージェント
株式会社アンジェロセック,BIM／CIMエンジニア募集／3Dモデリング・DXコンサル,東京都,月給40万円～50万円,公開していません,JICA 国際協力キャリア PARTNER
株式会社ショーケース,DX推進担当,東京都 港区 六本木一丁目駅,年収700万円～900万円,8日前,doda
株式会社三井住友銀行,業務改革・DX推進,東京都 千代田区 大手町駅,"年収600万円～1,300万円",8日前,doda
株式会社flyhawk,コンサル／DX推進支援,東京都 豊島区 池袋駅,月給～70万円,26日前,フライテック
SGフィルダー株式会社,マーケティングDXコンサルタント,東京都 千代田区,年収450万円～800万円,9時間前,かんたん応募
株式会社フェズ,小売DXコンサルタント,東京都 千代田区 神田駅 徒歩4分,"年収720万円～1,100万円",2日前,Green
株式会社SMSデータテック,DX推進に向けた自動化システムなどのIT営業・コンサルタント,東京都 中央区 新富町駅 徒歩5分,月給24万円～45万円,18日前,リクナビNEXT
TIS千代田システムズ株式会社,インフラエンジニア ~国内最大手・千代田化工建設のIT中核／DX推進,東京都,年収400万円～850万円,公開していません,doda
三菱電機インフォメーションネットワーク株式会社,"DX推進に伴う社内情報システム開発エンジニア／在宅可,残業月平均30h,離職率2%",東京都 港区 田町駅,年収500万円～700万円,22日前,doda
