フューチャーアーキテクト株式会社,IT戦略コンサルタント,"東京都 品川区 大崎駅 徒歩5分                                                                                                                                                                    




大崎駅の求人
をすべて見る


フューチャーアーキテクト株式会社の求人
をすべて見る",月給33万円～62万円,22日前,マイナビ転職
ユーロフィン・エヌエスシー・ジャパン株式会社,IT Network Engineer M&Aにより急成長中!,"東京都 豊島区 池袋駅                                                                                                                                                                    




池袋駅の求人
をすべて見る",年収850万円,公開していません,Daijob.com
ジャパンギャランティサービス株式会社,提案営業の経験者募集! ITソリューション営業 年休125日,"東京都 千代田区 秋葉原駅 徒歩2分                                                                                                                                                                    




秋葉原駅の求人
をすべて見る","月給23万7,000円～",4日前,マイナビ転職
三菱ケミカルシステム株式会社,三菱系化学企業 グローバルIT企画,"東京都 墨田区                                                                                                                                                                    




三菱ケミカルシステム株式会社の求人
をすべて見る",年収400万円～800万円,12日前,マイナビ転職エージェントサーチ
株式会社ファーストリテイリング,IT サービスマネジメントスペシャリスト／IT Service Management Spec,"東京都                                                                                                                                                                    




株式会社ファーストリテイリングの求人
をすべて見る","年収628万円～1,392万円",23日前,日経転職版
株式会社ルーシッドテック,IT・システムコンサルタント,東京都 港区,年収300万円～950万円,6時間前,かんたん応募
株式会社スータブル・ソリューションズ,システムコンサルタント・導入エンジニア／顧客のITパートナー,東京都 中央区,月給25万円～40万円,6時間前,リクナビNEXT
株式会社インフィニ・エイト,ITサポート 未経験OK! 応募者全員面接 研修最大3ヶ月 年休125日,東京都 千代田区 神保町駅 徒歩2分,月給18万円～,11日前,女の転職type
株式会社アニメイトホールディングス,キッティングやIT周りの問合せ対応にあたる PCサポート対応,東京都 豊島区 東池袋駅 徒歩9分,月給23万円～28万円,23時間前,マイナビ転職
株式会社アイフリークモバイル,ITサポート事務 9割未経験入社／リモート・在宅勤務あり／年休125日／専門講師の研修あり,東京都 新宿区 新宿御苑前駅 徒歩1分,月給18万円～40万円,8日前,エン転職
株式会社アイ・エス・エス,外資IT関連ベンチャー企業での通訳メイン・翻訳業務,東京都 千代田区,"時給3,700円～",6日前,エン派遣
株式会社Bizauth,ITコンサルタント 会社経営にも積極的に参加可,東京都 港区,"年収810万円～1,440万円",2日前,リクルートエージェント
株式会社野村総合研究所,ITアーキテクト／エンジニア,東京都,"年収600万円～1,800万円",8日前,Spring転職エージェント
株式会社フロンティアダイレクト,初級エンジニア 未経験OK IT研修最大6ヶ月 月給23万円～ リモート可,東京都 渋谷区 渋谷駅 徒歩9分,月給23万円～,2日前,女の転職type
株式会社ヒューマリッジ,時給1900円／社内システムサポート・運用／IT部門で働く,東京都 千代田区 東京駅 徒歩2分,"時給1,900円",公開していません,エン派遣
株式会社イーヴンPLUS,IT営業職,東京都 千代田区,月給20万円～,8日前,Q-JiN
トランスコスモス株式会社,コミュニケーションスキルを活かせる ITヘルプデスク・事務,東京都,月給23万500円～,4日前,リクナビNEXT
アビームコンサルティング株式会社,IT戦略コンサルタント 残業少なめ／産休・育休取得実績多数／定着率98%,東京都 千代田区 東京駅 徒歩5分,"月給35万7,000円～",19日前,エン転職
昭和電工株式会社,ITデジタル戦略担当,東京都 港区,"年収980万円～1,500万円",14日前,ワークポート
株式会社SFIDA,プロジェクトマネージャー・ITコンサルタント,東京都 新宿区,"年収420万円～1,000万円",14日前,ワークポート
アメージングエイド株式会社,ITサポートエンジニア 年休120日以上 女性活躍中 未経験OK,東京都 中央区,"月給18万4,000円～30万円",9日前,マイナビ転職
株式会社ウィノベート,完全初心者も安心!自社ITスクールで楽しく学ぶ ITエンジニア,東京都 豊島区,月給22万円～,26日前,マイナビ転職
株式会社夢テクノロジー,未経験から活躍できる IT系総合職 残業月平均7h 年休122日,東京都,月給22万円～,23時間前,マイナビ転職
パナソニックインフォメーションシステムズ株式会社,ITインフラ企画／パナソニックグループ全社共通ITインフラ・ITセキュリティ対策の構想・企画,東京都 千代田区 日比谷駅,年収600万円～900万円,1日前,doda
株式会社ネスコ,法人営業 IT業界未経験でも活躍できる提案型システム営業,東京都 中央区 小伝馬町駅 徒歩3分,年収300万円～600万円,6日前,リクナビNEXT
ダイキン工業株式会社,ITインフラ戦略企画要員,東京都 港区 品川駅,年収500万円～900万円,公開していません,タイズ
株式会社テクノトロン,未経験OK!自社グループのシステムを支える 社内ITサポート,東京都 大田区 池上駅 徒歩5分,月給21万円～,11日前,マイナビ転職
株式会社ビジネクスト,ITコンシェルジュとして企業のIT課題を解決! PM／SE,東京都 新宿区 新宿御苑前駅 徒歩1分,"月給36万4,000円～",11日前,リクナビNEXT
株式会社リクルートスタッフィング情報サービス,未経験からはじめるIT事務 98%が未経験者／残業月6時間ほど／賞与年2回／社会人デビュー歓迎,東京都 江東区 亀戸駅 徒歩1分,"月給18万8,000円～",5日前,エン転職
BOX合同会社 ITs,エンジニアもめざせるITアシスタント事務,東京都 文京区                                                                                                                                                                その他 (17),"月給23万5,000円～30万円",8時間前,かんたん応募
有限責任監査法人トーマツ,ITアドバイザリーコンサルタント職,東京都 千代田区,公開していません,10日前,ELITE Network.
株式会社WiZ,IT事務 PCスキルをつけて将来安定／在宅勤務あり／自己PRは不要,東京都 港区 六本木駅 徒歩5分,月給23万円～40万円,19日前,エン転職
株式会社LeagalForce,コーポレート本部／コーポレートITエンジニア,東京都 江東区,年収660万円～800万円,公開していません,日経転職版
マンパワーグループ株式会社,既卒歓迎／ITサポート／未経験からでも大丈夫。「SODATEC」でイチから育てます!,東京都 港区,年収300万円～350万円,12日前,Re就活
株式会社ONE-TECH,ITサポート事務 先輩の98%が未経験入社／年間休日125日以上／残業ほぼなし,東京都 渋谷区 渋谷駅 徒歩5分,月給20万円～60万円,5日前,エン転職
株式会社アルパプラン,ITサポート・事務 知識ゼロでOK 定着率95%,東京都 千代田区,"月給19万2,000円～",1日前,リクナビNEXT
BIG4系税理士法人,ITサービスマネジャー,東京都,年収800万円～,公開していません,日経転職版
EYストラテジー・アンド・コンサルティング株式会社,金融ITリスクコンサルタント,東京都 千代田区,"年収500万円～1,200万円",5日前,アンテロープ
株式会社電通国際情報サービス,マーケティング領域でのITソリューション営業 電通×米国GE社のジョイントベンチャー企業,東京都 港区 品川駅 徒歩7分,月給22万円～,26日前,エン転職
株式会社ヴィトーリア,"既卒歓迎／ITエンジニア／未経験可!社内講師が一から研修!／PS5,Swich等の超有名タイトル開発...",東京都 中央区,"年収200万円～1,000万円",10日前,Re就活
株式会社アーシャルデザイン,未経験者・第二新卒者歓迎 IT総合職,東京都 渋谷区,月給22万円～,4日前,マイナビ転職
株式会社EARTH,ITエンジニア,東京都,月給25万円～35万円,1日前,JOBRIDGE
株式会社DALUMAX,IT営業／業界未経験OK／賞与年2回支給／月給30万円以上／残業ほぼなし,東京都 港区 三田駅 徒歩6分,月給30万円,12日前,女の転職type
アデコ株式会社,総務・人事・法務・特許事務／IT・通信関連,東京都 品川区 目黒駅 徒歩4分                                                                                                                                                                その他 (63),"時給1,800円～",3時間前,はたらこねっと
株式会社the You,未経験歓迎!IT企業の幹部候補／人材コーディネーター／営業,東京都,月給20万円～35万円,7日前,リクナビNEXT
Modis株式会社,障がい者採用 未経験歓迎／ITエンジニア,東京都,年収259万円～600万円,20日前,Spring転職エージェント
株式会社日本教育クリエイト 企画マーケティング部,ITサポート事務／未経験歓迎／リモートOK／研修制度充実／学歴不問／157107,東京都,"月給22万4,000円～25万6,900円",26日前,女の転職type
株式会社Growth box,人生を変えるキッカケがココに! IT事務・WEBデザイン,東京都 新宿区 新宿駅 徒歩10分,月給21万円～50万円,25日前,リクナビNEXT
株式会社アクロビジョン,IT事務 未経験歓迎 研修最大3ヶ月 面接1回のみ 福利厚生充実 勤務地選べる,東京都 豊島区,月給20万円～,23日前,女の転職type
渚株式会社,SE・プログラマ／WEB・スマホ系／IT・通信関連,東京都 新宿区 新宿駅,月給30万円～60万円,17時間前,はたらこねっと
株式会社クニエ,ITマネジメントコンサルタント,東京都,"年収500万円～1,800万円",公開していません,Spring転職エージェント
株式会社POCKETS,ITサポート事務 IT業界で働ける!リモートワーク案件あり／土日祝休み／面接1回,東京都 品川区 五反田駅 徒歩7分,月給23万円～,14日前,エン転職
株式会社ハーフタイム,即日～長期!大手IT企業での事務のお仕事,東京都 中央区 築地駅 徒歩3分,"時給1,800円",公開していません,エン派遣
株式会社イデアルデコード,面接1回!「IT事務職・プログラマ」 ゲーム・アニメ好き歓迎,東京都 新宿区 新宿駅,月給20万円～,12日前,リクナビNEXT
株式会社リニカル,ITエンジニア,東京都 港区 汐留駅 徒歩1分,"月給37万5,000円～",21日前,マイナビ転職
アクサス株式会社,IT事務 未経験500名の育成実績! WOMAN’s VALUE AWARD最優秀賞受賞,東京都 新宿区,月給25万円～,19日前,女の転職type
Modis株式会社 Tech,顧客幹部のIT全般に関するユーザサポート,東京都 千代田区 大手町駅 徒歩2分,"時給2,300円",23日前,エン派遣
株式会社テラスカイ・テクノロジーズ,ITサポート 月給26.5万～ 未経験OK IT資格が取れる3ヶ月間の研修あり,東京都 中央区 日本橋駅 徒歩2分,"月給26万5,000円～",22日前,女の転職type
株式会社スタッフサービス,ITサポート 土日祝休み／月平均残業10時間／在宅案件もあり,東京都,"月給21万5,000円～",1日前,エン転職
株式会社ベイカレント・コンサルティング,世界No.1の外資IT企業／ITコンサルタント,東京都 港区,"年収600万円～2,000万円",4日前,マイナビ転職エージェントサーチ
株式会社ユービーセキュア,セキュリティマネジメントコンサルタント／ITセキュリティ,東京都 中央区,年収450万円～850万円,2日前,リクルートエージェント
三菱地所ITソリューションズ株式会社,IT法人営業 ～三菱地所グループのICT戦略を担う企業～,東京都 千代田区,年収400万円～802万円,19日前,doda
東急テックソリューションズ株式会社,ITインフラ戦略立案・企画職 東急グループ,東京都 世田谷区,年収408万円～716万円,3日前,リクルートエージェント
学校法人三幸学園 東京みらいAI&IT専門学校,大手学校法人グループ IT専門学校運営職募集,東京都,年収300万円～400万円,5日前,かんたん応募
SBI生命保険株式会社,IT開発課長,東京都,"年収800万円～1,000万円",公開していません,Spring転職エージェント
アデコ株式会社 採用受付,営業・企画営業・ラウンダー／IT・通信関連,東京都 品川区 天王洲アイル駅 徒歩2分                                                                                                                                                                その他 (18),"時給1,700円～",17時間前,はたらこねっと
Colorful株式会社,初級エンジニア まずはITサポートから 未経験OK 残業月5h リモートワーク有,東京都 江東区 東京国際クルーズターミナル駅,月給22万円～,12日前,女の転職type
NSSLCサービス株式会社,企画管理担当 日鉄ソリューションズGのITインフラ技術中核企業,東京都 中央区,"年収600万円～1,000万円",13時間前,リクルートエージェント
パナソニック株式会社,空質空調事業拡大に向けたIT戦略企画、ソリューション提案,東京都,年収600万円～950万円,13日前,Spring転職エージェント
ソシオネット株式会社,IT業界でスペシャリストと企業の架け橋になるコンサルティング営業募集します,東京都 千代田区,年収400万円～800万円,5日前,かんたん応募
株式会社セラク,635 IT営業ポジション ソリューション営業／業界未経験歓迎,東京都 新宿区,年収400万円～700万円,2日前,リクルートエージェント
elDesign株式会社,ITコンサルタント・社内SE,東京都 港区 白金高輪駅 徒歩1分,"月給28万5,714円～",15日前,U29JOB
株式会社SHIFT,ITコンサルタント,東京都 港区,"年収800万円～1,500万円",5日前,パソナキャリア
KSG株式会社,営業マネージャー候補 IT専門商社／若手育成も是非お任せします,東京都 千代田区,年収500万円～900万円,3日前,リクルートエージェント
株式会社エヌ・ティ・ティ・データ,医療保険分野の大規模システム開発におけるITアーキテクト,東京都,"年収600万円～1,000万円",公開していません,Spring転職エージェント
株式会社ヒューマンベース,東証マザーズ上場グループで活躍! ITコンサルタント,東京都 千代田区,月給35万円～85万円,1日前,マイナビ転職
株式会社アクシス,未経験からはじめる IT事務・PG 年休120日～／土日祝休,東京都 千代田区 麹町駅 徒歩2分,月給20万円～30万円,26日前,リクナビNEXT
株式会社プレアデスコンサルタント,未経験からゲームやWebの仕事に挑戦! ITエンジニア,東京都,月給18万円～80万円,12日前,リクナビNEXT
ロジソーコ,ITエンジニア SEを本気で目指したい方 未経験者歓迎,東京都 新宿区 西武新宿駅 徒歩4分,年収300万円～500万円,9時間前,かんたん応募
株式会社グランド CS,事務・オフィス系／IT・通信関連,東京都 中央区 水天宮前駅 徒歩3分,"時給1,900円",8時間前,はたらこねっと
日鉄ソリューションズ株式会社,ITコンサルまたはITコンサル候補,東京都,年収460万円～900万円,公開していません,Spring転職エージェント
株式会社ワイズロジック,ITサポート 未経験OK 在宅勤務 第二新卒歓迎 年休120日 残業月平均10h以内,東京都 台東区 浅草橋駅 徒歩5分,月給23万円～,11日前,女の転職type
ユニバーサルフィールド株式会社,itヘルプデスク,東京都 足立区 北千住駅                                                                                                                                                                その他 (2),月給25万円～,5時間前,かんたん応募
株式会社ヴィトーリアアルマ,ITエンジニア#IT知識ゼロ歓迎#8割未経験スタート#リモート#ゲーム開発など,東京都 中央区 八丁堀駅 徒歩4分,月給18万円～,8日前,女の転職type
ウルシステムズ株式会社,上級ITコンサルタント 発注者支援による課題解決 プライム100% 月給60万円以上,東京都 中央区 勝どき駅 徒歩8分,月給60万円～,8日前,エン転職
株式会社JSOL,ITコンサルタント,東京都 中央区,年収700万円～800万円,4日前,マイナビ転職エージェントサーチ
デロイトトーマツリスクアドバイザリー株式会社,IT戦略コンサルタント,東京都 千代田区,"年収500万円～1,200万円",22日前,doda
日本システム運用センター株式会社,データ入力等のIT事務,東京都 渋谷区,"月給20万7,200円",9日前,イーアイデム
株式会社ライズ,学歴・経歴不問／20代活躍中／未経験から始めるIT事務,東京都 中央区                                                                                                                                                                その他 (30),"月給19万2,000円～30万円",6時間前,かんたん応募
アクティブ・アイティ株式会社,社内ITインフラ講師／研修講師 講師未経験OK!次世代へ技術を継承したい方,東京都 千代田区,年収360万円～480万円,6日前,リクルートエージェント
株式会社エーエルジェイ,ITエンジニア 未経験歓迎／充実の学習環境／ユニークな福利厚生多数／年休130日,東京都 新宿区 新宿三丁目駅 徒歩1分,"月給25万3,000円～60万円",公開していません,エン転職
アクサ損害保険株式会社,データITプラットフォームマネージャー,東京都,"年収1,200万円～1,400万円",公開していません,Spring転職エージェント
株式会社アクティアス,IT事務 未経験歓迎!資格取得支援などサポート充実／年間休日125日以上／面接1回&Web面接可,東京都 港区 六本木駅 徒歩5分,"月給20万5,000円～25万円",15日前,エン転職
株式会社インプレス,WEBメディア「こどもとIT」のタイアップ記事を提案! 広告営業,東京都 千代田区 神保町駅 徒歩1分,年収400万円～,6日前,マイナビ転職
株式会社コネクトクルー,ITエンジニア／未経験歓迎!リモートワーク中心・住宅手当あり,東京都 江東区 東陽町駅,月給20万円～40万円,2日前,doda
株式会社フォー・ジェイ,IT事務 未経験歓迎／残業ほぼなし／完全週休2日制,東京都 新宿区,年収234万円～402万円,13日前,マイナビ転職
株式会社遠藤システム,ITエンジニア,東京都,月給21万円～40万円,5日前,type
エバーネットデータ株式会社,IT関連ヘルプデスク,東京都 港区 虎ノ門駅 徒歩7分,"時給1,850円～",16日前,エン派遣
株式会社UNBORDER,ITサポート 未経験OK 女性活躍 リモートOK 渋谷本社 コスメ手当,東京都 渋谷区 渋谷駅 徒歩8分,月給20万円,5日前,女の転職type
ANAシステムズ株式会社,超レア求人 最上流から携わる IT系総合職 自己成長を実現,東京都 大田区 天空橋駅,月給22万円～,4日前,マイナビ転職
SGフィルダー株式会社,ITコンサルタント,東京都 中央区                                                                                                                                                                その他 (9),"年収800万円～1,500万円",5時間前,かんたん応募
株式会社ノースサンド,1day選考会 ITコンサル,東京都 中央区,"年収400万円～2,000万円",19日前,株式会社ノースサンド
三菱自動車工業株式会社,ITインフラ全般の導入・管理・企画 グローバル企業／東証プライム上場,東京都 港区 田町駅 徒歩3分,年収600万円～750万円,20日前,エン エージェント
コニカミノルタ株式会社,社内SE／ITアーキテクト／裁量×教育体制,東京都 港区,年収600万円～800万円,公開していません,エン エージェント
シーメンスヘルスケア株式会社,IT セキュリティプロフェッショナル-ガバナンス担当,東京都 品川区 大崎駅,"年収600万円～1,100万円",2日前,doda
スターコンサルティング株式会社,ITコンサルティング事業／ERP導入プロジェクト,東京都 千代田区,年収480万円～720万円,公開していません,日経転職版
ランスタッド株式会社,実績1700名超 充実研修でゼロから始めるITの道 ITエンジニア,東京都,月給23万円～,8日前,マイナビ転職
Earth Technology株式会社,Global IT Support,東京都 豊島区,"月給22万5,000円～",7日前,リクナビNEXT
東日本NSソリューションズ株式会社,ITアーキテクトスペシャリスト／プライム市場上場企業グループ,東京都,年収400万円～600万円,公開していません,Spring転職エージェント
株式会社ユニゾン・フォーリーフ,ゲーム・アニメ好き集まれ ゼロから学べる ITエンジニア,東京都 中央区 新富町駅 徒歩2分,"月給19万5,000円～",5日前,マイナビ転職
株式会社マネーフォワード,ITサポートリーダー  東京,東京都 港区,"年収500万円～1,100万円",27日前,株式会社マネーフォワード
株式会社IIJプロテック,未経験入社率95%!充実の研修で安定のIT業界へ IT系総合職,東京都 千代田区 飯田橋駅 徒歩1分,月給20万円～,4日前,マイナビ転職
旭化成株式会社,IT基盤戦略策定・推進,東京都 千代田区 日比谷駅,年収550万円～850万円,5日前,タイズ
アビーム コンサルティング株式会社,ITコンサルタント,東京都 千代田区 東京駅,"年収600万円～1,500万円",2日前,doda
株式会社セキュアウェアラブル・アイル,ITサポート 土日祝休 年間休日125日,東京都,月給18万円～50万円,15日前,マイナビ転職
FUJITSU UT株式会社,10月～開始 社内のIT機器のFAQ対応,東京都 港区 田町駅 徒歩10分,"時給2,400円",16日前,エン派遣
株式会社ケアリッツ・テクノロジーズ,IT営業 ヘルスケア×IT 年間休日125日 業界未経験者活躍中,東京都 新宿区 新宿駅 徒歩5分,月給35万円,1日前,エン転職
株式会社スクウェイブ,コンサル未経験OK ITコンサル・アシスタント フレックス制,東京都 千代田区 半蔵門駅 徒歩1分,月給30万円～,8日前,マイナビ転職
日信ITフィールドサービス株式会社,ITエンジニア 100%自社内開発 残業月20h程度 年間休日129日,東京都 台東区 上野駅 徒歩9分,月給20万円～50万円,4日前,マイナビ転職
株式会社i-NOS,企業と質の高いITエンジニアを繋ぐ SES営業 在宅勤務OK,東京都 中央区 新日本橋駅 徒歩3分,月給22万円～32万円,7日前,マイナビ転職
株式会社Dirbato,ITコンサルタント シニアコンサルタント候補／CXOも目指せる急成長ベンチャー,東京都,年収400万円～900万円,7日前,キャリフレ
株式会社アドバレッジ・パートナーズ,未経験から始めるITコンサルタント 「残業ゼロ」の社風が自慢／土日祝休み／リモート勤務,東京都 渋谷区 恵比寿駅 徒歩7分,年収300万円～,公開していません,エン転職
株式会社ビザスク,Devコーポレートエンジニア 社内IT環境をデザイン／ITの力で課題解決へ,東京都 渋谷区 渋谷駅,年収450万円～700万円,公開していません,レバテックキャリア
株式会社クリエイト・マンパワーサービス,人気!IT関連の事務管理,東京都 港区 新橋駅 徒歩7分,月給25万円～35万円,2日前,エン派遣
株式会社PE-BANK,フリーランス向けIT人材エージェント ～在宅勤務推奨／研修充実～,東京都 港区,年収324万円～400万円,16日前,リクルートエージェント
SCSKサービスウェア株式会社,英語のスキルを活かすヘルプデスク・IT事務,東京都 新宿区,月給24万円～30万円,6時間前,リクナビNEXT
株式会社シブヤテレビジョン,"社内SE 会社のIT管理者として活躍 フレックス制,午後出社OK",東京都 渋谷区 渋谷駅 徒歩4分,月給23万円～30万円,23時間前,マイナビ転職
株式会社アセットコンサルティングフォース,上流工程から手掛けるPM・PL候補 ITコンサルタント 土日祝休み,東京都 港区 虎ノ門駅 徒歩1分,"月給36万359円～57万6,576円",1日前,マイナビ転職
ノバストサカス株式会社,IT技術を身につけてワクワクできる企画・事業を手掛けていきたい人、募集,東京都 港区 外苑前駅,月給20万円～,1日前,Q-JiN
株式会社リヴァンプ,IT／エンジニア 大手企業のシステム開発案件を担当・フルリモート・地方在住者歓迎,東京都 豊島区,年収500万円～900万円,1日前,en ミドルの転職
株式会社日立コンサルティング,ITコンサルタント,東京都,年収400万円～,22日前,マイナビ転職
株式会社ベイカレントコンサルティング,ITコンサルタント,東京都,"年収500万円～3,000万円",24日前,日経転職版
リノべる株式会社,ITエンジニア・責任者候補／Nユニコーン企業／データードリブン,東京都 港区 表参道駅,"年収700万円～1,200万円",8日前,doda
Rotoworks株式会社,ITコンサル／上流／大手通信企業業務支援ITコンサル,東京都 品川区,月給70万円～90万円,17時間前,Rotoworks株式会社
株式会社TOKYO,IT×国際協力で社会に貢献する ITコンサルタント兼SE,東京都 中央区 茅場町駅 徒歩3分,"月給22万5,000円～40万円",4時間前,リクナビNEXT
株式会社システナ,200名採用!同期と成長 ITエンジニア 未経験歓迎,東京都 港区 浜松町駅 徒歩3分,月給22万円,7日前,マイナビ転職
テクバン株式会社,ITソリューションサービス営業メンバー,東京都 港区,年収450万円～700万円,5日前,マイナビAGENT
ジェイ・ワークス株式会社,社内IT情報ネットワーク推進担当,東京都 品川区 目黒駅 徒歩5分,月給25万円～33万円,1日前,type
株式会社リトルコンセプト,ITエンジニア,東京都 港区 青山一丁目駅 徒歩2分,"月給26万2,500円～45万9,360円",8日前,マイナビ転職
株式会社ZOSTEC,既卒歓迎／未経験から始めるITエンジニア／来れ、ITド素人・IT超初心者!,東京都,年収300万円～400万円,15日前,Re就活
パーソルテクノロジースタッフ株式会社,IT統制の管理システムの導入等PM,東京都 港区 六本木駅 徒歩5分,"時給2,400円",5日前,パーソル テクノロジースタッフ
KDDI株式会社,官公庁・自治体向けITソリューション営業,東京都 千代田区 大手町駅 徒歩1分,年収500万円～900万円,21日前,U29JOB
株式会社リブレス,ITエンジニア SMB市場NO1を目指す／業界最高水準の報酬・年収1000万円も可／プライム案件中心,東京都 千代田区 半蔵門駅 徒歩4分,月給30万円～50万円,12日前,エン転職
日本タタ・コンサルタンシー・サービシズ株式会社,英語力を活かせる ITエンジニア,東京都 港区,"月給27万4,000円～",18日前,リクナビNEXT
株式会社アクトエンジニアリング,建設現場のIT化のサポート・IT環境の構築・運用・現場からのITツールに関する相談対応,東京都 港区 品川駅 徒歩5分,"月給22万2,560円～33万6,480円",14日前,かんたん応募
パーソルテンプスタッフ株式会社,大手 ITグループ,東京都 荒川区 赤土小学校前駅 徒歩6分,"時給1,800円～2,250円",1日前,ジョブチェキ！
株式会社プラウドグロリア,最長3カ月の研修であなたも大変身 ITエンジニア 未経験9割,東京都 渋谷区 渋谷駅 徒歩8分,月給18万円～80万円,5日前,マイナビ転職
Sansan株式会社,コーポレートITサポートデスク,東京都 渋谷区,年収500万円～700万円,公開していません,【公式】ワーママ転職ならママリブラ
株式会社ゼディアロード,アプリ・ゲーム好き多数 ITエンジニア／PG・事務,東京都 目黒区,月給18万円～80万円,12日前,リクナビNEXT
グローウィン・パートナーズ株式会社,IT戦略・IT導入コンサルタント ITによる企業の成長戦略を推進するコンサルタントを中,東京都,"年収400万円～1,500万円",7日前,キャリフレ
SKer株式会社,ITコンサルタント,東京都,"年収1,000万円",5日前,type
株式会社Mizkan Jplus Holdings,次期IT基盤刷新、及び現行システム運用保守の業務システム／ITインフラ推進メンバー,東京都 中央区 茅場町駅,年収500万円～700万円,5日前,doda
フジオックス株式会社,ITで社内を支える 社内SE 未経験・二卒歓迎,東京都 荒川区 西日暮里駅 徒歩10分,"月給22万9,500円～31万円",4日前,マイナビ転職
株式会社求人ジャーナル ジャーナルコネクト,ITサポート事務,東京都 中央区,年収300万円～500万円,17時間前,株式会社求人ジャーナル ジャーナルコネクト
株式会社日本教育クリエイト,経験ゼロでも 初級エンジニアを目指せてIT業界へ転職が叶う,東京都 新宿区 新宿駅 徒歩5分,"月給22万4,000円～",23時間前,マイナビ転職
株式会社YNP,ITサポート 未経験歓迎 月給最大50万可 リモートワーク導入 残業ほぼ無,東京都 千代田区 水道橋駅 徒歩6分,"月給21万6,000円～",20日前,女の転職type
夢創IT株式会社,業務コンサルタント／IT戦略立案・課題解決,東京都 新宿区,"年収600万円～1,200万円",公開していません,doda
株式会社スタッフアイ,社内ヘルプデスク!週2～3日在宅勤務あり／IT興味ある方歓迎,東京都 文京区 千石駅 徒歩3分,"時給2,000円",2日前,エン派遣
株式会社光ソフトウェア,IT営業マネージャー,東京都 江東区,年収400万円～800万円,3日前,かんたん応募
Drivemode.Inc.,ITオペレーションアナリスト／グローバルな環境で英語を活かしたチャレンジ可,東京都 渋谷区 恵比寿駅,"年収700万円～1,000万円",15日前,doda
プレミアグループ株式会社,IT統制,東京都 港区,年収600万円～800万円,4日前,かんたん応募
イグス株式会社,社内IT業務全般,東京都 墨田区,年収500万円～800万円,4日前,マイナビ転職エージェントサーチ
株式会社クラフト社,ITエンジニア ITスクール受講無料／毎年昇給／年間休日120日／定時退社可,東京都 千代田区,月給20万円～,29日前,エン転職
株式会社ニトリデジタルベース,SIer歓迎 社内SE 35期増収増益中ニトリ向けIT専門会社／平均残業20H,東京都 北区,"年収500万円～1,000万円",3日前,リクルートエージェント
トヨタコネクティッド株式会社,ITアーキテクト,東京都,"年収500万円～1,100万円",公開していません,Spring転職エージェント
アルユーアイ株式会社,未経験者もゼロから育成 ITエンジニア 資格取得支援充実,東京都 中野区 中野坂上駅 徒歩1分,月給25万円～50万円,5日前,マイナビ転職
オリックス生命保険株式会社,IT本部:IT業務管理部 ITサービスマネジャー,東京都 豊島区,"年収750万円～1,300万円",20日前,type 転職エージェント
株式会社カスタマトリックス,IT事務 未経験OK オフィスワーク経験ゼロでも問題ナシ すぐ入社可 面接1回,東京都 新宿区 曙橋駅,月給20万円～30万円,21日前,女の転職type
株式会社アクシス・クリエイト,ITエンジニア,東京都,"月給21万7,000円～",4日前,かんたん応募
株式会社電通デジタル,ITコンサルタント,東京都 港区 新橋駅 徒歩6分,"年収400万円～1,000万円",7時間前,マイナビAGENT
パナソニック インフォメーションシステムズ株式会社,法人向けITソリューション営業,東京都 港区 汐留駅,年収450万円～700万円,1日前,doda
フリー株式会社,ITマネジメント,東京都,"年収500万円～1,000万円",公開していません,Spring転職エージェント
ユーザーサイド株式会社,ソリューション営業 企業の課題解決、価値創造をIT分野から全面支援します,東京都 品川区 天王洲アイル駅 徒歩5分,月給25万円～50万円,公開していません,ジョブアンテナ北海道
株式会社アトミテック,IT営業／ノルマなし 基本フルリモート 住宅手当あり 月給30万円〜,東京都 港区 六本木一丁目駅,月給30万円～,1日前,女の転職type
日本ウェブサービス株式会社,IT事務／賞与3回／年金3階建て／厚労省認定ホワイト企業／⼥性活躍推進,東京都 港区 新橋駅 徒歩8分,月給21万円～,11日前,女の転職type
ヒューマネテック株式会社,開始日相談可!IT業務をやりたい方募集,東京都 千代田区 東京駅,月給23万円～50万円,公開していません,エン派遣
コンピューテックエンジニアリング株式会社,年休120日 英語力を活かすITサポート／ヘルプデスク業務,東京都,年収450万円～,20日前,リクナビNEXT
株式会社大京,ITアーキテクト ～システム基盤更改に向けた企画・設計を担当～,東京都 渋谷区,"年収800万円～1,200万円",3日前,リクルートエージェント
ジャパニアス株式会社,ITサポート,東京都 新宿区,"月給20万5,000円～",1日前,type
パーソルキャリア株式会社,IT戦略立案担当,東京都 千代田区 東京駅 徒歩6分,年収530万円～740万円,公開していません,マイナビAGENT
ピーエムグローバル株式会社,ITコンサルタント,東京都,年収500万円～699万円,9時間前,en ミドルの転職
株式会社トプコン,ITコンサルタント,東京都 板橋区,年収450万円～800万円,14日前,ワークポート
リコーリース株式会社,社内SE／IT戦略企画・管理,東京都 江東区 豊洲駅,"年収650万円～1,200万円",25日前,doda
株式会社パソナ,ITコンサルタント／テクニカルサポート,東京都 千代田区 市ケ谷駅 徒歩7分,"時給1,600円",10日前,パソナJOBサーチ
株式会社Crane&I,初級ITエンジニア,東京都 千代田区 飯田橋駅 徒歩4分,月給23万円～35万円,22日前,type
カルチュア・エンタテインメント株式会社,IT企画部 部長候補,東京都 品川区 目黒駅 徒歩3分,"年収800万円～1,000万円",公開していません,U29JOB
株式会社SMSデータテック,DX推進に向けた自動化システムなどのIT営業・コンサルタント,東京都 中央区 新富町駅 徒歩5分,月給24万円～45万円,18日前,リクナビNEXT
イノベークス株式会社,会社の女性スタッフ比は50%!「IT営業」／業界未経験OK／学歴不問／賞与年2回／産休・育休制度有,東京都 中央区 水天宮前駅,月給22万円～27万円,公開していません,Office Lady
エヌエスイー株式会社,既卒歓迎／ITエンジニア／ライフワークバランス／安心・安定の環境で未経験から活躍,東京都 多摩市,年収300万円,4日前,Re就活
株式会社大崎コンピュータエンヂニアリング,千葉／東京の自治体・学校・病院・民間企業に対する IT営業,東京都 品川区 大崎駅 徒歩3分,"月給23万5,000円～",5日前,リクナビNEXT
株式会社ビースタイル,「顔認証システム」を提供するIT企業での「内勤営業,東京都 港区 芝公園駅 徒歩3分,"時給1,800円",11日前,しゅふJOBスタッフィング
株式会社Harvest Biz Career,ITサービス部の部長候補・プロジェクト管理スタッフ,東京都 台東区 仲御徒町駅 徒歩3分,"月給38万5,625円～80万2,500円",4日前,リクナビNEXT
パーソルチャレンジ株式会社,IT企画,東京都 港区 田町駅 徒歩1分,年収510万円～700万円,公開していません,U29JOB
パーソルエクセルHRパートナーズ株式会社,病院／介護施設向けIT製品のフィールドエンジニア,東京都 町田市 南町田グランベリーパーク駅 徒歩11分,"時給1,800円",8日前,ジョブチェキ！
株式会社シェアコネクト,ITコンサルタント 完全週休2日 年間休日124日,東京都 中央区,公開していません,8時間前,かんたん応募
株式会社ブリーズUSER,未経験からエンジニアにReスタート!／ITサポート・事務,東京都 港区 三田駅 徒歩5分,月給21万円～,11日前,リクナビNEXT
エムスリー株式会社,社内IT戦略を担う最高情報責任者,東京都 港区,"年収800万円～1,200万円",10日前,リクルートエージェント
デロイトトーマツリスクサービス株式会社,金融機関向けITリスクコンサルタント,東京都 千代田区,"年収400万円～1,000万円",5日前,パソナキャリア
ランスタッド株式会社 randstad tech...,既卒歓迎／RPA事務／月25万 ジブン×IT=∞!可能性が広がる&見つかる 未経験から学べる研修あり,東京都 新宿区 新宿駅 徒歩6分,年収300万円～400万円,18日前,Re就活
三井情報株式会社,ITコンサルタント,東京都 港区,年収397万円～732万円,26日前,マイナビAGENT
株式会社ジンズホールディングス,グローバルITガバナンス企画担当 革新的なアイケア企業,東京都 千代田区 飯田橋駅 徒歩5分,"年収700万円～1,100万円",20日前,エン エージェント
株式会社キャリアデザインセンター,ITコンサルファーム!残業なし／開発,東京都 港区 三田駅 徒歩3分,"時給3,500円",16日前,エン派遣
株式会社エージェンテック,自社ITプロダクトでビジネスを変える 法人営業 転勤なし,東京都 千代田区 神田駅 徒歩4分,年収500万円～650万円,8日前,マイナビ転職
マイケル・ペイジ・インターナショナル・ジャパン株...,急募!「自由な社風」外資系IT企業でのITヘルプデスク,東京都 港区,"時給1,600円～3,000円",2日前,エン派遣
兼松エレクトロニクス株式会社,大手向けITインフラソリューション営業,東京都 中央区 宝町駅,年収500万円～800万円,19日前,doda
ヘイズ・スペシャリスト・リクルートメント・ジャパ...,ITコンサルタント,東京都 港区,"時給3,000円～",公開していません,エン派遣
デーコムビジネスサポート株式会社 応募窓口,ヘルプデスク・ユーザーサポート／IT・通信関連,東京都 千代田区 東京駅,月給25万円～,4日前,はたらこねっと
アーズ総合開発株式会社,ITエンジニア 17年連続黒字。随時昇給チャンスあり,東京都 品川区 北品川駅 徒歩3分,月給20万円～45万円,5日前,エン転職
株式会社ラクスパートナーズ,プライム市場上場のラクスGrp／成長率130%以上／福利厚生充実!残業月10時間以下,東京都,年収417万円～600万円,公開していません,Spring転職エージェント
株式会社アクセスネット,ITエンジニア／コンサルタント候補,東京都 千代田区 神田駅 徒歩3分,月給30万円～50万円,6日前,doda
日創工業株式会社,ITインフラエンジニア 社員定着率90%,東京都 渋谷区 渋谷駅 徒歩5分,月給20万円～,22日前,エン転職
有限会社EFFICIENT LINK,"原則定時退社!""働きやすい""が魅力のITサポートエンジニア",東京都 港区 赤坂駅 徒歩1分,月給30万円～,23時間前,マイナビ転職
株式会社ふりー,らく～に働く／ストレス0宣言／リモート90%／ITエンジニア,東京都,月給30万円～70万円,11日前,リクナビNEXT
株式会社スリー・イー,既卒歓迎／ITサポート／評価・検証／6日間のオンライン研修で「お試し」で働ける!IT初心者歓迎求人,東京都 渋谷区 渋谷駅 徒歩10分,年収300万円～350万円,8日前,Re就活
SCSK株式会社,ITスペシャリスト・ITアーキテクト,東京都 江東区 豊洲駅 徒歩3分,年収500万円,公開していません,日経転職版
大手建設企業,社内IT機器管理@月島,東京都 中央区,"時給1,850円",12日前,グローバルスタッフ お仕事情報
株式会社リクルートスタッフィング／キャリアウィン...,既卒歓迎／IT事務／大手・有名IT企業での「事務のお仕事」 未経験OK 土日祝休み 勤務地希望考慮,東京都 港区,年収300万円～350万円,1日前,Re就活
PwCあらた有限責任監査法人,IT・セキュリティ領域のガバナンス構築・高度化支援プロジェクトマネージャー,東京都 千代田区 大手町駅,年収529万円～,公開していません,doda
オリックス株式会社,IT投資ガバナンス,東京都 港区 浜松町駅,"年収800万円～1,800万円",22日前,doda
株式会社セブン銀行,システム企画担当～IT戦略の企画やプロジェクトマネジメント～,東京都 千代田区 東京駅,"年収475万円～1,160万円",15日前,doda
Synology Japan株式会社,大手IT企業の日本法人で働く ソリューションマネージャー,東京都 台東区 浅草橋駅 徒歩7分,月給30万円～,4日前,マイナビ転職
株式会社ProbSpace,ITコンサルタント,東京都 新宿区,"年収700万円～1,200万円",公開していません,リクルートエージェント
東海ビジネスサービス株式会社,ITコンサルタント 2年目以降1000万も可能 調査などITデューデリジェンスから関われる,東京都 中央区,"年収600万円～1,000万円",公開していません,doda
株式会社ストリートベンチャー,外資系製薬・IT部門 運用・保守,東京都 品川区 大崎駅 徒歩5分                                                                                                                                                                その他 (10),月給35万円～39万円,5時間前,マイベストジョブ
INTLOOP株式会社,ITコンサルタント 大企業、上場企業に対してのITコンサルティング,東京都,"年収500万円～1,200万円",7日前,キャリフレ
株式会社エフェクト,ITサポート事務 未経験OK リモート中心 産育休取得率100% 定時退社が基本,東京都 港区 乃木坂駅 徒歩8分,月給27万円～,8日前,女の転職type
株式会社カーネルジャパン,将来に悩む未経験者にこそオススメ ITエンジニア／PG・事務,東京都,月給18万円～80万円,26日前,リクナビNEXT
株式会社BrandingEngineer,人事 事業計画達成に向けた人材戦略／ITエンジニアの働き方を変える,東京都 渋谷区 渋谷駅,年収500万円～800万円,12日前,doda
サービス&セキュリティ株式会社,既卒歓迎／未経験から始めるITエンジニア／手厚い教育体制であなたの個性と力を伸ばし,東京都,年収300万円～600万円,25日前,Re就活
株式会社コスモルート,ITエンジニアシステム開発、インフラなどのシステムコンサルタント,東京都 千代田区 二重橋前駅,年収350万円～550万円,1日前,Ｔジョブ
ライブリッツ株式会社,スポーツテック／ITコンサルタント 在宅勤務可／プライム市場上場G企業,東京都 品川区,"年収800万円～1,000万円",11日前,リクルートエージェント
株式会社パシフィックネット,ITソリューション営業／製品の提案～働き方改革の提案,東京都 港区 三田駅,年収500万円～700万円,公開していません,doda
ジェイ・ライン株式会社,未経験ITエンジニア,東京都 新宿区,月給22万円～40万円,6時間前,かんたん応募
PayPay株式会社,IT戦略／ITガバナンス推進担当,東京都,"年収500万円～1,200万円",公開していません,Spring転職エージェント
エンワールド・ジャパン株式会社,ITエンジニア／社内SE／リモート勤務可／土日祝休み,東京都 中央区 京橋駅,年収500万円～700万円,1日前,doda
株式会社長谷工ジョブクリエイト,社内ITにおける補助・サポート業務／週3日勤務,東京都 港区 虎ノ門ヒルズ駅 徒歩5分,"時給1,500円～",公開していません,エン派遣
株式会社JGコーポレーション,ITコンサルタント／未経験OK／手厚い教育サポート／リモートワークあり,東京都 千代田区 東京駅 徒歩5分,年収380万円～550万円,14時間前,女の転職type
ギークス株式会社,IT人材事業本部 中途採用／キャリアアドバイザー,東京都 渋谷区,年収400万円～600万円,公開していません,ギークス株式会社
株式会社ウチダ人材開発センタ,正社員登用率100%の「IT技術研修講師」／知識・経験を活かせる／年間休日122日以上,東京都 墨田区 両国駅,年収350万円～550万円,公開していません,Office Lady
東京都ビジネスサービス株式会社,ITサポート事務 未経験9割 専任講師による研修あり 20代活躍中,東京都 江東区 テレコムセンター駅 徒歩3分,月給21万円～,7日前,女の転職type
ヤフー株式会社,ITサポートエンジニア,東京都,年収650万円～900万円,公開していません,Spring転職エージェント
株式会社FreedJob,スタートアップ 未経験OK／WEBデザイナー・ITエンジニア,東京都,月給21万円～50万円,5日前,リクナビNEXT
キズナプラス株式会社,インフラエンジニア ITセキュリティ 運用監視業務,東京都 中央区 新富町駅 徒歩5分,月給24万円～,20日前,エン派遣
FutureRays株式会社,ITエンジニアと企業をつなぐ営業～総合ITコンサル企業～,東京都 千代田区,年収300万円～400万円,18時間前,doda
株式会社オールイン,上流にステップアップ ITエンジニア 月給50万円も可能,東京都 渋谷区,月給22万円～50万円,1日前,リクナビNEXT
鈴木商店,ブランク有りOK 30代40代活躍中 言語不問ITエンジニア募集,東京都 世田谷区,月給50万円～,14日前,かんたん応募
日本データエクスチェンジ株式会社,ユーザーサポート／年間休日125日／残業月10h以内／IT未経験者も歓迎,東京都 千代田区 神田駅 徒歩1分,"月給20万5,000円～27万円",23時間前,日本データエクスチェンジ株式会社
株式会社CoLabMix,ITシステム開発エンジニア,東京都 板橋区 大山駅 徒歩2分,月給22万円～,公開していません,かんたん応募
株式会社ネットランド,IT法人営業,東京都 千代田区 有楽町駅,年収450万円～600万円,26日前,doda
外資系・ITサービス企業,ジュニア IT ヘルプデスク／Helpdesk Technical Support Agent,東京都,年収300万円～400万円,4日前,Daijob.com
トランス・コスモス株式会社,PM／グローバルコンタクトセンター拠点立ち上げIT支援,東京都 豊島区,"年収600万円～1,000万円",12日前,パソナキャリア
株式会社Solution Hack,研修あり。運用案件から実務キャリアを重ねるITエンジニア,東京都 港区 浜松町駅 徒歩5分,月給19万円～25万円,公開していません,かんたん応募
株式会社J-weed,ITインフラの設計・構築・運用・保守,東京都 中央区 東銀座駅 徒歩3分,月給20万円～,19日前,かんたん応募
パーソルプロセス&テクノロジー株式会社,既卒歓迎／ITエンジニア／インフラ／未経験者ポテンシャル採用実施中! 年休120日以上,東京都 港区 赤坂見附駅,年収350万円～500万円,13日前,Re就活
UT エフサス・クリエ株式会社,"複数名募集!飯田橋 !時給2,000円!法人向けIT営業",東京都 千代田区 飯田橋駅 徒歩1分,"時給2,000円",2日前,エン派遣
パーソルワークスデザイン株式会社,自社内ITガバナンス構築、運用管理,東京都 豊島区,"月給23万9,000円～31万5,000円",公開していません,パーソルワークスデザイン株式会社
株式会社リクルート,全社IT戦略推進／製品選定～契約・発注まで幅広くご担当頂きます,東京都 千代田区,"年収495万円～1,155万円",12日前,doda
株式会社グローバル・ワン,英語事務 英語+IT専門知識でスキルアップ 資格取得支援あり,東京都 千代田区 大手町駅,月給23万円～30万円,26日前,エン転職
サーブシステムズ株式会社,PMO ITインフラ・アプリ案件多数／平均年俸700万～800万円／リモート案件多数／残業年15h程,東京都 中央区 新富町駅 徒歩7分,年収550万円～,19日前,エン転職
株式会社ソニー・ミュージックエンタテインメント,IT開発運営アシスタント IT事務やアシスタント経験者歓迎 在宅勤務あり,東京都 千代田区 市ケ谷駅 徒歩4分,"月給22万8,000円～",1日前,女の転職type
株式会社トゥインクル,ヘルプデスク・IT事務・インフラエンジニア,東京都,月給22万円～50万円,25日前,リクナビNEXT
株式会社サイバーセキュリティクラウド,ソリューションセールス フレックス勤務OK IT業界未経験OK,東京都 品川区 目黒駅 徒歩1分,"月給33万3,000円～",1日前,エン転職
株式会社テクノエージェント,ネットワークエンジニア／IT・通信関連,東京都 品川区 大崎駅 徒歩10分                                                                                                                                                                その他 (18),月給45万円～,10時間前,はたらこねっと
株式会社ダイン,IT事務 未経験OK,東京都 中央区 人形町駅 徒歩2分,月給20万円～25万円,公開していません,かんたん応募
株式会社レビューマガジン,編集記者 社会を牽引するIT関連コンテンツの企画・取材・編集,東京都 港区 表参道駅 徒歩8分,月給22万円～,14日前,マイナビ転職
株式会社NTTデータ,ITエンジニア～新型コロナウイルス対策の為Web面接も可能～,東京都,"月給29万5,370円",公開していません,女の転職type
オリックス・システム株式会社,ITサービスエンジニア募集,東京都 中央区,年収600万円～900万円,公開していません,A・ヒューマン
株式会社KPMG FAS,フォレンジックITコンサルタント,東京都 千代田区,"年収600万円～1,200万円",13日前,マイナビAGENT
日本アイ・ビー・エム株式会社,金融向ITソリューションコンサルタント,東京都,"年収800万円～2,000万円",25日前,パソナキャリア
株式会社イルミナ,"営業職種で一番やりやすいIT営業募集します!初心者可能! 週2,3出社",東京都 新宿区 新宿御苑前駅 徒歩5分,月給23万円～,21日前,かんたん応募
シェアジャパン株式会社,未経験者歓迎!ITエンジニア,東京都 新宿区,月給21万円～,公開していません,かんたん応募
リンクライド株式会社,ITエンジニア 定着率100%／ほぼ全員が未経験スタート／残業月5h／年間休日125日／私服OK,東京都 新宿区 新宿駅 徒歩5分,月給24万円～35万円,1日前,エン転職
パスクリエイト株式会社,既卒歓迎／ITサポート／「IT×オフィスワーク」5年、10年先も必要とされるスキルを身につけませんか,東京都 新宿区 新宿御苑前駅 徒歩1分,年収250万円～600万円,16日前,Re就活
三菱オートリース株式会社,企画職／ITやデジタル領域のご経験が活かせます,東京都,年収400万円～600万円,4日前,Spring転職エージェント
パイプドHD株式会社,人事部事務職 IT業界へチャレンジ／年間休日126日／残業少／東証上場,東京都 千代田区 溜池山王駅,年収340万円～400万円,13日前,doda
株式会社プロトシステム,LinuC、CCNA、AWS認定等の資格保有者歓迎 ITエンジニア・未経験可,東京都,年収315万円～400万円,7日前,キャリフレ
SWITCH株式会社,ITサポート 女性50% 賞与年3回 残業代100% 土日祝休 残業月10h以内,東京都 豊島区 池袋駅 徒歩5分,月給20万円～25万円,7日前,女の転職type
SBテクノロジー株式会社,ITコンサルタント,東京都 新宿区 東新宿駅 徒歩5分,"年収583万円～1,000万円",公開していません,U29JOB
株式会社KDDIエボルバ,福利厚生充実 KDDIグループのITエンジニア 未経験歓迎,東京都,月給21万円～25万円,26日前,マイナビ転職
株式会社SHINKO,医療や生活を支える IT機器のサポートスタッフ 未経験歓迎,東京都 小金井市,月給19万円～32万円,15日前,マイナビ転職
株式会社ISID-AO,ITアーキテクト,東京都 港区,公開していません,10日前,ELITE Network.
株式会社Carecon,マネージャー候補募集 “人に寄り添う”ITベンチャーの営業,東京都 渋谷区 渋谷駅 徒歩8分,月給25万円～35万円,4日前,リクナビNEXT
ナレッジビーンズ株式会社,既卒歓迎／ITエンジニア／キャリア形成も仕事の面白さも働きやすさも。万全の環境であなたをお迎えします,東京都 港区,年収250万円～600万円,6日前,Re就活
株式会社ライトコード,リモートで働けるIT営業を募集!エンジニアからの転職、営業マネージャー経験歓迎,東京都 港区 虎ノ門駅 徒歩3分,"年収300万円～1,000万円",7日前,Find Job!
株式会社オプティム,ITプリセールス 自社AI・IoTプロダクト／DX人材としての市場価値を向上させる,東京都 港区,年収400万円～800万円,8日前,リクルートエージェント
シンフォニアテクノロジー株式会社,IT企画部,東京都 港区,年収400万円～700万円,公開していません,マイナビAGENT
株式会社ITPM,IT事務,東京都 千代田区 市ケ谷駅 徒歩7分,"月給22万5,300円～70万円",19日前,type
岡三証券株式会社,システム企画・ITガバナンス管理,東京都 中央区,年収600万円～900万円,20日前,日経転職版
株式会社アイテック,急募 研修企画・運営 大手IT企業メイン／SEの経験を活かし教育業界へ,東京都 大田区,年収400万円～440万円,26日前,リクルートエージェント
株式会社グッドフィールドアンドカンパニー,ITソリューション法人営業／既存顧客9割ノルマなし／残業20h／平均勤続年数10年,東京都 中央区 八丁堀駅,年収400万円～500万円,8日前,doda
株式会社グランデュオ,初級ITエンジニア／未経験OK／個別研修制度／残業5h以下,東京都 新宿区 高田馬場駅 徒歩1分,月給21万円～30万円,2時間前,doda
株式会社ヴァンガードネットワークス,IT力を高める企画営業 年休124日,東京都 千代田区 秋葉原駅 徒歩2分,"月給24万5,000円～38万円",6日前,リクナビNEXT
株式会社エージェント・スミス,インフラエンジニア PL候補／IT全般業務を代行／スキルに合わせて業務を決定,東京都 港区 六本木駅,年収350万円～500万円,公開していません,レバテックキャリア
株式会社セントラボ,IT未経験からITコンサルタント,東京都,年収400万円～,公開していません,かんたん応募
株式会社マイナビワークス,IT系資格教材の「てにをは」や「句読点」校正など,東京都 大田区 流通センター駅 徒歩5分,"時給1,650円～1,700円",7日前,マイナビスタッフ 派遣
株式会社オーク情報システム,IT・技術営業・技術マネージャー募集／大林組IT戦略子会社／平均残業15h程度,東京都 品川区 天王洲アイル駅,年収260万円～380万円,2日前,doda
株式会社ビッグツリーテクノロジー&コンサルティング,HR事業部 ITコンサルタントおよびシステムエンジニア,東京都,年収400万円～900万円,公開していません,Spring転職エージェント
株式会社キーワードジャパン,ITエンジニア／IT事務 土日祝休 年休120日 定着率抜群,東京都 豊島区 池袋駅 徒歩7分,月給25万円～50万円,4日前,リクナビNEXT
株式会社アイスタイル,コーポレートIT戦略企画マネージャー,東京都,年収600万円～800万円,公開していません,Spring転職エージェント
学校法人日本教育財団,IT教員,東京都 新宿区 新宿駅 徒歩3分,年収400万円～700万円,5日前,type
株式会社エスアイイー,ITサポート・事務 17年連続!2桁成長企業 未経験歓迎,東京都 千代田区 東京駅,"月給23万2,000円～",6時間前,リクナビNEXT
株式会社サンシーシステム,月半分が休み! 初級ITエンジニア 未経験歓迎／年間休日190日,東京都 豊島区 池袋駅 徒歩7分,月給23万円～28万円,23時間前,マイナビ転職
株式会社紀伊國屋書店,IT関連サービス業務に関わる本社サポートスタッフ／紀伊國屋書店 都内近郊の大学内、図書館,東京都 目黒区,"時給1,250円～",公開していません,株式会社紀伊國屋書店
株式会社テクノウェイブ コーディネートグループ,一般事務・OA事務／IT・通信関連,東京都 渋谷区 渋谷駅 徒歩5分                                                                                                                                                                その他 (3),"時給2,000円～",3日前,はたらこねっと
株式会社アクティヴァーチ・コンサルティング,ITコンサルタント,東京都 千代田区,年収350万円～500万円,14日前,ワークポート
株式会社ジャステック,IT講師,東京都,"日給1万7,000円",12日前,type
株式会社グルーヴ・ディレクション,池袋／ITサポート業務 IT業界未経験チャレンジ可能!キャリアアップを目指す,東京都 豊島区,年収300万円～,3日前,リクルートエージェント
株式会社アサーティブ,講師経験・開発経験活かせる!定着率90%!新たなキャリア形成をサポートするIT講師,東京都 千代田区,公開していません,17時間前,株式会社アサーティブ
富士通コミュニケーションサービス株式会社,ITサポート 未経験歓迎／1ヶ月の研修で基礎知識を得られます／年休125日／ホワイト500認定企業,東京都,"月給21万5,000円～",26日前,エン転職
株式会社タイムシェア,ITエンジニア 未経験歓迎／設立以来定着率90%以上／土日祝休み／研修中も原則リモート,東京都 渋谷区 幡ケ谷駅 徒歩2分,月給25万円～,12日前,エン転職
株式会社Universal Language,ITエンジニア／未経験歓迎 大手企業グループ,東京都 中央区 茅場町駅,月給18万円～,8日前,type
株式会社クリエイティブバンク,企画営業リーダー候補 大手外資IT企業のイベント・セミナー企画運営管理,東京都 千代田区,年収550万円～900万円,3日前,リクルートエージェント
監査法人A&Aパートナーズ,IT監査,東京都 中央区,"年収525万円～1,100万円",公開していません,パソナキャリア
メルセデス・ベンツ日本株式会社,ITアーキテクト メルセデス・ベンツの日本法人／IT部門に積極投資,東京都 品川区,年収650万円～850万円,2日前,リクルートエージェント
株式会社テクノウェイブ 労働者派遣事業許可,IT系ヘルプデスク・ユーザーサポート／IT業界未経験でもOK!システムの問い合わせ対応,東京都 日野市 日野駅 バス7分,"時給1,500円～",公開していません,techno wave
アライドテレシス株式会社,ITコンサルタント 自社製品開発／国内シェア上位ネットワーク機器メーカー,東京都 品川区 大崎広小路駅,"年収600万円～1,000万円",2日前,doda
Sola株式会社,営業 IT業界未経験OK!少数精鋭で裁量大／官公庁や大手企業との取引実績有,東京都 千代田区,"年収400万円～1,000万円",2日前,リクルートエージェント
株式会社ビジョン・コンサルティング,ITコンサルタント 急成長中の未来型コンサルティングファーム／国内トップクラスの成長率,東京都 港区,"年収600万円～1,200万円",6時間前,en ミドルの転職
株式会社フリューゲル,学歴・経験不問「ITエンジニア職」として未経験からキャリア形成／頑張り次第で年収600万円も可!,東京都 目黒区 中目黒駅,月給18万円,公開していません,Office Lady
株式会社インフィニットコンサルティング,ITコンサルタント 上流～下流まで全工程のスキルを身に着けたい方,東京都 港区,年収700万円～950万円,2日前,リクルートエージェント
アイシス株式会社,損保でのシステム開発がメイン ITエンジニア 年間休日125日,東京都 多摩市 多摩センター駅 徒歩5分,"月給18万7,000円～36万6,000円",11日前,マイナビ転職
株式会社NTTデータMHIシステムズ,日本のモノづくりを支える ITエンジニア,東京都 港区,月給26万円～45万円,公開していません,マイナビ転職
株式会社アイエスエフネット,経験ゼロからのITエンジニア／専任コーチ・原則定時退社,東京都 港区 青山一丁目駅,月給28万円,1日前,doda
株式会社インター・ベル,ITアプリケーションスペシャリストとその他付帯業務,東京都 品川区 目黒駅,年収600万円～700万円,17時間前,株式会社インター・ベル
株式会社ソニー・インタラクティブエンタテインメント,IT PMO マネージャー,東京都 港区 品川駅,"年収700万円～1,400万円",19日前,doda
GC株式会社,ITコンサルタント,東京都 中央区 新富町駅 徒歩3分,月給30万円～,17日前,U29JOB
株式会社iDA,ファッション企業のITインフラ運用・保守サポートスタッフ,東京都 渋谷区 渋谷駅 徒歩5分,"時給1,800円～2,000円",13日前,iDA
株式会社Vユーアイ,IT系総合職 未経験大歓迎採用,東京都 中央区 日本橋駅 徒歩4分,月給20万円～,2日前,マイナビ転職
株式会社Risus One,トコトン安心の環境でITの世界へ!／PG・WEBデザイナー,東京都 渋谷区,月給21万円～,11日前,リクナビNEXT
株式会社セブン&アイ・ホールディングス,ITコスト管理メンバー IT戦略Unitコスト管理G 想定年収500万円～,東京都 千代田区 麹町駅 徒歩1分,年収500万円～,公開していません,女の転職type
アミフィアブル株式会社,インフラエンジニア 上流工程の案件多数／ITコンサル・スポーツ事業を展開／働きやすさ抜群,東京都 港区 大門駅,年収350万円～600万円,公開していません,doda
株式会社GYD,IT事務 未経験歓迎 エンジニアへステップアップ可 年休125日 残業月15時間,東京都 千代田区,月給21万円～,14時間前,女の転職type
株式会社アクロホールディングス,ITサポート事務,東京都 中央区 新日本橋駅 徒歩1分,年収300万円～500万円,4日前,マイナビ転職エージェントサーチ
株式会社アクティス,既卒歓迎／ITエンジニア／通信・組込ソフトウェア、業務系アプリケーションなど様々なシステム開発で幅広...,東京都 千代田区,年収300万円～350万円,10日前,Re就活
ネクストウェア株式会社 東京オフィス,IT営業,東京都 港区 広尾駅 徒歩3分,月給26万円～,8日前,type
株式会社天公システム,グローバルIT企業のITソリューション営業 年休120日以上,東京都 千代田区 神田駅 徒歩5分,年収400万円～800万円,18日前,マイナビ転職
医療法人社団美実会,IT知識・経験はゼロで大丈夫! ITサポート事務 残業基本なし,東京都 港区 六本木一丁目駅,"月給27万2,140円",11日前,マイナビ転職
デマンドリンク株式会社,SEに転身可能!「ITサポート事務」／学歴不問／完全週休2日制／借り上げ社宅制度有&残業少なめ,東京都 千代田区 岩本町駅,月給18万円～30万円,公開していません,Office Lady
アルファーテック株式会社,自治体や学校のPC・クラウド環境を作る ITサポート 未経験OK,東京都 西東京市 田無駅 徒歩12分,"月給22万4,900円～",9日前,マイナビ転職
株式会社キャリアデザインセンター 受付,運用管理・保守／IT・通信関連,東京都 江東区 木場駅 徒歩4分                                                                                                                                                                その他 (66),"時給2,500円～2,800円",5日前,はたらこねっと
ヘインズブランズ ジャパン株式会社,ITプロジェクトマネージャー,東京都 新宿区 信濃町駅,年収765万円～861万円,公開していません,doda
株式会社日立システムズ,自治体向けITソリューション営業,東京都 中央区 茅場町駅,年収450万円～750万円,29日前,doda
株式会社シーイーシーカスタマサービス,インフラエンジニア／SE／IT・クリエイティブ サーバエンジニア 社会保険完備 寮·社宅あり,東京都 江東区,月給25万円～,公開していません,株式会社シーイーシーカスタマサービス
株式会社フロンティアソリューション,既卒歓迎／ITエンジニア／ITに興味がある!それは弊社教育メソッドで「業界が求めるエンジニアになれる...,東京都 千代田区 飯田橋駅 徒歩2分,年収250万円～300万円,13日前,Re就活
株式会社ディー・エヌ・エー,技術推進担当～社内ITシステム運用業務全般をお任せします～,東京都 渋谷区 渋谷駅,"年収500万円～1,000万円",公開していません,doda
株式会社トップクラウド,IT営業,東京都 品川区 五反田駅 徒歩8分,月給30万円～40万円,26日前,type
株式会社ビーネックステクノロジーズ,未経験歓迎 ITエンジニア／Web・アプリ・社内システム開発,東京都,月給21万円～50万円,25日前,リクナビNEXT
データライブ株式会社,中古IT機器 調査・購買 アシスタント,東京都 台東区 三ノ輪駅 徒歩5分,"時給1,300円～",17日前,データライブ株式会社
ウーマンスタッフ株式会社,未経験可 IT系に進むためのスキルが身につく 運用管理,東京都 府中市 西府駅 徒歩5分,"時給2,200円",13日前,エン派遣
0903株式会社P,ITエンジニア・ネットワークエンジニア,東京都 港区 外苑前駅,月給20万円～40万円,1日前,Q-JiN
株式会社アンサー,20代、30代のITエンジニアから学ぶ／アプリ開発SE・PG,東京都 千代田区 末広町駅,月給20万円～,20日前,リクナビNEXT
株式会社マネジメントソリューションズ,コーポレートIT部 社内SE ～東証1部上場～,東京都 港区,年収600万円～800万円,2日前,リクルートエージェント
双日株式会社,IT戦略・企画担当,東京都 千代田区 霞ケ関駅,"年収650万円～1,000万円",公開していません,doda
株式会社イソリア,英語×IT ITサポートデスク 英語力を活かせる／一部シェアオフィス在宅勤務可,東京都 港区,年収450万円～600万円,2日前,リクルートエージェント
株式会社セレクティ,ITサポート事務,東京都 豊島区 池袋駅 徒歩3分,月給23万円～30万円,13日前,イーキャリア
株式会社サーマルネッツ,既卒歓迎／ITエンジニア／仲間がいるから成長できる。「この会社と出会えて良かった」と思える会社を目指...,東京都 港区 新橋駅 徒歩7分,年収250万円～450万円,27日前,Re就活
株式会社QualityCube,品質戦略プランナー 未経験歓迎 IT研修カリキュラム充実,東京都 渋谷区 渋谷駅 徒歩4分,年収400万円～600万円,11日前,マイナビ転職
中外製薬株式会社,ITインフラ戦略企画担当者／IT Infrastructure Strategist,東京都 中央区,公開していません,公開していません,ELITE Network.
株式会社bloom,SE／インフラエンジニア／IT・クリエイティブ 社内SE／ITインフラ設計·構築／リモートワークあり,東京都 豊島区 池袋駅 徒歩10分,年収374万円～434万円,5日前,株式会社bloom
株式会社リガーレジャパン,IT企業でオフィス事務,東京都 墨田区 錦糸町駅 徒歩5分,月給18万円～25万円,公開していません,かんたん応募
株式会社アウトソーシングテクノロジー,既卒歓迎／ITサポート事務／これまでの経験を活かしつつ、ITスキルが身に付く働き方を,東京都,年収250万円～500万円,4日前,Re就活
株式会社SSC,未経験・第二新卒ok ITコンサルタント 平均残業月10h,東京都 渋谷区 恵比寿駅 徒歩5分,"月給22万5,000円～",4日前,リクナビNEXT
EBA株式会社,未経験から挑戦可!IT技術者の採用業務が中心の人事職／残業少,東京都 新宿区 西新宿駅 徒歩5分,月給25万円,公開していません,doda
株式会社悟空テクノロジーズ,今の時代に IT事務 って結構イイかも メンバーは現在全員20代,東京都 港区 新橋駅 徒歩3分,月給20万円～60万円,8日前,マイナビ転職
株式会社DGフィナンシャルテクノロジー,IT内部監査 部署立ち上げ／役職定年なし／定年後再雇用制度あり,東京都 渋谷区 代官山駅 徒歩4分,"年収600万円～1,000万円",19日前,エン エージェント
ヤマトシステム開発株式会社,ヤマトグループのIT専門企業で活躍 ITサポート・ヘルプデスク,東京都 中央区 勝どき駅 徒歩4分,月給23万円～60万円,5日前,マイナビ転職
チエル株式会社,ITソリューションの提案を行う 法人営業 土日祝休み,東京都 品川区 天王洲アイル駅 徒歩4分,"月給25万1,100円～37万円",4日前,マイナビ転職
株式会社システムシェアード,IT営業／自社サービス／完全週休二日／リモート中心,東京都 千代田区 秋葉原駅,月給26万円～,3日前,doda
レールコンサルティング株式会社,実務経験3年以上のエンジニアの方! IT講師として弊社ビジネスに参加しませんか,東京都 中央区 日本橋駅 徒歩1分,月給25万円～45万円,公開していません,かんたん応募
ミツイワ株式会社,安心・安全なIT環境の提供サポート,東京都 渋谷区,年収500万円～650万円,2日前,リクルートエージェント
株式会社ラーニングエージェンシー,IT企業担当,東京都 千代田区 有楽町駅 徒歩1分,年収450万円～780万円,23日前,U29JOB
株式会社トップ・パートナーズ,IT企画リーダー,東京都 品川区,"月給30万円～43万5,000円",公開していません,株式会社 Billage
株式会社ビスタクルーズ,コンサルティング、IT人材の法人営業,東京都 千代田区 有楽町駅 徒歩5分,"時給1,400円～",14日前,しゅふJOB
株式会社ファイントゥデイ資生堂,ITアーキテクト,東京都,"年収900万円～1,500万円",公開していません,Spring転職エージェント
日本リック株式会社,社内IT環境の運用支援,東京都 港区 田町駅 徒歩2分,"時給1,800円",公開していません,マイキャリア
株式会社FRONTEO,マネージャー／ITを用いた経営課題の解決を社内ITで実現,東京都 港区 品川駅,"年収800万円～1,000万円",19日前,doda
株式会社マークス,IT事務サポート 2カ月の社内研修で未経験から安心スタート,東京都 千代田区 大手町駅,月給23万円～55万円,5日前,マイナビ転職
株式会社タカインフォテクノ,ITインフラエンジニア 現場リーダー・マネージャー候補,東京都,月給25万500円,11日前,マイナビ転職
国際マネジメントシステム認証機構株式会社,ITセキュリティアドバイザー 未経験OK,東京都 品川区 目黒駅 徒歩3分,月給30万円～50万円,11日前,マイナビ転職
株式会社イーグリッド,学歴・経験不問／スキルが身に着く「IT営業アシスタント」,東京都 豊島区 池袋駅,"月給19万9,500円～",公開していません,Office Lady
株式会社キャリアジャパン,PC修理保守!未経験からITエンジニア 研修充実,東京都 豊島区 池袋駅 徒歩5分,月給24万円～,6日前,エン派遣
株式会社Mobility Technologies,IT戦略部 会計系エンジニア,東京都 港区,年収500万円～700万円,18日前,株式会社Mobility Technologies
アクセンチュア株式会社,ポテンシャル採用 ITコンサルタント・エンジニア,東京都 港区,年収430万円,6時間前,リクナビNEXT
株式会社大丸松坂屋百貨店,IT企画,東京都 中央区 日本橋駅,年収600万円～750万円,公開していません,doda
株式会社エーティーエス,即日～長期!平日シフト制／交通費支給／ITヘルプデスク業務,東京都,"時給1,750円～",21日前,テクパス
株式会社エムティーアイ,大手法人向けITソリューション営業,東京都 渋谷区 初台駅,"年収800万円～1,000万円",公開していません,doda
日本電気株式会社,サプライチェーンIT基盤のDX推進リーダー,東京都 港区 三田駅,"年収900万円～1,400万円",12日前,doda
株式会社KDDIエボルバ ITS,通訳・翻訳／IT・通信関連,東京都 新宿区 新宿駅 徒歩7分,"時給1,800円",5日前,はたらこねっと
株式会社パラダイムシフト,IT業界に特化したM&Aコンサルタントの業務支援サポート～メディア掲載企業～,東京都 港区,"年収540万円～1,000万円",22日前,doda
株式会社トラウム,タブレット・PC等IT機器の設置設定 短期有,東京都 千代田区 飯田橋駅 徒歩5分,"時給1,500円～2,000円",22日前,タウンワーク
株式会社計装エンジニアリング,IT初級エンジニア 未経験大歓迎,東京都 大田区,月給23万円～40万円,7日前,マイナビ転職
株式会社セゾン情報システムズ,ITサポート部 システム企画・開発チーム 業務システムの開発・運用,東京都 港区,年収450万円～720万円,20日前,株式会社セゾン情報システムズ
コンピュータ・レスキュー株式会社,ITエンジニア 未経験歓迎!エンジニアって何するのから教えます。年間休日127日!住宅手当最大3万円,東京都 千代田区 飯田橋駅 徒歩3分,月給23万円～,5日前,エン転職
株式会社10バトン,既卒歓迎／ITエンジニア 他／未経験者大歓迎!一生モノのスキルを身に付けて一緒に成長しませんか,東京都 品川区 目黒駅 徒歩5分,年収250万円～300万円,5日前,Re就活
IT ENGINEERs 人事部採用課,未経験でもITエンジニア,東京都 八王子市                                                                                                                                                                その他 (17),"月給23万5,000円～30万円",8時間前,かんたん応募
株式会社日本ビジネスデータープロセシングセンター,サーバ運用管理・運用テスト・ITサポート,東京都,月給21万円～45万円,18日前,リクナビNEXT
株式会社Nautik,ITコンサルタント候補／業績拡大中のIT系成長企業,東京都 千代田区 御茶ノ水駅 徒歩8分,月給24万円～60万円,22日前,type
株式会社Vヴィズリア,32歳以下は全員面接 ITエンジニア 経験0 ステップアップ,東京都 渋谷区 北参道駅 徒歩3分,月給18万円～,19日前,マイナビ転職
エン・ジャパン株式会社,社内ITコンサルタント,東京都 新宿区 西新宿駅,月給32万円～,15日前,エン転職
株式会社ピーシープロモーション,趣味と仕事を全力で楽しんでほしい! ITエンジニア 未経験OK,東京都 港区 表参道駅 徒歩2分,月給20万円～,23時間前,マイナビ転職
アジアクエスト株式会社,ITコンサルタント DX共創プロジェクトを推進／在宅勤務中心,東京都 千代田区,"年収500万円～1,000万円",2日前,リクルートエージェント
インターノウス株式会社,営業／採用活動の継続支援、ITプロジェクト支援や当社研修事業の講師なども行って頂きます,東京都 港区,"年収350万円～1,200万円",1日前,マイナビ転職エージェントサーチ
株式会社フレアシステム,IT営業,東京都 新宿区 早稲田駅 徒歩1分,月給20万円～45万円,19日前,type
エヌ・ティ・ティ・コミュニケーションズ株式会社,スマートファクトリー推進室 IT／OT統合セキュリティ:セキュリティエンジニア,東京都 千代田区,"年収500万円～1,000万円",6日前,エヌ・ティ・ティ・コミュニケーションズ株式会社
葵屋株式会社,医療施設内ITサポートスタッフ,東京都,"月給20万1,500円～",6時間前,かんたん応募
GMOペイメントゲートウェイ株式会社,7月26日 19時〜ITエンジニア向けウェビナー,東京都 渋谷区,"年収500万円～1,090万円",14日前,ワークポート
エヌ・ティ・ティ・データ先端技術株式会社,CSB2201 ITセキュリティ営業,東京都,年収410万円～750万円,公開していません,Spring転職エージェント
株式会社フュージョニア,未経験歓迎!最初の第一歩 ITエンジニア・NW運用・事務,東京都,"月給21万5,000円～",6時間前,リクナビNEXT
NRIデータiテック株式会社,国内トップ証券企業向け／ITヘルプデスク,東京都 千代田区 大手町駅,"年収500万円～1,000万円",公開していません,doda
株式会社ネットサポート,初級ITエンジニア,東京都 渋谷区 渋谷駅 徒歩5分,月給22万円～,5日前,type
株式会社ベネッセコーポレーション,ベネッセグループのITガバナンス担当,東京都 多摩市,年収600万円～850万円,公開していません,Education Career
応用技術株式会社,ITコンサルタント,東京都 文京区,年収500万円～800万円,公開していません,マイナビAGENT
株式会社りそな銀行,IT戦略に関する企画 中長期的なIT戦略立案／最新技術を取り入れた金融サービスの企画立案,東京都 江東区 木場駅,"年収500万円～1,200万円",公開していません,doda
株式会社FAN・DREAM,中卒・未経験OK!「IT職」として手に職をつけませんか?／月給24万円～／引越し負担や社宅制度有,東京都 品川区 五反田駅,月給24万円～50万円,公開していません,Office Lady
株式会社HICサービス,IT業界未経験／第二新卒歓迎 IT導入サポート職 営業からでも挑戦可能／残業10h,東京都 墨田区,年収330万円～450万円,16日前,リクルートエージェント
サン・ライズ・システムズ株式会社,インフラエンジニア ITアーキテクト／ITアーキテクト 大手通信業界の企業のシステム構築,東京都 品川区 五反田駅,年収480万円～720万円,20日前,レバテックキャリア
株式会社アクセルコミュニケーション,高月給で安定!大手IT会社にてシステム設計・開発,東京都 港区 品川駅 徒歩5分,月給28万円～,公開していません,エン派遣
日本ビジネスシステムズ株式会社,ITコンサルタント,東京都 港区 虎ノ門駅,"年収600万円～1,000万円",2日前,doda
アイムファクトリー株式会社,エンジニアの人材紹介営業 ～ITフリーランスの人材支援／成長率4年連続130%～,東京都 千代田区 麹町駅,年収360万円～600万円,公開していません,doda
ソフトウエアエンジニアリング株式会社,IT分野ローカリゼーション業務の翻訳チェッカ,東京都 新宿区 新宿駅 徒歩10分,"時給2,400円",6日前,エン派遣
株式会社チャリ・ロト,社内IT総務 ミクシィグループ／私服勤務可／休日120日,東京都 品川区,年収260万円～611万円,2日前,リクルートエージェント
一般財団法人国際医学情報センター,完全週休2日&残業少なめ DX推進／IT化戦略・システム導入,東京都 新宿区 信濃町駅 徒歩1分,年収330万円～,11日前,リクナビNEXT
株式会社アガルート,社内ITインフラ 担当 オンライン教育ベンチャー／在宅可／残業約15h／賞与年4回～,東京都 千代田区 飯田橋駅,年収400万円～750万円,2日前,doda
株式会社Ctyup,初級IT事務#未経験歓迎#最長6ヶ月充実研修#手に職GET,東京都 品川区 大崎駅 徒歩6分,"月給20万5,000円～29万円",22日前,doda
株式会社ゼディアレーゲン,イチから始めるITエンジニア 年間休日125日以上 残業月20時間以下 10名以上の積極採用,東京都 品川区 目黒駅 徒歩5分,月給18万円～80万円,1日前,エン転職
オムロン株式会社,管理職／ITソリューションPMO,東京都 港区,"年収550万円～1,100万円",公開していません,タイズ
株式会社マイネット,プロジェクトマネージャー／CIO領域担当 CIOの視点からグループ全社のIT戦略の企画・提案～運用,東京都 港区 外苑前駅,"年収650万円～1,000万円",公開していません,レバテックキャリア
コムテック株式会社,ヘルプデスク／IT業界未経験者も歓迎／残業月10h／土日祝休,東京都 港区 浜松町駅 徒歩10分,月給23万円～45万円,13日前,doda
合同会社ノア,エンジニア／クライアント企業のITシステムインテグレーションをサポート,東京都 江東区,年収450万円～720万円,29日前,doda
オムロン エキスパートリンク株式会社 エンジニア...,医療ITクラウドシステム開発,東京都 港区 品川駅 徒歩5分,"時給2,800円",6日前,エン派遣
株式会社プラウドフロー,知識ゼロの未経験から成長できる ITエンジニア／PG・事務,東京都 渋谷区,月給18万円～80万円,26日前,リクナビNEXT
ケイアイスター不動産株式会社,IT企画,東京都 千代田区 東京駅,"年収650万円～1,000万円",2日前,doda
株式会社アルゴビジネスサービス,IT企業でクラウド運用管理,東京都 中央区 水天宮前駅 徒歩4分,"時給2,400円",9日前,エン派遣
株式会社ユニコーンテクノロジー,未経験から成長するITエンジニア／有名ゲーム開発実績多数,東京都 中央区 八丁堀駅,月給26万円～,公開していません,doda
ジェイシーテクノロジー株式会社,3年でITコンサルタントを目指せるヘルプデスク／急成長中事業,東京都 中央区 茅場町駅 徒歩5分,月給23万円～40万円,1日前,doda
株式会社エスティーエーアスト,IT事務,東京都 千代田区 秋葉原駅 徒歩2分,月給18万円～,26日前,type
ネクスト株式会社,既卒歓迎／ITエンジニア／未経験OK／教育体制充実／リモート案件多数／自社開発,東京都 渋谷区 渋谷駅 徒歩13分,年収300万円～600万円,10日前,Re就活
株式会社ビーネックスソリューションズ,20代活躍中／年休最大125日／残業12.2h／ITサポート,東京都 千代田区 秋葉原駅 徒歩3分,月給24万円,26日前,リクナビNEXT
株式会社Linuxジャパン,こんなIT専門書を9冊書いている社長が 未経験からあなたをエンジニアに育てます,東京都 港区 赤坂駅 徒歩5分,月給25万円～80万円,8日前,Find Job!
デロイトトーマツサイバー合同会社,IT資産管理 コンサルタント／デロイトトーマツグループ,東京都 千代田区,"年収500万円～1,200万円",2日前,doda
エスアイエス・テクノサービス株式会社,IT営業にキャリアアップ,東京都 江東区,年収350万円～450万円,公開していません,リクルートエージェント
株式会社サイバーネーション,グローバルITサポート／IT業界で英語力を活かす／在宅勤務可,東京都 新宿区 高田馬場駅 徒歩7分,"月給22万8,000円～",2日前,doda
株式会社hacomono,コーポレートIT・コーポレートエンジニア責任者,東京都 渋谷区 北参道駅 徒歩6分,"年収700万円～1,100万円",1日前,CREATIVE JOB
株式会社ネオマトリクス,年間休日126日 !「ITエンジニア」／書籍購入や資格取得支援等待遇充実／経験者の方は前給保証,東京都 品川区 五反田駅,月給25万円～65万円,公開していません,Office Lady
株式会社クロノシステム,ITサポート事務 未経験から始めやすくて安心／完全土日祝休み／年間休日125日／残業月15h以下,東京都 中央区 銀座駅 徒歩3分,月給22万円～,公開していません,エン転職
トレンドマイクロ株式会社,ITエンジニア 国内トップクラスのセキュリティ企業,東京都 新宿区 新宿駅 徒歩1分,年収500万円～750万円,11日前,リクナビNEXT
株式会社ホープネット 応募受付7,IT・技術系／IT・通信関連,東京都 江東区 豊洲駅 徒歩5分                                                                                                                                                                その他 (5),"時給2,500円～",3日前,はたらこねっと
日本コンベンションサービス株式会社,在宅勤務多め・プール制・オンライン同時通訳／外資IT企業,東京都 港区 神谷町駅 徒歩8分,"時給3,200円～3,500円",5日前,ジョブメリ
アノーバコンサルティング株式会社,IT部門支援PMO,東京都 千代田区,月給70万円～80万円,20日前,modis
日野コンピューターシステム株式会社,IT企画 ITマネジメント、ガバナンス強化と業務環境高度化の企画推進,東京都 日野市,年収500万円～700万円,11日前,リクルートエージェント
株式会社アイフリークスマイルズ,ITサポート事務／未経験歓迎／年休125日／残業月5H程度,東京都 新宿区 新宿御苑前駅 徒歩0分,月給18万円～50万円,17日前,doda
株式会社ノードコミュニケーション,IT総合職／未経験者歓迎・20代が8割,東京都 新宿区 西新宿駅 徒歩6分,月給18万円～,2日前,イーキャリア
FPTジャパンホールディングス株式会社,ITソリューション営業,東京都 港区,"年収800万円～1,500万円",公開していません,株式会社 Billage
株式会社システマーズ,ITプランナー／月給45万可／賞与2回／残業少／時差出勤・直行直帰OK／在宅勤務可,東京都 港区 新橋駅 徒歩5分,月給28万円～45万円,11日前,女の転職type
株式会社サンブリッジ,IT戦略室マネジャー,東京都,"年収700万円～1,200万円",公開していません,Spring転職エージェント
パーソルエクセルHRパートナーズ株式会社 キャリ...,SE・プログラマ／オープン系／IT・通信関連,東京都 新宿区 西新宿駅 徒歩3分                                                                                                                                                                その他 (4),"時給5,000円",5日前,はたらこねっと
株式会社アパートナー,IT教育サポート／未経験・文系の方も大歓迎 残業月10h以下 有給消化100%,東京都 目黒区 中目黒駅 徒歩4分,月給30万円～,25日前,女の転職type
株式会社ユートピア,ITエンジニア 未経験OK フルリモート案件も! 年休120日～,東京都 新宿区 新宿駅 徒歩5分,月給20万円～50万円,8日前,マイナビ転職
グラビス・アーキテクツ株式会社,東京 公共領域向けITコンサルタント 行政機関勤務経験を生かしてDX化をお任せ,東京都 港区,年収480万円～600万円,5日前,リクルートエージェント
株式会社ビズリーチ,IT統制,東京都 渋谷区,年収500万円～800万円,6日前,パソナキャリア
株式会社ピーズエンジニアリング,未経験からITデビュー／インフラ運用保守・ヘルプデスク,東京都,"月給20万5,000円～50万円",19日前,リクナビNEXT
SBIホールディングス株式会社,IT全般に関する企画職,東京都 港区,年収400万円～780万円,1日前,パソナキャリア
株式会社暖,学歴・職歴不問／未経験からはじめるITエンジニア,東京都 荒川区 日暮里駅                                                                                                                                                                その他 (14),年収380万円～530万円,4日前,かんたん応募
株式会社イデアルアーキテクツ,IT企業の営業メンバー,東京都 新宿区,"月給18万4,960円～36万9,920円",6日前,Tジョブ Uターン・Iターンに特化した求人情報サイトの全国版!!
SB C&S株式会社,営業／ITインフラ構築に関わる製品やサービス ソフトバンクグループ,東京都 港区,年収418万円～677万円,2日前,リクルートエージェント
株式会社ヒューマンウェア,年休120日以上 第二新卒歓迎 残業少なめ ITサポート事務,東京都,月給20万円～,6時間前,リクナビNEXT
システムコミュニケーションズ株式会社,未経験歓迎!IT事務・PG 働きながらスキルGET,東京都 町田市 町田駅 徒歩2分,月給21万円～50万円,4日前,リクナビNEXT
株式会社Education,IT事務 サポートデスク,東京都 新宿区,月給20万円～30万円,5日前,かんたん応募
株式会社三鋭システム,既卒歓迎／ITエンジニア／未経験から開発プログラマーに／研修3カ月／成長重視の案件,東京都 千代田区 末広町駅 徒歩1分,年収300万円～500万円,5日前,Re就活
株式会社SHIFT 未経験採用チーム,IT事務 未経験 9割以上 研修充実 リモートワーク6割 月給28万円以上,東京都 港区,"月給33万3,334円",18日前,女の転職type
楽天グループ株式会社,楽天生命:ITプロジェクトマネージャー,東京都 千代田区,"年収500万円～1,000万円",5日前,マイナビAGENT
株式会社テクノコア,IT研修講師 エンジニアとしてスキルアップしながらIT講師にもチャレンジ,東京都 中央区,年収400万円～500万円,2日前,リクルートエージェント
山田コンサルティンググループ株式会社,経営・ITコンサルタント PMクラス ～コンサル経験者／国内最大規模の独立系コンサルファーム～,東京都 千代田区 東京駅,"年収900万円～1,300万円",公開していません,doda
ライフネット生命保険株式会社,ITサービス管理,東京都 千代田区 半蔵門駅 徒歩2分,年収615万円～815万円,公開していません,U29JOB
ブレインズコンサルティング株式会社,インフラエンジニア エンジニアからITコンサルタントを目指す方必見,東京都 中央区,"年収500万円～1,000万円",2日前,リクルートエージェント
エクサ・システムプランニング株式会社,ゼロから始めるITエンジニア 年間休日128日／土日祝休み／成長したい!に応えます,東京都 江東区 テレコムセンター駅 徒歩5分,月給21万円～50万円,公開していません,エン転職
株式会社U&i STYLE,既卒歓迎／ITエンジニア／業界・業種未経験者歓迎!エンジニアデビューをしっかりサポート,東京都,年収400万円～750万円,14日前,Re就活
株式会社OZsoft,未経験からITオフィスワークデビュー／年間休日120日「エンジニア業務」,東京都 千代田区 末広町駅,月給20万円～60万円,公開していません,Office Lady
株式会社ライズエクシード,未経験者のための教育・環境を整備 ITエンジニア／PG・事務,東京都 渋谷区,月給18万円～80万円,12日前,リクナビNEXT
キヤノンビズアテンダ株式会社,大手シンクタンクGでの社内IT部門の業務サポート,東京都 江東区 潮見駅 徒歩6分,"時給1,650円～",公開していません,キヤノンビズアテンダ株式会社
BAMV合同会社,ITディレクター／PMO候補 未経験OK／IT業界で慢性的に不足するポジションマネジメントのプロフェ...,東京都,年収320万円～804万円,7日前,キャリフレ
デロイトトーマツコーポレートソリューション合同会社,社内IT IT事業企画管理-業績管理担当,東京都 千代田区,公開していません,19日前,パソナキャリア
株式会社京王ITソリューションズ,社内SE 日本のインフラに貢献している京王電鉄グループのIT部門,東京都 調布市,年収352万円～500万円,11日前,リクルートエージェント
山王スペース&レンタル株式会社,社内のITサポート／未経験歓迎／フレックス有,東京都 中央区 東銀座駅 徒歩1分,"月給21万5,000円～",19日前,doda
株式会社コングレ・グローバルコミュニケーションズ,在宅メイン!外資系ITコンサル会社でのプール制通訳,東京都 港区 神谷町駅 徒歩8分,"時給2,800円～",16日前,エン派遣
株式会社リクルートR&Dスタッフィング,生命保険会社のファイルサーバシステム維持保守業務／ITコンサルタント,東京都 新宿区,月給20万円～44万円,20日前,リクルートR&Dスタッフィング
エヌアイシィ株式会社,10月入社／未経験からIT開発エンジニア 充実した研修で豊富なキャリアパス,東京都,月給19万200円,6日前,マイナビ転職エージェントサーチ
CBcloud株式会社,情報システム担当 ～ITシステムにおける社内対応／ヘルプデスク業務等／ITで物流業界の課題解決企業～,東京都 千代田区 秋葉原駅,年収360万円～525万円,2日前,doda
株式会社JUT JOY,「言語って何?」から始めるITエンジニア ほぼ全員が未経験入社／残業月10h以下／書籍代補助あり,東京都 渋谷区 渋谷駅 徒歩4分,月給20万円～50万円,22日前,エン転職
アンドデジタル株式会社,大手IT企業Gでの電話発信業務,東京都 渋谷区 渋谷駅 徒歩5分,"時給1,900円",2日前,エン派遣
アシュリオン・ジャパン株式会社,IT企画担当 ～自社基幹システムの推進・企画／大手携帯キャリア向けアフターサービス事業～,東京都 港区 六本木一丁目駅,年収500万円～700万円,公開していません,doda
レバレジーズ株式会社,エンタープライズ営業／IT領域,東京都 渋谷区 渋谷駅,年収500万円～600万円,公開していません,doda
株式会社LegalForce,コーポレートITエンジニア／リーダー,東京都 江東区,年収660万円～800万円,20日前,エン エージェント
アルテミス株式会社,初級ITエンジニア 未経験OK リモート可 女性社員100% 研修充実,東京都 中央区 東銀座駅 徒歩3分,"月給22万5,000円～",8日前,女の転職type
株式会社NEXCOシステムソリューションズ,ITエンジニア／自社勤務／年間平均休日130日／残業月23時間／リモート比率7割,東京都,年収400万円～800万円,公開していません,Spring転職エージェント
株式会社マキバレ,ITエンジニア講師,東京都 品川区 五反田駅 徒歩2分,月給23万円～,14日前,type
三菱UFJインフォメーションテクノロジー株式会社,人事企画 MUFGのIT中核企業,東京都 中野区,年収600万円～900万円,13日前,パソナキャリア
REC株式会社,"既卒歓迎／アプリ開発エンジニア／これまで2,000名以上を育て上げた実績のある研修でIT業界デビュー...",東京都 中央区 茅場町駅 徒歩5分,年収250万円～300万円,5日前,Re就活
リノベる株式会社,IT戦略 担当 TechでDX推進／テレワークOK!／年俸600万円以上／年間休日125日,東京都 港区 表参道駅 徒歩4分,年収600万円～980万円,1日前,エン転職
株式会社アエナ,幹部候補／IT責任者／IT戦略・企画立案／システム開発・運用リード／リモート可能,東京都 世田谷区 三軒茶屋駅,"年収800万円～1,200万円",2時間前,レバテックキャリア
株式会社ログラス,コーポレートIT・マネージャー～上場企業を中心に経営管理に特化したSaaSプロダクト提供企業～,東京都 品川区,"年収600万円～1,000万円",29日前,doda
デロイト トーマツ コーポレート ソリューション...,社内IT プロジェクトマネジメントオフィス 開発プロセス担当,東京都 千代田区,"年収670万円～1,210万円",公開していません,doda
株式会社ウエルストーン,サーバーエンジニア／運用保守エンジニア 大手通信キャリアの基幹システム運用!,東京都 港区 赤羽橋駅,年収415万円,公開していません,レバテックキャリア
株式会社ソフタス,ITインフラシステムの保守／開発支援エンジニア リモート勤務／残業15h,東京都 新宿区,年収450万円～,2日前,リクルートエージェント
株式会社フジクラ,IT企画職募集 プライム上場企業／年間休日121日／完全週休二日,東京都 江東区,年収450万円～900万円,13時間前,リクルートエージェント
サイバネットシステム株式会社,ソリューションセールス／リーダー候補 ITクラウドサービス／セキュリティ製品,東京都 千代田区,年収550万円～850万円,公開していません,リクルートエージェント
コクー株式会社,未経験から2ヶ月間の研修でITエンジニアへ 月給27万円,東京都 千代田区,月給27万円～,12日前,リクナビNEXT
インフォテック株式会社,ITプロダクトセールス／残業月13h／IT業界経験者歓迎,東京都 新宿区,年収382万円～478万円,2日前,リクルートエージェント
株式会社エプコットソフトウェア,ITエンジニア,東京都 豊島区 池袋駅 徒歩3分,月給22万円～30万円,1日前,type
株式会社Playing,イチから学べる研修制度あり WEBデザイナー・ITエンジニア,東京都 新宿区,月給21万円～50万円,12日前,リクナビNEXT
株式会社ロジック,ITエンジニア 未経験大歓迎! 土日祝休み・年間休日122日,東京都 千代田区,月給23万円～36万円,22日前,マイナビ転職
株式会社ISS,未経験から3カ月研修で育成／ITエンジニア／年間休日125日,東京都 品川区 五反田駅 徒歩4分,月給18万円～,3日前,doda
株式会社エヌ・オー・エー 前橋office,ITエンジニア,東京都 渋谷区,月給28万円～40万円,17時間前,株式会社エヌ・オー・エー 前橋office
株式会社ココロザシ,ITソリューション営業／マネージャー候補／年休130日／土日祝休み／残業月10時間以下,東京都 港区 表参道駅 徒歩5分,月給25万円～40万円,公開していません,エン転職
アルファテック・ソリューションズ株式会社,製造・流通・サービス向けITインフラSEリーダー,東京都 墨田区,"年収400万円～1,000万円",3日前,リクルートエージェント
株式会社日立製作所,IT事業における財務・経理担当,東京都 品川区,公開していません,11日前,マイナビ税理士
マネックス証券株式会社,IT戦略・運営担当 服装自由／大手銀行との業務提携など事業拡大中／金融らしくないカジュアルな環境,東京都 港区 六本木一丁目駅,年収500万円～800万円,公開していません,doda
東京海上日動システムズ株式会社,ITサービスマネジャー,東京都 中央区 京橋駅,"年収550万円～1,000万円",公開していません,doda
株式会社トライトキャリア,IT人材の派遣営業 未経験歓迎 新規部署・サービス リーダーへの早期キャリアアップ可能,東京都 千代田区,年収350万円～560万円,2日前,doda
ソニーグローバルソリューションズ株式会社,PMO セキュリティをはじめとするITインフラ関連のグローバルプロジェクトの推進,東京都 港区 品川駅,"月給38万6,000円～",公開していません,レバテックキャリア
日本レコードマネジメント株式会社,ITインフラ技術サポート 文書管理コンサルにおけるITインフラ支援担当,東京都 千代田区,年収350万円～,4日前,リクルートエージェント
株式会社インターネットイニシアティブ,社内SE／IT戦略・企画担当 整備計画の立案／思案を具現化する構想の立案,東京都 千代田区 飯田橋駅,公開していません,20日前,レバテックキャリア
ピースミール・テクノロジー株式会社,ITコンサルタント／地方公共団体案件の上流工程コンサルタント,東京都 中央区 勝どき駅,"年収600万円～1,200万円",22日前,doda
株式会社メイテックキャスト,SE・プログラマ（オープン系）／IT・通信関連,東京都 千代田区 水道橋駅 徒歩5分,"時給2,000円～",公開していません,はたらこねっと
株式会社フェローズ,ITソリューション営業,東京都 江東区,月給35万円～,1日前,株式会社フェローズ
フューチャー株式会社,プロジェクトリーダー／構想立案・導入支援・分析／顧客の戦略的IT投資をサポート,東京都 品川区 大崎駅,"年収500万円～1,500万円",20日前,レバテックキャリア
TD SYNNEX株式会社,クライアントPC PM／外資系IT商社におけるプロダクトマネジメントを通じキャリアが築ける,東京都 江東区 東陽町駅,年収350万円～550万円,公開していません,doda
日商エレクトロニクス株式会社,ITインフラサービスをマネージするビジネスデザイナー,東京都 千代田区 麹町駅,年収631万円～840万円,8日前,doda
ニッセイ情報テクノロジー株式会社,ITコンサルタント／業務コンサルタント／PMO支援コンサルタント,東京都 千代田区,"年収570万円～1,200万円",公開していません,マイナビAGENT
R&F株式会社,未経験歓迎! ITエンジニア 残業月10h以下 年間休日124日,東京都 千代田区 新御茶ノ水駅 徒歩1分,月給21万円～,27日前,マイナビ転職
日本調剤株式会社,ITインフラ管理・事務,東京都 千代田区 東京駅 徒歩1分,年収400万円～500万円,公開していません,U29JOB
株式会社ミスミ,ITツールを用いた自動化推進,東京都 千代田区 飯田橋駅,"年収900万円～1,150万円",公開していません,doda
株式会社Pacing,ITエンジニア研修,東京都 瑞穂町                                                                                                                                                                その他 (283),月給23万円～80万円,14日前,かんたん応募
ランサーズ株式会社,IT企業とフリーランサーをつなぐ人材エージェント,東京都 渋谷区 渋谷駅 徒歩3分,月給25万円～46万円,19日前,エン転職
三信電気株式会社,コンサルティング営業 プライム上場／フレックス／IT営業としてスキルアップ,東京都 港区,年収400万円～580万円,3日前,リクルートエージェント
株式会社インダストリー・ワン,DXコンサルタント,東京都 千代田区,"年収420万円～1,500万円",14日前,ワークポート
アポロ株式会社,DXコンサルタント,東京都,年収600万円～900万円,5日前,日経転職版
株式会社Lupinus,年休126日 クライアントの課題に向き合うDXコンサルタント,"東京都 港区 六本木駅 徒歩1分                                                                                                                                                                    




六本木駅の求人
をすべて見る","年収1,080万円～",18日前,リクナビNEXT
株式会社セブン&アイ・ホールディングス,IT／DX組織統括メンバー ～自身で検討した企画立案が可能など、個人の裁量が大きい環境～,"東京都 新宿区 四ツ谷駅                                                                                                                                                                    




四ツ谷駅の求人
をすべて見る


株式会社セブン&アイ・ホールディングスの求人
をすべて見る",年収500万円～,1日前,doda
アルサーガパートナーズ株式会社,実力者のマインドを吸収しさらなる成長を／DX事業推進コンサル,"東京都 渋谷区 渋谷駅                                                                                                                                                                    




渋谷駅の求人
をすべて見る","年収500万円～1,800万円",5日前,リクナビNEXT
株式会社デイトナ・インターナショナル,DX本部 社内SE 募集,"東京都 渋谷区                                                                                                                                                                    




株式会社デイトナ・インターナショナルの求人
をすべて見る",年収500万円～750万円,12日前,株式会社デイトナ・インターナショナル
アデコ株式会社,DXプロジェクトリード,"東京都 千代田区                                                                                                                                                                    




アデコ株式会社の求人
をすべて見る","年収600万円～1,000万円",14日前,ワークポート
EY新日本有限責任監査法人,DX戦略担当,東京都 千代田区 日比谷駅,"年収900万円～1,300万円",2日前,doda
日鉄ソリューションズ株式会社,DX事業企画,東京都 港区,"年収650万円～1,199万円",1日前,en ミドルの転職
リアステージ,DX営業職,東京都 港区 六本木駅,"年収650万円～1,200万円",12日前,リアステージ
株式会社ジンズホールディングス,社内DXプロジェクト管理リーダー候補 革新的なアイケア企業,東京都 千代田区 飯田橋駅 徒歩5分,月給36万963円～,20日前,エン エージェント
株式会社メンバーズ DXコンパスカンパニー,DXの企画～実行まで担うDXプロデューサー／DXコンパス,東京都,"年収400万円～1,200万円",4日前,en ミドルの転職
株式会社マネジメントソリューションズ,DX／ITコンサルタント／DMO／東証プライム／DX内製化支援／定年65歳,東京都 港区,"年収800万円～1,200万円",20日前,エン エージェント
株式会社光通信,時価総額1兆円の企業に成長した高収益企業が、新たなDXサービス事業の事業部長候補,東京都 豊島区,"年収700万円～1,000万円",10日前,A・ヒューマン
NECソリューションイノベータ株式会社,IT活用面での課題改善提案／DX化の企画立案・提案など,東京都 江東区 新木場駅,年収600万円～900万円,29日前,doda
株式会社ビースポーク,行政機関の生産性向上に貢献する DXプロジェクトプランナー,東京都 渋谷区 渋谷駅 徒歩1分,年収600万円～800万円,1日前,マイナビ転職
日本電気株式会社,DX ビジネスセールス&クリエーター,東京都,年収680万円～800万円,公開していません,Spring転職エージェント
大成建設株式会社,BIMを核としたDXの推進／設計本部,東京都 新宿区,"年収600万円～1,100万円",公開していません,日経転職版
株式会社CAQNAL,DX領域セールスプランナー／フルリモート／スーパーフレックス／売上250%増の成長企業,東京都 渋谷区,年収400万円～600万円,15時間前,doda
PwCあらた有限責任監査法人,DXガバナンス推進のプロジェクトマネージャー,東京都 千代田区,"年収500万円～1,500万円",公開していません,パソナキャリア
株式会社博報堂,DX推進プランナー,東京都 港区 赤坂駅,"年収850万円～1,500万円",23日前,U29JOB
株式会社富士通総研,教育DXを実践するコンサルタント #公共向けのコンサル会社／DX案件多数#FRI210012,東京都 大田区 蒲田駅,年収450万円～950万円,2日前,doda
トランス・コスモス株式会社,公共DX推進ディレクター／公共領域未経験でも挑戦可能,東京都 豊島区,年収400万円～800万円,12日前,パソナキャリア
トランス・コスモス株式会社~プライム市場上場企業～,公共DX推進ディレクター～大手BPOサービス企業／プライム上場～,東京都 豊島区 池袋駅,年収400万円～800万円,12日前,doda
みずほリサーチ&テクノロジーズ株式会社,DX支援コンサルティング,東京都,"年収600万円～1,500万円",公開していません,日経転職版
株式会社アスリート,DX,東京都 港区,年収360万円～550万円,7時間前,かんたん応募
株式会社千葉銀行,DX推進,東京都 千代田区 東京駅,"年収700万円～1,100万円",18日前,パソナキャリア
アジアクエスト株式会社,ITコンサルタント DX共創プロジェクトを推進／在宅勤務中心,東京都 千代田区,"年収500万円～1,000万円",3日前,リクルートエージェント
株式会社オープンハウスグループ,プロジェクトマネージャー／PM 新規DX案件の企画立案・計画策定・PoCの実行／ロードマップ策定,東京都 中央区 銀座駅,"年収420万円～1,500万円",公開していません,レバテックキャリア
ディップ株式会社,DX SaaSプロダクト「コボット」クリエイティブディレクター,東京都 渋谷区,"年収500万円～1,000万円",28日前,ディップ株式会社
小野薬品工業株式会社,DXの企画 プライム市場上場のグローバルスペシャリティファーマ,東京都,年収500万円～850万円,6日前,リクルートエージェント
株式会社椿本チエイン,DX化推進業務,東京都 江東区 東陽町駅,年収500万円～850万円,8日前,タイズ
住友金属鉱山株式会社,DX推進担当 鉄金属業界のユニークカンパニー／創業420年,東京都 港区 新橋駅 徒歩5分,"年収600万円～1,000万円",20日前,エン エージェント
株式会社JSOL,DXコンサルタント NTTデータG~リモート可／年収700万～顧客企業のDX戦略立案・実行を支援する,東京都 中央区 勝どき駅,年収700万円～800万円,8日前,doda
株式会社ファーストデジタル,デジタル・IT・WEBの力で企業を支援 DXコンサルタント,東京都,月給30万円～,13日前,リクナビNEXT
りらいあコミュニケーションズ株式会社,DX企画部／部長,東京都 新宿区 新宿駅 徒歩3分,"年収880万円～1,000万円",公開していません,エン エージェント
プライマルホールディングス株式会社,DX総務,東京都 港区 浜松町駅,年収348万円～590万円,公開していません,日経転職版
一般財団法人国際医学情報センター,完全週休2日&残業少なめ DX推進／IT化戦略・システム導入,東京都 新宿区 信濃町駅 徒歩1分,年収330万円～,11日前,リクナビNEXT
住友重機械工業株式会社,全社DX人材育成の企画・統括リーダー,東京都 品川区 大崎駅,"年収500万円～1,000万円",公開していません,doda
株式会社Arent,プロジェクトマネージャー 大手企業とDX開発案件推進／新規事業開発,東京都 中央区 八丁堀駅,"年収500万円～1,000万円",13日前,エンジニアHubキャリア
株式会社STANDARD,"エンタープライズセールス 大手企業向けDX課題解決の提案,IPO準備中",東京都 千代田区,"年収800万円～1,500万円",14日前,リクルートエージェント
株式会社エムティーアイ,DXサービスアジャイルチームメンバー ～自社コンテンツ配信企業～,東京都 渋谷区 初台駅,年収500万円～700万円,公開していません,doda
株式会社CARTA HOLDINGS,メディアDX推進コンサルタント,東京都 中央区,年収600万円～850万円,4日前,マイナビ転職エージェントサーチ
株式会社デジタルシフトウェーブ,DX推進コンサルタント,東京都 渋谷区,年収400万円～700万円,27日前,パソナキャリア
パナソニックコネクト株式会社,パナソニックコネクトの販売管理分野におけるDX推進,東京都,年収550万円～950万円,13日前,Spring転職エージェント
株式会社メンバーズ,DXプロデューサー,東京都 品川区 五反田駅 徒歩10分,年収400万円～650万円,公開していません,株式会社メンバーズ
株式会社デジタルホールディングス,DXコンサルタント管理職候補,東京都 千代田区 市ケ谷駅,"年収1,050万円～1,500万円",2日前,doda
株式会社日立製作所,Lumada Innovation Hub TokyoにおけるDXプロデューサ,東京都 千代田区,"年収1,000万円～1,400万円",8日前,タイズ
株式会社フルスピード,DXプロデューサー・ECサイトのWebディレクター／DX推進を提案,東京都 渋谷区 渋谷駅,年収450万円～850万円,2日前,doda
Pomalo株式会社,「新たなDX支援」のモデル創出 リモートワーク可,東京都 港区,"年収700万円～1,000万円",24日前,リクルートエージェント
株式会社エクサウィザーズ,事業開発・セールス担当／DX人材育成支援プロダクト「exaBase DXアセスメント&ラーニング」,東京都 港区 汐留駅,"年収420万円～1,020万円",公開していません,doda
ハンズホールディングス株式会社,DXプロジェクト推進担当,東京都 千代田区 岩本町駅,年収450万円～650万円,公開していません,doda
パーソルプロセス&テクノロジー株式会社,131  SSOL ITコンサル・システムソリューションを駆使した顧客課題解決型のDX営,東京都 江東区 豊洲駅,年収525万円～795万円,4日前,マイナビAGENT
株式会社サイバーエージェントDX,UI／UXデザイナー 企業の売上拡大を支援する次世代DXデザイナー募集,東京都 渋谷区,"年収408万円～1,000万円",3日前,リクルートエージェント
株式会社船井総合研究所,DXコンサルタント 東証プライム上場,東京都 千代田区 東京駅 徒歩1分,"年収800万円～1,000万円",20日前,エン エージェント
デロイト トーマツ コンサルティング合同会社,DX担当,東京都 千代田区,公開していません,11日前,ELITE Network.
パーソルキャリア株式会社,営業企画またはDX企画,東京都,年収562万円～859万円,公開していません,Spring転職エージェント
株式会社創新ラボ,DXコンサルタント,東京都 千代田区 麹町駅 徒歩2分,年収500万円～800万円,公開していません,U29JOB
株式会社VRAIN Solution,製造業DX推進コンサルタント 大手製造業を中心に導入実績多数!,東京都,"年収800万円～1,400万円",7日前,キャリフレ
株式会社テレビ朝日メディアプレックス,TV業界でDX事業を経験! デジタルコンテンツプロデューサー,東京都 港区 六本木駅 徒歩5分,月給25万円～30万円,21日前,マイナビ転職
パーソルイノベーション株式会社,DX組織変革コンサルタント,東京都 港区,"年収600万円～1,000万円",公開していません,パソナキャリア
株式会社オープンハウス,DXプロデューサー 企画・事業開発・プロジェクトマネージャー,東京都 中央区 銀座駅 徒歩2分,"年収420万円～1,500万円",22日前,Green
AI inside株式会社,DXコンサルタント,東京都 渋谷区 渋谷駅 徒歩5分,年収600万円～850万円,23日前,U29JOB
パナソニック株式会社,DXシステム企画,東京都,年収600万円～900万円,13日前,Spring転職エージェント
エムスリー株式会社,新規事業推進／医療DX次世代リーダー候補 ～社会貢献性の高い事業～,東京都 千代田区 溜池山王駅,"年収500万円～1,000万円",16日前,doda
株式会社100,DXコンサルタント 急成長HubSpotを活用したDX戦略を担い事業課題を解決,東京都 世田谷区,年収500万円～800万円,12日前,リクルートエージェント
株式会社アイデミー,リモート&フルフレックス アカウントセールス AI／DX人材育成のための教育カリキュラムや施策を,東京都 千代田区,年収560万円～950万円,28日前,LIBZ
株式会社スタッフサービス,DX推進プロジェクト,東京都 品川区 五反田駅 徒歩10分,"時給3,300円～",4日前,エンジニアガイド
株式会社ラキール,DXコンサルタント ～SI企業出身大歓迎～,東京都,"年収550万円～1,200万円",26日前,Spring転職エージェント
株式会社マイナビ,クライアントのDX支援におけるプリセールス,東京都 千代田区 竹橋駅 徒歩1分,年収400万円～800万円,4日前,CREATIVE JOB
株式会社Opt Fit,Webエンジニア／自社サービス「GYM DX」,東京都 港区 六本木一丁目駅,年収500万円～800万円,公開していません,Geekly
株式会社BONX,DXコンサルタント,東京都 渋谷区 渋谷駅,"年収700万円～1,500万円",26日前,doda
株式会社テクノミックス,PM候補 DXプラットフォーム「SmartDocs」／完全週休二日制,東京都 港区,年収500万円～600万円,15日前,doda
Airitech株式会社,大規模DX案件のPM,東京都 港区 神谷町駅 徒歩7分,"年収800万円～1,200万円",5日前,type
株式会社SHIFT,DXコンサルタント候補 競合他社のいないブルーオーシャン市場で年間約150%の売上高成長率,東京都,年収400万円～700万円,7日前,キャリフレ
トライベック株式会社,DXで中小企業に成長と活力を起こすSaaSサービス!新規事業初の専任サーバーサイドエンジニアを募集,東京都,年収500万円～849万円,1日前,en ミドルの転職
STAGE株式会社,社長直下／DX戦略開発部 事業責任者 候補,東京都 豊島区 池袋駅 徒歩5分,年収500万円～799万円,12時間前,en ミドルの転職
神鋼商事株式会社,社内SE DX企画／IT戦略・推進 神戸製鋼グループ,東京都 中央区,"年収600万円～1,200万円",10日前,リクルートエージェント
株式会社ハイウェル,フリーランス／LAMP環境経験必須／DX新規受託案件,東京都 新宿区,月給50万円～70万円,20時間前,株式会社ハイウェル
サイオステクノロジー株式会社,事業企画／技術力・ナレッジを活用したDX推進事業,東京都 港区 白金高輪駅,年収500万円～800万円,公開していません,doda
株式会社エヌ・ティ・ティ・データ,コンサルタント 保険分野におけるDX推進コンサルタント,東京都,年収600万円～900万円,公開していません,Spring転職エージェント
株式会社シグマクシス,DXコンサルタント／変革実現人財を募集／東証プライム上場,東京都 港区,"年収600万円～1,500万円",2日前,doda
株式会社野村総合研究所,DXコンサルタント,東京都 千代田区,"年収600万円～1,800万円",11日前,マイナビ転職エージェントサーチ
野原ホールディングス株式会社,DXプロジェクトメンバー／マネージャー候補,東京都 新宿区 新宿御苑前駅,年収608万円～900万円,公開していません,Geekly
株式会社アーリーワークス,営業企画 不動産DXを世界最速ブロックチェーン技術で実装,東京都 台東区,"年収900万円～1,200万円",3日前,リクルートエージェント
ディスカバリーズ株式会社,DXコンサルタント DX課題へのソリューション提案や活用定着を支援,東京都 港区,年収456万円～600万円,3日前,リクルートエージェント
株式会社ADDIX,サービスデザイナー DX事業／事業開発支援／有名企業取引実績あり,東京都 港区,年収420万円～888万円,2日前,リクルートエージェント
株式会社Kaizen Platform,DX／UX Project Manager PM,東京都 港区 白金高輪駅,年収400万円～800万円,13日前,Green
株式会社マツモト,DX化を推進する 社内SE 実務未経験OK,東京都 新宿区 新宿御苑前駅 徒歩2分,月給25万円～40万円,15日前,マイナビ転職
DIC株式会社,DX担当マネージャー候補,東京都 中央区,"年収800万円～1,000万円",4日前,マイナビ転職エージェントサーチ
BIPROGY株式会社,スマホアプリを活用した顧客接点DX推進リーダ・PM,東京都 江東区,"年収600万円～1,100万円",4日前,マイナビ転職エージェントサーチ
株式会社Re-Tech RaaS,不動産DX推進のSaaS「ラクテックシリーズ」／土日祝休,東京都 渋谷区,年収400万円～500万円,公開していません,リクルートエージェント
株式会社Regrit Partners,DX戦略コンサルタント／コンペ勝率9割／100%プライム／急成長コンサルファーム,東京都 千代田区 永田町駅,"年収650万円～2,000万円",17時間前,doda
株式会社アシスト,新規ビジネス推進担当／顧客のDX推進、内製化を支援・新たな伴走型サービス企画,東京都 千代田区 市ケ谷駅,年収550万円～900万円,公開していません,doda
三菱マテリアル株式会社,戦略本社DX／システム戦略部 ICT推進室 企画担当 管理職,東京都 千代田区 二重橋前駅,"年収800万円～1,050万円",28日前,女の転職type
コムチュア株式会社,I03 金融DX推進プロジェクトのリーダ・ベンダーコントロール,東京都 品川区 大崎駅,年収460万円～560万円,公開していません,doda
株式会社エムズ・コンサルティング,DX推進などに挑戦 コーポレートスタッフ 土日祝休み,東京都 港区 六本木一丁目駅 徒歩4分,月給23万円～33万円,公開していません,マイナビ転職
船井総研ロジ株式会社,DXコンサルタント 物流企業向けのDXコンサルティング,東京都 千代田区,"年収450万円～1,500万円",16時間前,en ミドルの転職
auじぶん銀行株式会社,社内DX推進担当,東京都 中央区 日本橋駅,年収450万円～900万円,22日前,doda
FPTコンサルティングジャパン株式会社,DXコンサルタント／ベトナム最大の大手企業,東京都 港区 大門駅,"年収500万円～2,500万円",公開していません,Geekly
富士通株式会社,お客様のDXに伴走して支援するDX Business Consultant,東京都 港区 汐留駅,年収550万円～900万円,2日前,doda
ワークスアイディ株式会社,転勤無 DXコンサルタント職 年間休日125日／成長できる環境,東京都 渋谷区,年収400万円～700万円,3日前,リクルートエージェント
株式会社Malme,"BIM／CIM 3次元設計技術者 ""ドボクをもっとおもしろく""建設DXスタートアップ",東京都 千代田区,年収350万円～550万円,3日前,リクルートエージェント
株式会社スカイディスク,DXソリューションスタジオ PM,東京都 千代田区,年収400万円～800万円,公開していません,doda
ユナイテッド株式会社,DXコンサルタント,東京都 渋谷区,年収420万円～600万円,2日前,リクルートエージェント
株式会社サイバーエージェント,クライアント企業のDXを支援、推進／新部署,東京都 渋谷区,"年収408万円～1,200万円",3日前,リクルートエージェント
グロービング株式会社,クライアントのDX戦略立案、具体化を担うIT戦略コンサルタント／執行役員支援,東京都 港区 外苑前駅,"年収500万円～2,500万円",公開していません,Geekly
ピクシブ株式会社,DX推進コンサルタント,東京都,月給30万円～60万円,公開していません,ピクシブ株式会社
株式会社パソナテック,顧客のDX実現を支援,東京都 千代田区 東京駅,年収400万円～600万円,9時間前,doda
グルーヴ・ギア株式会社,DXコンサルタント／特待生 研修あり,東京都 新宿区 四ツ谷駅 徒歩1分,年収420万円～500万円,7日前,Green
旭化成株式会社,マーケティングDXを推進するITエンジニア・マーケター,東京都 港区 田町駅 徒歩4分,"年収550万円～1,300万円",1日前,タイズ
ロングブラックパートナーズ株式会社,DX／ICTコンサルタント,東京都 港区,公開していません,5日前,アンテロープ
パーソルワークスデザイン株式会社,未経験大歓迎 事務業務のDX化推進プロジェクトスタッフ／年間休日120日以上／研修充実／在宅可,東京都 豊島区 池袋駅,年収310万円～434万円,公開していません,doda
株式会社コトラ,2205Salesforceを通じたDX推進・組織変革コンサルタント,東京都 千代田区 溜池山王駅,"年収600万円～1,000万円",3日前,Green
アンファー株式会社,社内SE／社内医療システムのDX担当／「スカルプD」ヘアケア業界13年連続1位,東京都 千代田区 東京駅 徒歩1分,月給32万円～,公開していません,エン エージェント
凸版印刷株式会社,DX推進プロジェクトマネージャー,東京都 千代田区 飯田橋駅 徒歩12分,年収400万円～850万円,8日前,Green
三菱ケミカルシステム株式会社,DXプロジェクト推進リードエンジニア,東京都 墨田区 押上駅,"年収600万円～1,000万円",公開していません,doda
株式会社TENET,医療機関向けDX支援事業／数十億円の資金調達,東京都 渋谷区,"年収700万円～1,000万円",公開していません,doda
株式会社ビッグツリーテクノロジー&コンサルティング,DXコンサルタント／WEB面接可,東京都 港区,"年収600万円～1,400万円",2日前,リクルートエージェント
株式会社SP,Webディレクター 新規事業に参画!Webデザイン経験を活かしたDX推進,東京都 港区,年収550万円～700万円,2日前,リクルートエージェント
株式会社,大規模DX案件のPM・PL／前給保証／居住地は全国OK,東京都 港区 神谷町駅 徒歩7分,"年収800万円～1,200万円",1日前,doda
playground株式会社,カスタマーサクセス／エンタメDXクラウド／外資総合コンサル経験歓迎,東京都 千代田区 半蔵門駅,年収350万円～600万円,公開していません,Geekly
コニカミノルタ株式会社,IT企画／DX推進担当,東京都 八王子市 北八王子駅                                                                                                                                                                その他 (4),年収600万円～800万円,公開していません,doda
CTCシステムマネジメント株式会社,DX推進エンジニア 積極的なチャレンジ歓迎!／CTCグループ／テレワーク中心,東京都 港区,年収400万円～800万円,16日前,リクルートエージェント
東京エレクトロン株式会社,統合技術推進室:DX・デジタルビジネス企画・推進 世界ト,東京都,"年収790万円～1,070万円",公開していません,日経転職版
株式会社トラント,カスタマーサクセス DX推進をサポート 女性エンジニア多数活躍 残業少なめ,東京都 渋谷区 恵比寿駅 徒歩3分,月給23万円～35万円,11日前,女の転職type
トランスコスモス株式会社,公共DX推進ディレクター,東京都 渋谷区 渋谷駅,年収400万円～800万円,公開していません,Geekly
アルヒ株式会社,DX推進担当,東京都 港区 六本木一丁目駅,年収600万円～800万円,公開していません,doda
株式会社広済堂ホールディングス,DX戦略本部 本部長,東京都 港区 日の出駅,"年収500万円～1,200万円",公開していません,Geekly
ロジ・ソリューション株式会社,部長 物流コンサルタント／DX推進 東証プライム上場グループ／福利厚生充実,東京都 江東区,"年収900万円～1,100万円",16時間前,リクルートエージェント
フューチャー株式会社,DXコンサルタント／経験・スキルを活かし裁量高く顧客のDXを強力に推進する,東京都 品川区 大崎駅,"年収600万円～2,000万円",公開していません,doda
株式会社ジール,DXコンサルタント～BI／DWH専業のソリューションベンダー～,東京都 品川区 目黒駅,"年収800万円～1,000万円",公開していません,doda
ザンシン株式会社,DXビジネスコンサルタント マネージャー候補 先頭に立って事業拡大を引っ張る攻めの部門長候補募集,東京都 千代田区 神田駅 徒歩5分,年収480万円～720万円,公開していません,Green
アクセンチュア株式会社,DXコンサルタント コンサル業界／職種経験不問 リモートワーク&時短制度有,東京都 千代田区 溜池山王駅 徒歩8分,"年収500万円～1,500万円",7日前,女の転職type
株式会社センシンロボティクス,プロジェクトマネージャー 電力業界のDXコンサル,東京都 港区 広尾駅 徒歩4分,"年収700万円～1,500万円",8時間前,かんたん応募
株式会社Speee,メディア編集／マーケティングディレクター／リアル産業DX領域,東京都 港区 六本木一丁目駅,年収300万円～700万円,公開していません,Geekly
EYストラテジー・アンド・コンサルティング株式会社,テクノロジーコンサルタント Corporate DX,東京都 千代田区,"年収1,000万円～1,800万円",12日前,パソナキャリア
株式会社インテージ,クライアントのDX支援,東京都 千代田区 秋葉原駅,年収540万円～850万円,2日前,doda
セントケア・ホールディング株式会社,訪問介護スタッフ／ヘルパー／セントケアDX 高円寺営業所 訪問介護,東京都 杉並区 高円寺駅 徒歩9分,"月給22万8,500円～27万5,000円",4日前,セントケア・ホールディング株式会社
株式会社アサーティブ,希少求人!「DX推進エンジニア・DXコンサルタント」 DX推進担当として多彩な領域で活躍,東京都 千代田区 秋葉原駅 徒歩2分,公開していません,20時間前,株式会社アサーティブ
野村不動産株式会社,DX案件の企画実行、プロマネ,東京都 新宿区,"年収634万円～1,129万円",公開していません,パソナキャリア
株式会社ファーストコンテック,ITと実店舗とお客さまを結び、DXを運用し収益をあげる,東京都 千代田区,年収300万円～800万円,7日前,リクルートエージェント
第一三共株式会社,ASCA事業本部内DX推進担当,東京都 中央区 三越前駅,"年収600万円～1,000万円",公開していません,doda
株式会社豆蔵,DX戦略支援／公共系コンサルタント,東京都 新宿区 新宿駅,"年収750万円～1,000万円",公開していません,doda
株式会社日立システムズ,DXプラットフォームサービスを活用した営業推進,東京都 品川区 大崎駅,年収450万円～750万円,公開していません,doda
株式会社クリーク・アンド・リバー社 デジタル・コ...,未経験歓迎!デジタル技術やデータ活用し、顧客のDX推進を担うビジネスプロデューサー,東京都 千代田区 内幸町駅 徒歩5分,月給27万円～,公開していません,DXcareer
株式会社ユーラスエナジーホールディングス,新規事業およびDX／BPR担当,東京都 港区,"年収700万円～1,100万円",13時間前,建設・設備求人データベース
CO-NECT株式会社,1000兆円規模の巨大市場!受発注領域のDX化を推進,東京都 千代田区,年収400万円～600万円,3日前,リクルートエージェント
SCデジタルメディア株式会社,開発プロジェクトマネジメント 総合商社発／様々な事業のDX化・新規事業開発,東京都 渋谷区,"年収500万円～1,000万円",公開していません,リクルートエージェント
ゼネラ株式会社,プロジェクトマネージャー／PM 生保業界／AIエンジンを用いたDXサービスを推進,東京都 渋谷区 渋谷駅,"年収540万円～1,440万円",21日前,レバテックキャリア
Tangerine株式会社,フィールドセールス 自動ドアセンサーを活用した店舗DX／リモート可,東京都 港区,年収450万円～650万円,12日前,リクルートエージェント
三井金属ユアソフト株式会社,経営企画 Missionは”三井金属グループのDX戦略遂行”,東京都,"月給37万1,000円～",19日前,エン エージェント
コニカミノルタマーケティングサービス株式会社,開発責任者 マーケティング部門の業務DXを推進するクラウドサービス／SaaS,東京都 中央区 茅場町駅 徒歩6分,"年収600万円～1,200万円",15時間前,Green
株式会社チェングロウス,社内DX推進エンジニア／PM・PL候補／オートバックスセブン,東京都 江東区 豊洲駅 徒歩7分,年収350万円～650万円,6日前,株式会社チェングロウス
株式会社KADOKAWA,DX推進 グループEC事業部の戦略企画・推進／フレックスタイム制／リモートワークOK,東京都 千代田区 飯田橋駅 徒歩6分,"月給29万4,000円～",12日前,エン転職
エヌ・ティ・ティ・コミュニケーションズ株式会社,公共案件DX推進プロジェクトマネージャー及び運用マネージャー,東京都,年収550万円～800万円,公開していません,エヌ・ティ・ティ・コミュニケーションズ株式会社
株式会社電通国際情報サービス,自治体DXソリューション開発リーダー／メンバー,東京都 港区 品川駅,"年収500万円～1,000万円",公開していません,doda
テクバン株式会社,DX関連プロジェクト保守運用PM ～平均残業時間20時間／自社クラウドサービス有～,東京都 港区 芝浦ふ頭駅,年収550万円～750万円,6日前,doda
CREW株式会社,DX 組織変革支援コンサルタント,東京都 港区,"年収600万円～1,000万円",9日前,ふれツリ求人なび
住友セメントシステム開発株式会社,DXコンサルタント ～住友大阪セメントとNECの共同出資会社～,東京都 港区,年収350万円～,9日前,リクルートエージェント
ニスコム株式会社,営業 経営者などのハイレイヤー向け営業でDX化を支援!直行直帰／フレックス,東京都 渋谷区,年収327万円～357万円,3日前,リクルートエージェント
株式会社電通デジタル,DX戦略コンサルタント／顧客基点のDX事業提案／在宅OK／幸せな働き方を追求,東京都 港区,"年収600万円～1,500万円",3日前,リクルートエージェント
アノーバコンサルティング株式会社,DX推進支援／建設,東京都 港区,月給100万円～150万円,公開していません,modis
株式会社トライトキャリア,ヘルスケアDXの提案営業・人材コーディネーター／在宅勤務OK,東京都 千代田区 有楽町駅 徒歩1分,月給25万円～40万円,13日前,doda
株式会社物語コーポレーション,DX推進 =配膳ロボなどのDX施策を推進,東京都 港区,"年収600万円～1,000万円",公開していません,リクルートエージェント
株式会社Hacobu,物流課題を変革するDXコンサルタント,東京都 港区,"年収900万円～1,600万円",公開していません,doda
ファストドクター株式会社,DX担当,東京都 港区 三田駅 徒歩3分,"年収600万円～1,000万円",公開していません,U29JOB
株式会社日立コンサルティング,DXコンサルタント,東京都 千代田区,"年収500万円～1,200万円",公開していません,パソナキャリア
株式会社コアコンセプト・テクノロジー,ITコンサルタント～DXに関わるシステム企画・提案フェーズから参画／8割リモート～,東京都 豊島区 池袋駅,"年収500万円～1,000万円",公開していません,doda
NECフィールディング株式会社,DX推進プロジェクトマネージャー／DXを活用した業務プロセス改善などを担う,東京都 港区 赤羽橋駅,年収450万円～670万円,8日前,doda
株式会社クラブネッツ,ガス・エネルギー企業へのDX化コンサルティング営業,東京都 渋谷区 渋谷駅 徒歩5分,年収400万円～600万円,12日前,株式会社クラブネッツ
株式会社セゾン情報システムズ,LKG-03 プロジェクトマネージャー データ連携-DX推進／自社サービス導入支援,東京都 港区,"年収750万円～1,100万円",16時間前,リクルートエージェント
株式会社ABEJA,AIソリューションセールス 顧客のDX推進に向けたAIソリューションの企画・実行,東京都 港区,年収600万円～800万円,2日前,doda
日鉄総研株式会社,DXコンサルタント 業務コンサルティング／日本製鉄グループ,東京都 千代田区,年収700万円～,20日前,リクルートエージェント
株式会社テクロス,Webデザイナー／新規DX事業,東京都 渋谷区 渋谷駅,年収250万円～450万円,公開していません,Geekly
株式会社三菱UFJ銀行,BtoBの顧客DX 中途入社多数／豊富なキャリアパス,東京都 千代田区,"年収600万円～1,100万円",公開していません,doda
ルネサス エレクトロニクス株式会社,次世代グローバルITシステム・DX推進リーダー,東京都 江東区 豊洲駅,"年収600万円～2,000万円",2日前,doda
株式会社レイヤーズ・コンサルティング,DXコンサルタント,東京都 中央区 勝どき駅,"年収600万円～1,200万円",公開していません,Geekly
株式会社キカガク,AI講師 兼 DXコンサルタント,東京都 渋谷区 渋谷駅 徒歩8分,"年収400万円～1,200万円",8日前,type
株式会社PubteX,戦略企画室長／戦略の企画・実行／DXで出版流通をサステナブルにする事業／丸紅グループ,東京都 千代田区 小川町駅,"年収600万円～1,200万円",公開していません,doda
株式会社エヌ・ティ・ティ・データ経営研究所,事業変革・DXコンサルティング 未経験者歓迎,東京都 千代田区,"年収470万円～1,000万円",公開していません,パソナキャリア
株式会社アルゴリズム,事業企画／自社DXサービス／部門立ち上げから事業開発／裁量大,東京都 品川区 五反田駅,年収500万円～800万円,19日前,doda
古河産業株式会社,社内SE ～リモート可／DX化にも携われます／東証一部上場古河電工G～,東京都 港区 新橋駅,年収450万円～700万円,公開していません,doda
株式会社マイナビワークス,コールセンター業務のDX推進,東京都 渋谷区 渋谷駅 徒歩6分,"時給2,000円～2,200円",9日前,マイナビスタッフ 派遣
コダワリ・ビジネス・コンサルティング株式会社,経営・DXコンサルタント,東京都 中央区 東銀座駅 徒歩6分,年収430万円～800万円,23日前,U29JOB
TIS株式会社,業務DX推進のITコンサル,東京都 江東区,公開していません,公開していません,TIS株式会社
株式会社EVERRISE,DXのSaaS営業,東京都 港区,公開していません,公開していません,マイナビAGENT
株式会社モンスターラボ,DXセールス／ビジネスプロデューサー／システム営業経験者歓迎,東京都 渋谷区 恵比寿駅,年収400万円～600万円,公開していません,Geekly
KDDI株式会社,AI・データビジネスコンサルタント／DX導入推進,東京都 港区,年収550万円～,5日前,パソナキャリア
株式会社オプティム,ITプリセールス 自社AI・IoTプロダクト／DX人材としての市場価値を向上させる,東京都 港区,年収400万円～800万円,8日前,リクルートエージェント
東証一部 情報機器、医療機器メーカー コニカミノ...,商業印刷顧客のDXをサポートするサービス、商品の企画、新規ビジネスモデル推進リーダー,東京都 中央区,"年収700万円～1,000万円",公開していません,アルファサーチ
株式会社オースタンス,コンサルティング営業 優秀人材多数／大手取引／シニア×DXで新規事業開発支援,東京都 渋谷区,年収400万円～640万円,11日前,リクルートエージェント
株式会社ブレインパッド,IT戦略コンサルタント～クライアントのDX・デジタル戦略支援／AI・データ領域のパイオニア～～,東京都 港区 六本木一丁目駅,"年収700万円～1,200万円",12日前,doda
株式会社クニエ,会計系DX 領域コンサルタント,東京都,公開していません,4日前,ELITE Network.
株式会社チェンジ,DX人材育成コンサルタント,東京都 港区,年収500万円～700万円,公開していません,パソナキャリア
オムロン エキスパートリンク株式会社 エンジニア...,8月開始!DX化アプリ開発×在宅あり,東京都 立川市 立川駅 徒歩5分,"時給2,300円",16日前,エン派遣
株式会社アヴァンティスタッフ,正社員×年収576万 DX推進の改善&社内ヘルプデスク,東京都 港区 新橋駅 徒歩7分,"時給2,000円",42分前,ジョブチェキ！
株式会社大丸松坂屋百貨店,デジタル事業推進担当 企画～ローンチまで／DX戦略実現に向けた中核人財の募集,東京都 江東区,年収600万円～800万円,2日前,doda
株式会社西友,DXプロジェクトPMO,東京都 北区,"年収800万円～1,300万円",2日前,doda
株式会社東京リーガルマインド,IT研修・DX研修・情報処理系試験対策講座／講師管理・教材開発主任／LEC 中野本社 S,東京都 中野区 中野駅 徒歩7分,月給30万円～50万円,25日前,LEC
株式会社トライアルカンパニー,総合職 =第二新卒歓迎／流通業界のDXを牽引,東京都 港区,年収336万円～600万円,2日前,リクルートエージェント
株式会社三越伊勢丹システム・ソリューションズ,ネットワークエンジニア／AWS技術などを使ったDX推進・基幹システムのマイクロサービス構築,東京都 中央区 勝どき駅,年収500万円～800万円,公開していません,doda
株式会社L is B,DXコンサルティング,東京都 千代田区,年収500万円～700万円,29日前,doda
株式会社スカイウイル,社内DX企画推進責任者 ～創立20年／20期連続黒字／無借金経営～,東京都 品川区 大崎駅,年収550万円～850万円,公開していません,doda
株式会社アクティヴァーチ・コンサルティング,ITコンサルタント／DX支援を急成長ベンチャーファームで実現,東京都 千代田区,"年収550万円～1,799万円",16日前,リクルートエージェント
総合メディカル株式会社,日本の医療を支える!DXエンジニア 予防・健康増進を支える新規事業,東京都,月給43万円～,20日前,エン エージェント
株式会社primeNumber,データビジネスコンサルタント DX時代を支える急成長start-up／IPO準備中,東京都 目黒区,"年収700万円～1,000万円",公開していません,リクルートエージェント
東京都 デジタルサービス局,プロジェクトマネージャー・東京のDX推進・ICT導入のリード役として活躍,東京都 新宿区 新宿駅 徒歩10分,月給53万円,8日前,type
株式会社ユーティル,DXコンサルタント,東京都 新宿区 早稲田駅 徒歩4分,月給29万円～,公開していません,U29JOB
旭化成建材株式会社,建材事業におけるDXを活用した業務改革推進,東京都 千代田区 神保町駅,年収580万円～951万円,公開していません,doda
株式会社クラウディオサステナビリティ,スタートアップでDXを推進! 総合職,東京都 中央区 宝町駅 徒歩3分,月給23万円～25万円,5日前,マイナビ転職
株式会社アウトソーシングテクノロジー,DXエンジニア,東京都 千代田区,公開していません,1日前,en ミドルの転職
株式会社ブイキューブ,イベントDX事業の戦略企画立案 急成長するマーケットでのビジネス推進,東京都 港区,"年収700万円～1,200万円",3日前,リクルートエージェント
テルモ株式会社,DX推進 ITテクニカルリーダー 日本最大級の医療メーカー,東京都 渋谷区 初台駅,"年収850万円～1,100万円",29日前,doda
しるし株式会社,ロジスティクス企画推進 12兆円市場を攻める“ブランドDX化”ベンチャー,東京都 渋谷区,年収350万円～500万円,20日前,リクルートエージェント
株式会社アイソルート,データエンジニア DX・ビックデータ活用のプロフェッショナルとして活躍,東京都 渋谷区,年収350万円～500万円,3日前,リクルートエージェント
株式会社リブ・コンサルティング,DXコンサルタント～デジタル×事業開発／成長企業へのDXコンサルティング,東京都 千代田区 大手町駅,"年収550万円～1,200万円",公開していません,doda
株式会社情報戦略テクノロジー,IT営業／MGR候補 大手企業のDXを支援 成長率150%,東京都 渋谷区 恵比寿駅 徒歩5分,年収600万円～800万円,2日前,doda
株式会社Schoo,新規事業・事業開発／高等教育機関のDX推進 ～拡大期の教育系スタートアップ～,東京都 渋谷区 渋谷駅,年収600万円～900万円,公開していません,doda
日清食品株式会社,DX推進,東京都 新宿区 新宿三丁目駅,年収600万円～730万円,26日前,doda
ナイル株式会社,営業企画／事業推進 マイカーのサブスクリプションサービス／自動車産業DX,東京都 品川区,年収550万円～750万円,16時間前,リクルートエージェント
株式会社サン・プラニング・システムズ,RPA営業 DXソフトウェアの営業をお任せします,東京都 中央区,年収600万円～800万円,13日前,リクルートエージェント
株式会社パソナグループ,SE／Webディレクター DX プロジェクトマネージャー,東京都 千代田区 東京駅 徒歩2分,月給25万円～60万円,11日前,株式会社パソナグループ
横河電機株式会社,DX商品企画・販売推進,東京都 武蔵野市,年収650万円～850万円,公開していません,パソナキャリア
株式会社SORAMICHI,DX戦略コンサルタント,東京都 千代田区 東京駅,"年収700万円～1,200万円",5日前,Green
トヨタ自動車株式会社,アフターセールスでのDX推進,東京都,"年収590万円～1,420万円",公開していません,doda
アンバソールジャパン株式会社,未経験可 IoTシステムエンジニア DX推進担当／幅広い経験で技術力向上,東京都 中央区,年収400万円～500万円,公開していません,リクルートエージェント
株式会社リヴァンプ,DXコンサルタント ～ITコンサル未経験歓迎～,東京都 豊島区,年収500万円～800万円,3日前,リクルートエージェント
株式会社キャンサースキャン,DX CRMディレクター,東京都 品川区,年収400万円～700万円,公開していません,doda
TFHD digital株式会社,東急グループのDX推進におけるプロジェクトマネジメント ～副業可／在宅勤務可／東急不動産G～,東京都 渋谷区,年収500万円～800万円,12日前,doda
株式会社アクリメイト,キャリアコーディネーター～大手企業向けのDX・新規事業案件に特化!毎年増収増益の急成長中企業～,東京都 港区 品川駅,年収300万円～500万円,2日前,doda
東日本電信電話株式会社,ITコンサルタント／業務コンサルタント 社内外のDX案件／業務コンサルティング中心の一連業務,東京都 渋谷区 初台駅,年収740万円,18日前,レバテックキャリア
株式会社荏原製作所,人事DXのデータエンジニア,東京都 大田区 穴守稲荷駅,"年収770万円～1,070万円",2日前,doda
アイディア株式会社,Javaエンジニア／海運業界のDXを推進するSaaS／Springboot経験歓迎,東京都 渋谷区 北参道駅,年収450万円～700万円,公開していません,Geekly
H.U.グループホールディングス株式会社,DX推進／システム改革やAIの活用等,東京都 新宿区,年収500万円～900万円,16日前,doda
日本インサイトテクノロジー株式会社,マネジメントに挑戦したい方へ／在宅勤務可／大手有名企業向けDX支援／自動車・金融生保業界顧客,東京都 中央区 東銀座駅,年収550万円～800万円,19日前,doda
株式会社ループス・コミュニケーションズ,コンサルタント／ソーシャルメディアのビジネス活用・DX支援,東京都 渋谷区,年収400万円～600万円,3日前,リクルートエージェント
SCSK株式会社,求英語力 グローバルDXプロジェクト,東京都,"年収600万円～1,200万円",公開していません,Spring転職エージェント
コンバージド・オープン・システムズ株式会社,ITコンサルタント～DXプロジェクト／得意な領域へのアサイン／社会課題の解決～,東京都 港区 虎ノ門駅,"年収660万円～1,000万円",公開していません,doda
三井不動産株式会社,DX推進／年収750万円～1400万円,東京都 中央区 三越前駅,月給38万円～64万円,公開していません,doda
PwCコンサルティング合同会社,社内DXマネージャー,東京都,"年収500万円～1,800万円",27日前,Spring転職エージェント
ネットワンシステムズ株式会社,DX戦略企画担当,東京都 千代田区,年収400万円～800万円,14日前,ワークポート
株式会社チームスピリット,IT法人営業 自社クラウドサービスTeamSpiritを展開 企業のDX推進に貢献,東京都 中央区 京橋駅,年収400万円～600万円,8日前,doda
GLナビゲーション株式会社,AI・RPA・SaaS導入・DX／データ分析・コンサルタント,東京都 豊島区 大塚駅,"年収600万円～1,200万円",5日前,doda
三愛オブリ株式会社,東京 社内SE 上場／基幹システム導入・DX推進に携われます／残業月10時間程,東京都 千代田区,年収450万円～880万円,3日前,リクルートエージェント
株式会社アスコット,DX企画推進 東証上場のデべロッパー／内製開発の立上げメンバー／残業20h程度,東京都 港区 外苑前駅,年収600万円～750万円,2日前,doda
株式会社ハイマックス,322 DXエンジニア 企画・コンサルティング／開発に携わりながら先端技術を,東京都,年収480万円～700万円,22日前,リクルートエージェント
デロイトトーマツコンサルティング合同会社,dX Garage,東京都,"年収500万円～1,400万円",公開していません,Spring転職エージェント
ミツイワ株式会社,渋谷／DX関連プリセールスエンジニア リモート・在宅勤務可,東京都 渋谷区,年収450万円～600万円,28日前,リクルートエージェント
パナソニックグループ,既存事業のDXおよび新規事業企画・推進,東京都 品川区,公開していません,5日前,マイナビAGENT
株式会社グローバー,食×IT×メンテナンス×領域でSaasの法人営業 DXで飲食業界の課題を解決,東京都 千代田区 岩本町駅,年収450万円～550万円,公開していません,doda
デロイトトーマツ税理士法人,法人税等申告業務DX推進プロジェクト,東京都 千代田区,"年収950万円～1,800万円",公開していません,パソナキャリア
テックタッチ株式会社,世の中のDXを加速化させる国内初のSaaS企業,東京都 千代田区,年収700万円～900万円,4日前,リクルートエージェント
株式会社DYMキャリア,アパレルプラットフォームのDX化 50~80万円／週3~5日,東京都 品川区 五反田駅,月給50万円～80万円,13日前,modis
株式会社SIGEL,自社サービス開発PG／上流工程から参画可能／教育業界のDX化,東京都 八王子市,年収400万円～750万円,3日前,リクルートエージェント
エヌ・ティ・ティ・コムウェア株式会社,DX支援アプリケーションエンジニア,東京都 港区 品川駅 徒歩10分,月給25万円～,公開していません,type
株式会社エスキュービズム,DXコンサルタント,東京都 港区 芝公園駅 徒歩4分,"月給39万9,000円～61万6,700円",26日前,U29JOB
トランスウェア株式会社,東京 アカウントセールス DX推進に必要不可欠なシステム携わる,東京都 港区,年収500万円～700万円,公開していません,リクルートエージェント
株式会社デリバリーコンサルティング,顧客のDXを推進／リモート可／残業11時間程度／マザーズ上場,東京都 港区 白金高輪駅,"年収600万円～1,300万円",公開していません,doda
株式会社イノベーター・ジャパン,DXソリューション営業,東京都 港区 表参道駅,年収444万円～852万円,公開していません,doda
株式会社TERASS,エージェントアドバイザー フルリモート可／不動産業界のDXに興味がある方へ,東京都 港区,年収500万円～800万円,3日前,リクルートエージェント
株式会社ZEPE,DX推進の法人営業,東京都 千代田区 小川町駅 徒歩5分,月給24万円～36万円,9時間前,かんたん応募
コク―株式会社,派遣営業 DX推進事業のセールス／IPO準備中の成長企業／中核メンバー複数名,東京都,年収400万円～600万円,7日前,キャリフレ
株式会社スキルコネクト,DX戦略立案実行推進支援,東京都 千代田区,月給130万円～150万円,公開していません,modis
Supershipホールディングス株式会社,法務 KDDIグループ／日本のDX化を担うデータテクノロジー企業 上場準備中,東京都 港区,"年収500万円～1,000万円",3日前,リクルートエージェント
株式会社ニトリデジタルベース,DXプロジェクトマネジャー,東京都 北区,"年収600万円～1,200万円",3時間前,パソナキャリア
ライトアーム株式会社,7月中旬高単価!国内FC業DXに向けたBPRプロジェクト支援@新宿,東京都 新宿区 新宿駅,公開していません,公開していません,modis
三菱電機株式会社,社内情報システム企画・開発推進担当 DX推進／日本を代表する大手総合電機メーカー,東京都 千代田区 東京駅 徒歩5分,"年収600万円～1,000万円",20日前,エン エージェント
株式会社ポピンズ,情報システムセキュリティ DX部 MGR,東京都 港区 広尾駅 徒歩2分,"年収600万円～1,000万円",25日前,U29JOB
株式会社イーウェル,DX支援のコンサルティング営業 東急不動産グループの安定基盤 ヘルスケア領域,東京都 千代田区 麹町駅 徒歩3分,"月給23万7,900円～",8日前,エン転職
株式会社ストリートスマート,コンテンツ制作の企画・ディレクション 企業・教育機関のDXを支援,東京都,年収350万円～500万円,2日前,リクルートエージェント
株式会社テラスカイ,DXコンサルタント,東京都 中央区 日本橋駅,"年収600万円～1,000万円",1日前,Green
株式会社メイテック,ITエンジニア 「DX戦略支援クラウド」エンジニア募集中,東京都,年収400万円～800万円,3日前,リクルートエージェント
株式会社テレビ東京,基幹システム大改革のプロジェクトマネージャー 本質的なDX／高待遇／経営陣直下／経営視点が身に付く,東京都,年収750万円～999万円,8時間前,en ミドルの転職
株式会社エネルギア・コミュニケーションズ,DXコンサルタント職,東京都,年収300万円～600万円,公開していません,doda
株式会社デジタルフォルン,テクノロジスト／DXエンジニア,東京都 千代田区,公開していません,公開していません,マイナビAGENT
株式会社日立ソリューションズ,製造業のDX改革推進SE,東京都 品川区,年収450万円～800万円,27日前,パソナキャリア
FPTジャパンホールディングス株式会社,DXプロジェクトマネージャー,東京都 港区,"年収500万円～2,500万円",公開していません,株式会社 Billage
株式会社ゼンショーホールディングス,データサイエンティスト =「DX認定事業者」の認定取得,東京都 港区,年収500万円～800万円,公開していません,リクルートエージェント
オルガノ株式会社,デジタル化推進による会社変革の企画推進～社会貢献度の高い企業で攻めのDX～,東京都 江東区,"年収470万円～1,000万円",3日前,リクルートエージェント
キューアンドエー株式会社,DXコンサルタント,東京都 渋谷区,年収450万円～600万円,3日前,doda
株式会社学研プロダクツサポート,GakkenLEAP・エンジニアリングマネージャー ～学研グループのDX化を推進～,東京都 品川区,年収700万円～900万円,公開していません,リクルートエージェント
シューペルブリアン株式会社,介護職／介護現場のDX候補／初心者さん歓迎／しっかり稼げる,東京都 豊島区 池袋駅 徒歩16分,"時給1,400円～1,900円",1日前,シューペルブリアン株式会社
昭和電工株式会社,DX推進担当,東京都 港区,"年収980万円～1,500万円",14日前,ワークポート
株式会社Francfranc,DX推進責任者,東京都 港区 表参道駅 徒歩6分,"年収800万円～1,200万円",公開していません,U29JOB
株式会社ココペリ,金融業界経験歓迎 ソリューション営業 中小企業のDX化推進「Big Advance」,東京都 千代田区,年収400万円～500万円,3日前,リクルートエージェント
リノベる株式会社,DX企画・推進マネージャー,東京都 港区,公開していません,7日前,パソナキャリア
ITbook株式会社,東京DXコンサルタント／自社内 SEからDXコンサルタントへ／民間企業,東京都 港区,年収500万円～,3日前,リクルートエージェント
株式会社Rosso,DX推進自社サービス／APNパートナー／オンプレ経験のみでも挑戦可能,東京都 渋谷区 渋谷駅 徒歩9分,年収450万円～750万円,4日前,en ミドルの転職
ハマゴムエイコム株式会社,SE ～グローバルタイヤメーカー横浜ゴムのSI子会社～DX推進技術者～,東京都 港区,年収400万円～750万円,2日前,リクルートエージェント
株式会社ネクサスエージェント,自社プロダクトのマネージャー DX事業の中核／事業課題の設定や事業計画の策定等をお任せ,東京都 港区 新橋駅,"年収600万円～1,200万円",7日前,doda
北陸電力株式会社,社内SE／システム開発の上流工程からDX推進企画まで,東京都,年収400万円～700万円,公開していません,doda
キヤノンビズアテンダ株式会社,IT・クリエイティブ DX企画推進サポート 時給2800~3300円 在宅ワーク導入,東京都 千代田区 東京駅 徒歩10分,"時給2,800円～3,300円",7日前,キヤノンビズアテンダ株式会社
株式会社SMBCヒューマン・キャリア,DXソリューションエンジニア,東京都 豊島区 池袋駅 徒歩1分,年収500万円～800万円,21日前,マイナビ転職エージェントサーチ
株式会社palan,DX支援事業の事業責任者,東京都 渋谷区 代々木駅 徒歩3分,年収600万円～800万円,15時間前,Green
パナソニックインフォメーションシステムズ株式会社,パナソニックの家電販売の営業DXプロジェクトにおけるシステム企画・構築エンジニア,東京都 港区 汐留駅,年収450万円～700万円,1日前,doda
株式会社法研,DXプロデューサー／賞与6カ月分／年間休日125日,東京都 中央区 銀座一丁目駅 徒歩3分,"月給23万4,000円～",公開していません,doda
株式会社IHI,調達DX プライム市場,東京都 江東区,公開していません,7日前,パソナキャリア
トーセイ株式会社,社内IT企画推進 社内システム施策／総合デベロッパー／DX認定事業者,東京都 港区,年収600万円～900万円,11日前,リクルートエージェント
株式会社キャパ,PL／PM候補 製造／建設・建築業界のDX化を支援 残業6H／月,東京都 千代田区,年収450万円～650万円,公開していません,リクルートエージェント
GMOコマース株式会社,DX企画 マネージャー候補,東京都 渋谷区 渋谷駅 徒歩1分,月給35万円～,22日前,エン転職
東宝株式会社,DX部門,東京都 千代田区 有楽町駅,"年収800万円～1,000万円",4日前,en ミドルの転職
株式会社ワークポート,株式会社フルスピード／DXプロデューサー・Webディレクター／403858570,東京都 品川区 大崎駅 徒歩5分,年収450万円～850万円,6日前,Find Job!
SB C&S株式会社,DXコンサルタント／ソフトバンクグループ,東京都 港区,"年収500万円～1,050万円",公開していません,マイナビAGENT
株式会社PeakVisor,DXコンサルタント／メンバー半数以上がNTTデータ出身,東京都,年収500万円～900万円,20日前,doda
株式会社テプコシステムズ,DX推進エンジニア,東京都 江東区 門前仲町駅 徒歩7分,年収450万円～900万円,17時間前,Green
日本システム技術株式会社,DX導入推進 課題解決に向けたITシステムを提案,東京都 港区 品川駅,年収637万円～664万円,公開していません,doda
株式会社シナジーシステム,DXサービス事業部マネージャー,東京都 文京区 江戸川橋駅 徒歩5分,年収450万円～650万円,公開していません,paiza転職
富士ソフト株式会社,DX推進 ～MSサービス製品導入システムエンジニア～,東京都 台東区,年収400万円～800万円,公開していません,マイナビAGENT
株式会社ベイカレント・コンサルティング,DX Consultant,東京都 港区,"年収700万円～2,000万円",18日前,マイナビ転職エージェントサーチ
インキュデータ株式会社,ビジネスコンサルタント ソフトバンクG／DXの課題開発～戦略策定／自由な裁量,東京都 中央区 銀座駅,"年収800万円～2,000万円",公開していません,doda
エムスリーソリューションズ株式会社,医療×SaaS×DX推進営業／自身の市場価値を高める／時価総額5兆円企業,東京都 港区,"年収500万円～1,000万円",公開していません,doda
株式会社yell,DX化で企業の「日常」を「最新」に!営業・企画,東京都 新宿区 新宿駅 徒歩4分,月給25万円～,11日前,リクナビNEXT
株式会社クロス・マーケティンググループ,クライアントのマーケティングDXを推進するデータマーケター,東京都 渋谷区 初台駅,年収400万円～700万円,公開していません,Geekly
株式会社Macbee Planet,ビジネスコンサルタント／データDX,東京都 渋谷区 渋谷駅,年収600万円～800万円,公開していません,Geekly
株式会社マクロセンド,PythonでのDXエンジニア／機械学習エンジニア募集 Javaからのスキルチェンジ実績多数,東京都 新宿区 新宿三丁目駅 徒歩1分,年収400万円～800万円,1日前,Green
ユニアデックス株式会社,新規DXソフトウェア開発リーダー／原則リモート勤務,東京都 江東区,年収420万円～900万円,19日前,パソナキャリア
株式会社ベネッセコーポレーション,DXコンサルタント／コンサル経験者歓迎,東京都 多摩市,年収500万円～650万円,公開していません,Education Career
Sansan株式会社,ソリューションセールス 新規事業に携わる 働き方を変えるDXサービスを提供 年休124日,東京都 港区 表参道駅 徒歩4分,月給35万円～,8日前,エン転職
ボールドライト株式会社,エンジニア「観光DXプラットフォーム」及び「店舗DXプラットフォーム」,東京都 新宿区 新宿駅,年収450万円～700万円,公開していません,Geekly
株式会社BlueMeme,DXコンサルタント,東京都 千代田区 神保町駅 徒歩2分,"年収700万円～1,200万円",17時間前,Green
株式会社AGRI SMILE,法人営業／JA等向け営業 農業DX／シリーズA・約2.1億円調達の注目企業,東京都 千代田区,年収420万円～800万円,公開していません,リクルートエージェント
株式会社コールドクター,医療DXに挑戦したいPMを大募集,東京都 渋谷区 渋谷駅 徒歩6分,年収600万円～,12時間前,Green
株式会社ビーネックスソリューションズ,DXシステム開発のプロジェクトマネージャー,東京都,"年収500万円～1,000万円",22日前,doda
パクテラ・テクノロジー・ジャパン株式会社,DX Leader,東京都 江東区,年収600万円～900万円,公開していません,パソナキャリア
株式会社キャリアデザインセンター,話題のDXソリューション開発企業／社内ヘルプデスク,東京都 品川区 五反田駅 徒歩5分,"時給1,950円",20日前,エン派遣
京セラコミュニケーションシステム株式会社,DXコンサルタント～大手製造業のDX化を担当／年間休日124日・週4日リモート可,東京都 港区 泉岳寺駅,年収500万円～800万円,4時間前,doda
株式会社ディマージシェア,運用保守業務 DXの構想、設計、開発、運用をワンストップで支援／リモート可,東京都 千代田区 九段下駅,年収564万円～648万円,公開していません,doda
株式会社フロンティア・フィールド,医療業界のDX・働き方改革を推進する急成長中ベンチャー企業で募集,東京都 港区,年収400万円～700万円,8日前,doda
株式会社ミダックホールディングス,DX推進／東証プライム・名証プレミア上場／廃棄物処理事業を展開,東京都 港区,年収350万円～600万円,19日前,doda
株式会社リアステージ,DX支援事業の営業職,東京都 中央区 八丁堀駅,年収300万円～450万円,12日前,株式会社リアステージ
株式会社identity,フリーランス／コンサル／PM／マーケティングツールを使用した店舗DX,東京都 港区 六本木一丁目駅,月給65万円～75万円,5日前,modis
イオンクレジットサービス株式会社,DX推進 年次に関わらず提案できる環境,東京都 千代田区,年収615万円～804万円,3日前,doda
株式会社ADKホールディングス,データエンジニア／社内DX推進プロジェクトマネージャー／広告会社,東京都 港区,年収400万円～900万円,21日前,マスメディアン
株式会社USEN-NEXT HOLDINGS,DXコンサルタント／広がるキャリアの可能性,東京都 品川区 目黒駅,"年収315万円～1,200万円",14日前,doda
株式会社Sun Asterisk,プロジェクトマネージャー SDGs／DX／フルリモート／副業可／福利厚生,東京都 千代田区 神田駅 徒歩4分,公開していません,20日前,エン エージェント
株式会社キューブシステム,DXエンジニア,東京都 品川区 大崎駅,年収385万円～700万円,公開していません,doda
PayPay株式会社,DX企画担当／管理職候補,東京都 港区,年収550万円～900万円,22日前,doda
税理士法人JNEXT,税務会計／年休125日／残業時間20H程度、他に経営・労務・DXまで幅広く支援しています,東京都 豊島区 池袋駅,年収480万円～700万円,6日前,doda
株式会社VENE BASE,企業のDXを推進! ITエンジニア 第二新卒OK リモート案件有,東京都 港区 外苑前駅 徒歩5分,月給21万円～60万円,11日前,マイナビ転職
富士フイルムビジネスイノベーション株式会社,グローバル全体でのDX推進／残業平均22時間,東京都 港区,年収600万円～900万円,公開していません,マイナビAGENT
株式会社TOPWELL,市場価値の高いPLMエンジニア／製造業DXで注目集まるPLM,東京都 港区,年収500万円～650万円,3日前,リクルートエージェント
サークレイス株式会社,Salesforceリードエンジニア ～DX・カスタマーサクセスの実現に貢献する会社～,東京都 千代田区 大手町駅,"年収800万円～1,500万円",公開していません,doda
株式会社パシフィックメディカル,カスタマーサクセス／医療DXを支えるシステム導入・フォロー,東京都 港区,年収300万円～,3日前,リクルートエージェント
三菱UFJ国際投信株式会社,システム企画 上流工程をお任せします DX推進 MUFGの安定基盤,東京都 千代田区 有楽町駅,"年収700万円～1,400万円",公開していません,doda
丸紅ロジステイクス株式会社,DX推進 社内SE 東京、大阪,東京都 千代田区,公開していません,公開していません,日経転職版
株式会社商工組合中央金庫,DXを実現するIT人材／要件定義などの上流工程を担当,東京都 東村山市,"年収700万円～1,100万円",公開していません,doda
DOTZ株式会社,“LINE”を駆使してDX化を実現する 総合職 第二新卒歓迎,東京都 渋谷区 恵比寿駅 徒歩4分,年収384万円,29日前,マイナビ転職
浪速運送株式会社,社内SE／物流・運送関連のAI／DX推進,東京都 江東区 木場駅,年収600万円～800万円,公開していません,Geekly
トライコーン株式会社,社内情報システム担当 社内DX推進,東京都 新宿区 西新宿駅 徒歩3分,年収450万円～810万円,公開していません,Green
株式会社鎌倉新書,DX推進コンサル・WEBディレクター,東京都 中央区,年収550万円～720万円,14日前,ワークポート
株式会社SmartHR,DXパートナー／クラウド型人事労務システム,東京都 港区,年収400万円～900万円,12日前,doda
クロスマート株式会社,プロジェクトマネージャー／外食産業のDX推進／自社受発注サービス／フレックス,東京都 中央区,年収600万円～800万円,2日前,doda
株式会社プライムスタイル,DXエンジニア／要件定義〜運用まで,東京都 新宿区 早稲田駅,年収300万円～600万円,公開していません,Geekly
株式会社GIG,DXコンサルティング Webマーケター,東京都 中央区,年収500万円～800万円,2日前,Green
大成温調株式会社,DX推進担当者／長期就業可／スタンダード市場上場企業,東京都 品川区,年収500万円～650万円,19日前,doda
エヌ・ティ・ティ・データ先端技術株式会社,DXコンサルタント,東京都 中央区,"年収700万円～1,100万円",27日前,パソナキャリア
株式会社シェアリング・ビューティー,DX新規事業を推進する営業職／市場規模の大きい業界のDX化を事業最前線のリーダーとして推進,東京都 渋谷区 神泉駅,年収400万円～600万円,公開していません,doda
NTTコムオンライン・マーケティング・ソリューシ...,AI／IoT／グローバル先端プロダクト／DXのプロジェクトマネージャー,東京都 品川区 大崎駅,"年収700万円～1,000万円",19日前,doda
株式会社アクティブアンドカンパニー,経理 プレイングマネージャー／HR領域のDX化／在宅可／IPO準備中の急成長企業,東京都 千代田区,年収500万円～700万円,10日前,リクルートエージェント
ベース株式会社,PL／PM候補 開発エンジニア DX×流通～在宅・リモート勤務可能,東京都 千代田区,年収600万円～,3日前,リクルートエージェント
株式会社フードテックキャピタル,外食産業でのDX促進／SaaS事業／リーダー候補,東京都 港区,"年収800万円～1,000万円",公開していません,doda
株式会社ジェクトワン,DX推進担当,東京都 渋谷区 渋谷駅,年収400万円～650万円,公開していません,doda
株式会社WACUL,DXコンサルタント ～自社サービス「AIアナリスト・シリーズ」／マザーズ上場～,東京都 千代田区,年収450万円～800万円,公開していません,doda
株式会社アドバンテッジリスクマネジメント,DXプラットフォーム開発 -HRTech新サービス開発／コロナで活況なメンタルヘルス業界最大手,東京都 目黒区 中目黒駅,年収600万円～800万円,公開していません,doda
フォーネスライフ株式会社,新規事業におけるCX・EX向上、DX推進担当者を募集,東京都,年収500万円～799万円,13時間前,en ミドルの転職
株式会社トランスコスモス・デジタル・テクノロジー,DXプロジェクトマネージャー,東京都 江東区,"年収700万円～1,200万円",16日前,リクルートエージェント
三菱UFJモルガン・スタンレー証券株式会社,上流工程中心!DX推進等の大型プロジェクト多数 在宅可,東京都 文京区 護国寺駅,"年収560万円～1,100万円",15日前,doda
Tech Japan株式会社,リモートワークOK グローバル×DX事業を支えるセールディレクター／アライアンス担当者募集,東京都 台東区 御徒町駅,年収500万円～700万円,28日前,Green
株式会社シー・エス・エス,ITソリューション法人営業 ～顧客のDX化に向けて営業～,東京都 品川区 五反田駅,年収400万円～600万円,公開していません,doda
株式会社コマースロボティクス,企業間取引DXサービスの事業部長職,東京都 港区 新橋駅,年収600万円～750万円,6日前,Green
株式会社アイ・ラーニング,企業向け研修営業 ～DX推進研修やクラウド技術研修／フレックスタイム制／リモート勤務～,東京都 中央区,年収380万円～700万円,1日前,doda
GMO ReTech株式会社,不動産DX 統括部長 ～土日休み／GMOグループの安定基盤～,東京都 渋谷区,"年収750万円～1,200万円",2日前,doda
株式会社スタッフサービス・ホールディングス,DX推進／アジャイル開発やスクラム開発を一緒に推進してくれる仲間を募集,東京都 千代田区 秋葉原駅,年収450万円～960万円,2日前,doda
旭化成ホームズ株式会社,DX研究開発職 旭化成グループの住宅事業会社,東京都 千代田区,年収550万円～,3日前,リクルートエージェント
株式会社アンジェロセック,BIM／CIMエンジニア募集／3Dモデリング・DXコンサル,東京都,月給40万円～50万円,公開していません,JICA 国際協力キャリア PARTNER
株式会社ショーケース,DX推進担当,東京都 港区 六本木一丁目駅,年収700万円～900万円,8日前,doda
株式会社三井住友銀行,業務改革・DX推進,東京都 千代田区 大手町駅,"年収600万円～1,300万円",8日前,doda
株式会社flyhawk,コンサル／DX推進支援,東京都 豊島区 池袋駅,月給～70万円,26日前,フライテック
SGフィルダー株式会社,マーケティングDXコンサルタント,東京都 千代田区,年収450万円～800万円,9時間前,かんたん応募
株式会社フェズ,小売DXコンサルタント,東京都 千代田区 神田駅 徒歩4分,"年収720万円～1,100万円",2日前,Green
株式会社SMSデータテック,DX推進に向けた自動化システムなどのIT営業・コンサルタント,東京都 中央区 新富町駅 徒歩5分,月給24万円～45万円,18日前,リクナビNEXT
TIS千代田システムズ株式会社,インフラエンジニア ~国内最大手・千代田化工建設のIT中核／DX推進,東京都,年収400万円～850万円,公開していません,doda
三菱電機インフォメーションネットワーク株式会社,"DX推進に伴う社内情報システム開発エンジニア／在宅可,残業月平均30h,離職率2%",東京都 港区 田町駅,年収500万円～700万円,22日前,doda
