株式会社クリーク・アンド・リバー社,85万! 社員化前提! 大手ECサイトのWebエンジニア,"東京都 港区                                                                                                                                                                    




港区の求人
をすべて見る


株式会社クリーク・アンド・リバー社の求人
をすべて見る",月給50万円～85万円,2日前,CREATIVE JOB
株式会社GIコンサルティングパートナーズ,Webエンジニア 完全週休2日制 福利厚生充実 私服勤務OK,"東京都 千代田区 秋葉原駅 徒歩5分                                                                                                                                                                    




秋葉原駅の求人
をすべて見る",年収350万円～800万円,7日前,エン転職
株式会社レスキューナウ,Webエンジニア,東京都 品川区,"年収500万円～1,000万円",公開していません,paiza転職
株式会社イノセント,未経験”超”積極採用! WEBデザイナー／エンジニア,東京都 中央区 築地駅,月給20万円～50万円,公開していません,リクナビNEXT
株式会社共同通信デジタル,スポーツデータの配信を行う Webエンジニア 実務未経験歓迎,"東京都 港区 汐留駅 徒歩5分                                                                                                                                                                    




株式会社共同通信デジタルの求人
をすべて見る",年収300万円～450万円,2日前,マイナビ転職
株式会社パルコデジタルマーケティング,バックエンドエンジニア／Webエンジニア,"東京都 渋谷区                                                                                                                                                                    




株式会社パルコデジタルマーケティングの求人
をすべて見る",年収360万円～600万円,公開していません,フォーピープル
株式会社NEXSEED,未経験から Webエンジニアとしてのキャリアを描ける,東京都 品川区,月給23万円～35万円,19時間前,マイナビ転職
株式会社リクルートR&Dスタッフィング,フロントエンジニア／WEBシステムブックスバックエンドシステム／HTML、CSS,東京都 世田谷区,月給20万円～44万円,公開していません,リクルートR&Dスタッフィング
株式会社アリス,WEBエンジニア、未経験歓迎,東京都,"月給18万2,500円～50万円",13日前,かんたん応募
株式会社SORIGHT,WEBデザイナー／エンジニア 月給23万円～ 未経験大歓迎,東京都,月給23万円～60万円,3日前,リクナビNEXT
株式会社FAM,ITエンジニア・Webデザイナー／完全初心者OK／研修充実,東京都 新宿区 新宿三丁目駅,月給20万円～,19日前,doda
レールコンサルティング株式会社,IT／Webエンジニア募集,東京都 中央区 日本橋駅 徒歩1分,"時給2,500円～5,000円",公開していません,かんたん応募
株式会社GIB Japan,Webエンジニア,東京都 新宿区 新大久保駅 徒歩5分,年収400万円～700万円,11日前,Green
グロウコミュニティ株式会社,3年目を迎える創業時期の会社 未経験からWebエンジニアへ育成,東京都,月給18万円～30万円,公開していません,かんたん応募
株式会社エーウイング,webエンジニア,東京都 立川市 立川駅 徒歩8分,年収300万円～700万円,9時間前,Green
株式会社ピース,Webエンジニア／コーダー・東京,東京都 豊島区 池袋駅 徒歩3分,年収350万円～500万円,公開していません,キャリコネ転職
株式会社ビデックス,自社サービスWebエンジニア 上流の開発業務を経てスキルアップを目指したい方,東京都 渋谷区 代々木上原駅,年収350万円～550万円,2日前,doda
paiza株式会社,シニアWebエンジニア,東京都 港区 外苑前駅 徒歩3分,年収600万円～840万円,19時間前,CREATIVE JOB
株式会社カルディオインテリジェンス,Webエンジニア,東京都 港区,年収500万円～600万円,公開していません,paiza転職
Evand株式会社,WEBエンジニア・WEB開発 tse,東京都 港区 乃木坂駅 徒歩4分,月給21万円～35万円,3日前,リクナビNEXT
株式会社ネクサスエージェント,Webエンジニア,東京都 港区 新橋駅 徒歩5分,"年収600万円～1,200万円",2日前,CREATIVE JOB
株式会社ADrim,WEBエンジニア,東京都 中央区 日本橋駅 徒歩6分,年収500万円～800万円,公開していません,U29JOB
株式会社キャリッジリターン,Webエンジニア,東京都 中央区 銀座駅 徒歩1分,年収300万円～600万円,公開していません,paiza転職
株式会社visum,Webエンジニア フルリモート,東京都,"年収400万円～1,200万円",14日前,かんたん応募
EGテスティングサービス株式会社,Webエンジニア,東京都 羽村市 小作駅,年収400万円～800万円,1日前,doda
株式会社ラクスパートナーズ,既卒歓迎／Webエンジニア／ゲーム、アプリ、ECサイトの開発等／未経験スタート歓迎!,東京都 新宿区 新宿駅 徒歩4分,年収350万円～400万円,8時間前,Re就活
株式会社トラストハブ,Webエンジニア,東京都 品川区 五反田駅 徒歩2分,年収600万円～800万円,8時間前,Green
ヒューマンデジタルコンサルタンツ株式会社,Webエンジニア,東京都 新宿区,"月給17万4,880円",公開していません,専門学校の就活 Career Map
株式会社日本M&Aセンター,webエンジニア 社会貢献性の高い成長産業／フレックス・年休120日・住宅手当有,東京都 千代田区 大手町駅,"年収600万円～1,100万円",18日前,doda
株式会社スタッフサービス,WEBエンジニア,東京都 品川区 大崎駅 徒歩10分                                                                                                                                                                その他 (2),"時給2,800円～",公開していません,エンジニアガイド
株式会社MediBang,WEBエンジニア,東京都 渋谷区 渋谷駅 徒歩7分,年収350万円～500万円,公開していません,U29JOB
株式会社エス・エー・アイ,Webエンジニア 自社内受託開発チームで活躍 前職給与考慮,東京都 新宿区 高田馬場駅 徒歩5分,月給40万円～,6日前,マイナビ転職
株式会社バウンステクノロジー,Webエンジニア／未経験歓迎!年休120日以上／研修充実,東京都 港区,年収260万円～,2日前,doda
株式会社アサーティブ,「フルリモート可」WEBエンジニア 自社の経営と密接に関わるポジションで開発をリード,東京都 港区,公開していません,6時間前,株式会社アサーティブ
株式会社ベリーベスト,WEBエンジニア,東京都 港区 六本木一丁目駅 徒歩3分,月給35万円～,4日前,type
ジュピターショップチャンネル株式会社,Webエンジニア,東京都 江東区 東陽町駅 徒歩10分,"月給29万円～43万7,000円",18日前,type
株式会社Gnzo,WEBエンジニア 年休120日以上／グループ企業案件が100%,東京都 渋谷区 渋谷駅 徒歩20分,年収390万円～,11日前,エン転職
プレイネクストラボ株式会社,WEBエンジニア／PM候補,東京都 品川区 五反田駅 徒歩1分,年収300万円～600万円,公開していません,キャリコネ転職
トレンダーズ株式会社,WEBエンジニア,東京都 渋谷区 恵比寿駅 徒歩2分,公開していません,21時間前,CREATIVE JOB
株式会社キュービック,Webエンジニア 企業の成長を加速させるシステム開発／スクラム体制,東京都 新宿区 西新宿駅,年収400万円～600万円,8日前,レバテックキャリア
株式会社QuaLier,ゲーム・Webエンジニア,東京都 中央区,月給18万円～,公開していません,doda
リバティーンズ株式会社,WEBエンジニア／広告配信システムなど／リモートワーク可／急成長ベンチャー,東京都 港区,年収300万円～450万円,7時間前,doda
株式会社オプティム,Webアプリケーションエンジニア IoT／AI／DeepLearingで世の中を変える技術力を持つベ...,東京都,年収350万円～900万円,公開していません,Spring転職エージェント
サークレイス株式会社,Webアプリケーションエンジニア,東京都 中央区,年収500万円～800万円,13日前,サークレイス株式会社
株式会社S’UIMIN,WEBエンジニア,東京都 渋谷区 初台駅 徒歩1分,年収600万円～,公開していません,Green
チームラボ株式会社,Webアプリエンジニア チームラボエンジニアリング採用枠 第2新卒積極採用中!,東京都,年収300万円～500万円,10日前,キャリフレ
株式会社コアシンク,WEBエンジニア,東京都 千代田区 末広町駅 徒歩1分,年収300万円～900万円,公開していません,キャリコネ転職
株式会社キャリアデザインセンター,Webエンジニア,東京都 新宿区 東新宿駅 徒歩2分                                                                                                                                                                その他 (4),"時給2,500円～2,800円",6日前,かんたん応募
株式会社ランドネット,WEBシステム開発エンジニア,東京都 豊島区 池袋駅 徒歩5分,年収380万円～800万円,7日前,U29JOB
株式会社SBI証券,大手ネット証券マーケティング部門のUI／UXデザインチームでWebコーダー,東京都 港区 六本木一丁目駅,月給35万円～45万円,1日前,CREATIVE JOB
フルスタック株式会社,Webデザイナー・エンジニア ポテンシャル採用 残業少なめ,東京都 中央区 新富町駅 徒歩1分,月給23万円～60万円,公開していません,リクナビNEXT
株式会社スペースマーケット,Webエンジニア,東京都 渋谷区 明治神宮前駅 徒歩6分,公開していません,1日前,CREATIVE JOB
株式会社Azoop,Webエンジニア／運送業界のITサービス「トラッカーズマネジャー」 急成長ベンチャー,東京都 港区 浜松町駅,年収480万円～900万円,公開していません,doda
テテマーチ株式会社,Webエンジニア,東京都 品川区 不動前駅 徒歩14分,年収450万円～800万円,公開していません,U29JOB
株式会社翔泳社,webエンジニア,東京都 新宿区 四谷三丁目駅 徒歩2分,年収400万円～650万円,公開していません,paiza転職
カシオ計算機株式会社,Webエンジニア 年休126日 賞与昨年実績5.4ヶ月分,東京都 八王子市 北八王子駅 徒歩5分,月給25万円～,18日前,エン転職
フェンリル株式会社,Webエンジニア ユーザー目線での開発に拘る,東京都 品川区,月給31万円～47万円,6日前,エンジニアHubキャリア
株式会社マイナビワークス,Web エンジニア ～若年層向け人材紹介サービス「マイナビジョブ 20’s 」の開発・保守・運用～,東京都 新宿区 新宿駅,年収400万円～500万円,16時間前,doda
株式会社レンサ,Web OR スマホアプリケーションエンジニア,東京都 港区 赤坂見附駅 徒歩5分,"月給23万3,500円",8日前,U29JOB
株式会社フォトシンス,Webエンジニア フルリモート可,東京都 港区,年収400万円～800万円,9時間前,Green
株式会社コントロールテクノロジー,Webエンジニア,東京都 千代田区 溜池山王駅,年収360万円～600万円,公開していません,paiza転職
エイムネクスト株式会社,WEBエンジニア,東京都 港区 浜松町駅 徒歩6分,年収400万円～650万円,公開していません,U29JOB
株式会社アクロプロモーション,Webサービスエンジニア ～PMクラス・上流工程・在宅勤務メイン～,東京都 中央区 新日本橋駅,年収600万円～800万円,公開していません,doda
テレシスネットワーク株式会社,WEBエンジニア,東京都 港区 赤坂駅 徒歩4分,年収330万円～,6日前,paiza転職
株式会社ユーティル,Webアプリケーションエンジニア,東京都 新宿区 高田馬場駅 徒歩12分,年収450万円～700万円,20日前,paiza転職
RoboMarketer株式会社,Webエンジニア,東京都 渋谷区 渋谷駅 徒歩7分,年収450万円～,1日前,Green
株式会社ティアンドデイ,Webアプリケーションエンジニア,東京都,年収600万円～800万円,公開していません,Spring転職エージェント
ユニークビジョン株式会社,Webエンジニア,東京都 新宿区 新宿御苑前駅 徒歩0分,年収240万円～720万円,1日前,Green
株式会社スマートチェックアウト,Webエンジニア 歯科医院向けサービス／業界トップシェア年間休日128日／働き方,東京都 千代田区 大手町駅,"年収400万円～1,000万円",3日前,doda
株式会社フレームワークス,Webアプリケーションエンジニア  大和ハウスグループの物流テック企業／退職金有,東京都,年収550万円～750万円,公開していません,Spring転職エージェント
株式会社AGE technologies,Webエンジニア,東京都 千代田区 市ケ谷駅 徒歩7分,年収500万円～800万円,2日前,Green
株式会社ナカテック,WEBエンジニア,東京都 港区 新橋駅 徒歩4分,年収330万円～700万円,公開していません,U29JOB
アドバンサー株式会社,Webエンジニア,東京都 渋谷区 渋谷駅 徒歩1分,年収500万円～800万円,公開していません,U29JOB
株式会社CAREER JAPAN,Webデザイナー HTMLエンジニア,東京都 品川区 大崎駅 徒歩3分,月給32万円～,公開していません,株式会社CAREER JAPAN
株式会社カタリストシステム,WEBエンジニア,東京都 渋谷区 恵比寿駅 徒歩6分,年収400万円～700万円,公開していません,U29JOB
日本ヘルスケア・マーケティング株式会社,Webサービス系エンジニア・プログラマ26575,東京都 中央区,年収400万円～550万円,11日前,かんたん応募
パーソルテクノロジースタッフ株式会社,WEBアプリエンジニア,東京都 新宿区,年収350万円～650万円,公開していません,paiza転職
ニチカレ株式会社,Webエンジニア,東京都 品川区 大崎駅 徒歩6分,年収500万円～800万円,公開していません,paiza転職
株式会社キャリアインデックス,23新卒 Webエンジニア／自社開発100%,東京都 港区 白金台駅 徒歩5分,年収330万円～,公開していません,Green
株式会社Cuon,webエンジニア,東京都 千代田区 東京駅 徒歩5分,年収400万円～600万円,公開していません,paiza転職
フロンティア株式会社,WEBエンジニア／社内業務システムのスクラッチ開発,東京都 渋谷区,年収480万円～600万円,公開していません,doda
株式会社夢テクノロジー,未経験から活躍 Webエンジニア 文系出身の先輩多数活躍中,東京都,月給22万円～,6日前,マイナビ転職
株式会社サービシンク,Webエンジニア,東京都 新宿区 新宿御苑前駅 徒歩5分,年収300万円～350万円,18日前,paiza転職
株式会社ソニックムーブ,Webフロントエンドエンジニア,東京都 新宿区 神楽坂駅 徒歩4分,年収400万円～600万円,3日前,CREATIVE JOB
株式会社LULL,Webエンジニア ITエンジニアからの転身を応援／大手案件が豊富／リモート案件多数／残業月10h以下,東京都 渋谷区 渋谷駅 徒歩3分,月給25万円～,14日前,エン転職
株式会社メディクルード,自社サイトWEBエンジニア,東京都 港区 六本木駅,年収350万円～700万円,4日前,Green
株式会社大都テクノロジーズ,WEBエンジニア／自社サービス製品のIoT化,東京都 渋谷区 神泉駅,"年収400万円～1,000万円",公開していません,doda
ミュージックセキュリティーズ株式会社,Webエンジニア／自社開発 社会課題解決・投資型クラウドファンディング運営のFinTech企業,東京都 港区 広尾駅 徒歩3分,"月給41万6,700円～",5日前,en ミドルの転職
H.R.I株式会社,完全未経験から目指せる! ITエンジニア・Webデザイナー,東京都 新宿区 大久保駅 徒歩3分,月給22万円～,公開していません,リクナビNEXT
SIA株式会社,Webエンジニア,東京都 港区 麻布十番駅 徒歩10分,年収300万円～720万円,3日前,paiza転職
株式会社Photosynth,Webエンジニア,東京都 港区 田町駅 徒歩4分,"月給35万7,143円～",5時間前,U29JOB
エムスリーデジタルコミュニケーションズ株式会社,Webアプリケーションエンジニア,東京都 中央区 小伝馬町駅 徒歩3分,公開していません,2日前,CREATIVE JOB
株式会社ココロザシ,WEBエンジニア～前給与保証／資格取得全額補助／副業OK～,東京都 港区,年収450万円～800万円,20日前,doda
株式会社エクストリーム,Webエンジニア／BtoCスマホアプリ開発、コーディングやCMS構築,東京都 豊島区 池袋駅,年収345万円～525万円,公開していません,doda
シーサー株式会社,WEBエンジニア,東京都 千代田区 末広町駅,年収500万円～800万円,21日前,doda
株式会社インターネットイニシアティブ,WEBエンジニア,東京都 千代田区 飯田橋駅,年収450万円～900万円,公開していません,doda
手間いらず株式会社,自社SaaSサービス「TEMAIRAZU」のWebエンジニア,東京都 渋谷区 恵比寿駅 徒歩5分,年収450万円～600万円,5日前,en ミドルの転職
株式会社ヴァル研究所,Webエンジニア,東京都 杉並区 高円寺駅 徒歩3分,年収430万円～700万円,公開していません,doda
株式会社Brushup,Webエンジニア,東京都 品川区 五反田駅 徒歩3分,年収400万円～700万円,20時間前,CREATIVE JOB
株式会社アドウェイズ,インフラエンジニア Web選考完結! 月平均残業10H フレックス勤務OK,東京都 新宿区 西新宿駅 徒歩3分,年収300万円～,13時間前,エン転職
THECOO株式会社,iCON Suite Webエンジニア,東京都 渋谷区 明治神宮前駅 徒歩7分,年収450万円～600万円,4日前,THECOO株式会社
株式会社エムティーアイ,WEBエンジニア,東京都 渋谷区 初台駅,年収450万円～600万円,5日前,doda
株式会社Japan technology,画像共有アプリ／Webアプリエンジニア募集,東京都 目黒区 中目黒駅,"月給60万3,000円～63万円",26日前,株式会社Japan technology
株式会社アイミン,ゼロから始めるWebエンジニア 入社後は、最長3ヶ月間の研修に専念 年休125日以上 残業月5h程,東京都 千代田区 岩本町駅 徒歩5分,月給22万円～50万円,公開していません,エン転職
株式会社LIFULL senior,Webエンジニア,東京都 千代田区 半蔵門駅,年収460万円～700万円,29日前,doda
GMOメイクショップ株式会社,Webエンジニア,東京都 渋谷区 渋谷駅,年収420万円～600万円,公開していません,doda
GROOVE X株式会社,webエンジニア,東京都 中央区 浜町駅 徒歩5分,年収500万円～,21日前,type
富士ソフト株式会社,Webフロントエンジニア,東京都 千代田区,年収400万円～800万円,公開していません,マイナビAGENT
株式会社LegalForce,Webリードエンジニア／新製品の立ち上げ ～AI×法務「国内初リーガルテック」SaaS企業～,東京都 江東区 豊洲駅,"年収700万円～1,200万円",10日前,doda
株式会社モリサワ,WEBエンジニア／バックエンドエンジニア,東京都 新宿区,年収500万円～600万円,5日前,doda
株式会社バイタリフィ,WEBエンジニア,東京都 渋谷区 恵比寿駅 徒歩5分,年収250万円～400万円,公開していません,キャリコネ転職
Connehito株式会社,Webエンジニア 300万人の家族を支える「ママリ」グロース,東京都 港区 白金高輪駅,"年収490万円～1,050万円",14日前,doda
株式会社ペンマーク,Webエンジニア,東京都 目黒区,年収540万円～840万円,16日前,doda
株式会社チーム・ファクトリー,Web開発エンジニア,東京都 港区 田町駅 徒歩4分,年収400万円～600万円,公開していません,paiza転職
株式会社じげん,Webエンジニア～ライフメディアプラットフォーム／フルスタックエンジニアが目指せる環境～,東京都 港区 神谷町駅,年収400万円～700万円,5日前,doda
株式会社リンクバル,WEBエンジニアイベントEC事業部,東京都 中央区 築地駅 徒歩7分,年収500万円～700万円,公開していません,SMBCヒューマン・キャリア
株式会社エニグモ,言語不問Webエンジニア:自社サービス「BUYMA」の開発エンジニア,東京都,年収400万円～600万円,公開していません,Spring転職エージェント
ソリューション・ラボ・ジャパン株式会社,グループウェア系エンジニア、Web系エンジニア,東京都,年収350万円～800万円,8時間前,Green
株式会社タングラム,Webエンジニア リモート可、初年度有休15日,東京都 港区 田町駅 徒歩8分,年収540万円～750万円,10時間前,Green
株式会社Smallit,WEBアプリケーションエンジニア／支店の立ち上げメンバーとして事業拡大をリード／月残業平均10時間,東京都 渋谷区,年収400万円～900万円,5日前,doda
株式会社ジョルテ,Webエンジニア,東京都 港区 青山一丁目駅 徒歩7分,年収400万円～650万円,9時間前,Green
株式会社デザインフィル,WEBデザイン・エンジニア マネージャー候補,東京都 渋谷区 恵比寿駅 徒歩2分,年収400万円～550万円,21時間前,CREATIVE JOB
株式会社FreedJob,スタートアップ 未経験OK／WEBデザイナー・ITエンジニア,東京都,月給21万円～50万円,4日前,リクナビNEXT
株式会社よりそう,Webエンジニア,東京都 品川区 五反田駅,年収500万円～700万円,公開していません,doda
株式会社日本M&Aセンターホールディングス,Webエンジニア,東京都 千代田区 大手町駅 徒歩1分,年収600万円～900万円,21時間前,CREATIVE JOB
株式会社ダイヤモンドファンタジー,第二新卒歓迎 Web開発エンジニア 在宅可 定時退勤が可能な常駐先が多数,東京都 中央区 銀座駅,年収350万円～700万円,5日前,doda
株式会社ZUU,サーバサイドエンジニア WEBエンジニア目指す方歓迎／創業以来連続増収Fintech,東京都 世田谷区 池尻大橋駅,年収400万円～600万円,公開していません,doda
PHC株式会社,WEBエンジニア／電子カルテSaaS／ホワイト500認定,東京都 渋谷区,年収500万円～950万円,公開していません,doda
Meetscom株式会社,Webエンジニア／スマートフォンアプリエンジニア,東京都 新宿区 神楽坂駅 徒歩3分,年収400万円～,公開していません,paiza転職
株式会社分析屋,Webエンジニア スクール出身者歓迎／実務未経験可／研修充実／東証一部上場企業グループ,東京都,年収216万円～500万円,10日前,キャリフレ
イシン株式会社,自社WEBメディアのWebエンジニア,東京都 新宿区 東新宿駅 徒歩5分,"月給32万2,200円",12日前,イシン株式会社
株式会社ジェイ・キャスト,WEBエンジニア,東京都 千代田区 麹町駅 徒歩3分,年収400万円～550万円,公開していません,Green
株式会社TwinBee,経験が活かせるWebエンジニア,東京都 豊島区 大塚駅 徒歩3分,月給30万円～60万円,15日前,U29JOB
株式会社SYNC,システムエンジニア／WEBエンジニア／WEBプログラマー,東京都 品川区 五反田駅 徒歩7分,年収450万円～600万円,7日前,Green
株式会社Blue Star,Web開発エンジニア プライム案件にこだわり!残業10時間以下,東京都 品川区 目黒駅,年収450万円～700万円,2日前,doda
株式会社ヴォイエンシー,Webエンジニア,東京都 中央区 小伝馬町駅 徒歩5分,年収350万円～550万円,公開していません,paiza転職
株式会社メンバーズ,Webエンジニア 大手クライアント向け開発で幅広いスキルが身につく／東証プライム上場,東京都 中央区 勝どき駅,年収450万円～800万円,公開していません,doda
株式会社フォトラクション,Webアプリケーションエンジニア／建設業向け生産支援SaaSサービス,東京都 中央区,年収700万円～900万円,11時間前,doda
株式会社ライナフ,Webエンジニア,東京都 文京区 本郷三丁目駅 徒歩8分,年収400万円～600万円,公開していません,U29JOB
セカイエ株式会社,Webエンジニア～完全内製の自社サービスサイト～,東京都 港区 赤羽橋駅,年収350万円～700万円,公開していません,doda
株式会社esprot,Webエンジニア,東京都 渋谷区 渋谷駅 徒歩2分,年収300万円～700万円,9時間前,Green
Altissimo株式会社,WEBエンジニア,東京都 渋谷区,"月給40万円～53万3,000円",9日前,ふれツリ求人なび
株式会社モード・プランニング・ジャパン,web開発エンジニア,東京都 中央区 築地市場駅 徒歩3分,年収400万円～600万円,公開していません,U29JOB
ライフスタイルアクセント株式会社,WEBエンジニア メイドインジャパン専門の工場直販EC「Factelier」／自社開発,東京都 港区 新橋駅,年収400万円～600万円,公開していません,doda
KIYOラーニング株式会社,Webエンジニア,東京都 千代田区 溜池山王駅 徒歩2分,年収500万円～800万円,1日前,CREATIVE JOB
株式会社アクリメイト,Webエンジニア ～自社・クライアント案件に携われます／新規開発サービス有～,東京都 渋谷区 渋谷駅,"年収400万円～1,000万円",公開していません,doda
グルーヴ・ギア株式会社,Webエンジニア,東京都 千代田区 九段下駅,年収300万円～600万円,11日前,doda
株式会社wevnal,Web開発エンジニア,東京都 渋谷区 渋谷駅 徒歩3分,年収350万円～500万円,公開していません,U29JOB
株式会社ジソーズ,未経験からの挑戦大歓迎 Webエンジニア・社内システム開発,東京都 品川区 五反田駅 徒歩8分,月給23万880円～,20日前,リクナビNEXT
株式会社クラス,バックエンドエンジニア／Webエンジニア枠,東京都 目黒区,年収400万円～900万円,公開していません,フォーピープル
株式会社オータム,Webエンジニア,東京都 千代田区 市ケ谷駅 徒歩4分,月給20万円～60万円,公開していません,doda
Nota株式会社,Webエンジニア,東京都 港区 新橋駅,"年収600万円～1,000万円",2日前,doda
アライドアーキテクツ株式会社,Webエンジニア,東京都 渋谷区 恵比寿駅,年収551万円～800万円,公開していません,doda
株式会社オーバードライブ,WEBエンジニア,東京都 千代田区 市ケ谷駅 徒歩4分,年収356万円～426万円,公開していません,paiza転職
フィグニー株式会社,Webフロントエンジニア Vue.js、Nuxt.js ver2,東京都 新宿区 西新宿五丁目駅 徒歩7分,年収400万円～700万円,9時間前,Green
株式会社アルファドライブ,Webアプリケーションエンジニア,東京都 千代田区 東京駅 徒歩1分,年収350万円～800万円,21時間前,CREATIVE JOB
株式会社アローズ・システムズ,WEBエンジニア～楽天・ぐるなび等のtoC案件に参画／平均残業7h・年間休日126日～,東京都,年収300万円～550万円,18日前,doda
株式会社Pacing,PHPから始めるWEBエンジニア,東京都 日野市                                                                                                                                                                その他 (279),月給23万円～80万円,14日前,かんたん応募
株式会社アストレア,Webエンジニア,東京都 新宿区 新宿三丁目駅 徒歩5分,年収420万円～720万円,16日前,Green
株式会社コウェル,WEBエンジニア ラボ型開発／大手企業と直契約の取引多数／フレックス／土日祝休み,東京都 品川区 天王洲アイル駅,年収450万円～900万円,2日前,doda
SORABITO株式会社,Webエンジニア,東京都 中央区 茅場町駅 徒歩3分,年収600万円～700万円,1日前,U29JOB
株式会社ギガ,Web系ソフト開発エンジニア,東京都 世田谷区,年収250万円～500万円,公開していません,キャリコネ転職
株式会社アミテス,Webシステム開発エンジニア,東京都 福生市 牛浜駅 徒歩1分,月給30万円～50万円,11日前,株式会社アミテス
株式会社アビスト,Web開発エンジニア,東京都 豊島区 大塚駅 徒歩5分,年収400万円～700万円,公開していません,paiza転職
株式会社 Ridge-i,Webエンジニア,東京都 千代田区 大手町駅 徒歩1分,"年収600万円～1,000万円",18時間前,CREATIVE JOB
株式会社アクシス,Webエンジニア,東京都 渋谷区 渋谷駅 徒歩5分,年収350万円～600万円,公開していません,paiza転職
株式会社オーパス,プログラマ／AIエンジニア／WEBエンジニア,東京都 新宿区,月給17万円～25万円,公開していません,専門学校の就活 Career Map
株式会社アイビス,スマホ、Webエンジニア 2億DLのお絵かきアプリ「ibisPaint」をリリース／IPO目前,東京都 中央区 八丁堀駅 徒歩2分,月給30万円～50万円,4日前,エン転職
株式会社シェアコネクト,Webサービス系エンジニア・プログラマ,東京都 新宿区 四谷三丁目駅                                                                                                                                                                その他 (13),年収300万円～700万円,公開していません,かんたん応募
株式会社アイスタンダード,東京SES WEBエンジニア×高単価,東京都,年収420万円～840万円,10時間前,Green
株式会社メガリンク,webエンジニア 100%自社開発／サポート体制／大手ECサイト開発,東京都 港区 表参道駅,年収400万円～720万円,6日前,doda
株式会社SUPER STUDIO,Webエンジニア 開発,東京都 品川区 目黒駅 徒歩9分,"年収400万円～1,400万円",2日前,Green
株式会社イーヴン,Webエンジニア,東京都,年収280万円～490万円,公開していません,TalentHub
株式会社ROI,在宅勤務可／Webエンジニア／会員120万人を誇る自社サービスファンくる,東京都 中央区 馬喰町駅,年収700万円～900万円,4日前,doda
株式会社メディアドゥ,シニアWebエンジニア,東京都 千代田区,年収500万円～800万円,4時間前,paiza転職
"Nota, Inc.",Helpfeel Webエンジニア セキュリティ担当,東京都 港区,"年収600万円～1,000万円",4日前,Green
株式会社アピリッツ,Web開発エンジニア,東京都 渋谷区,年収360万円～840万円,10日前,Green
株式会社オープングルーヴ,Webアプリケーションエンジニア,東京都 千代田区 秋葉原駅,年収350万円～700万円,1日前,Green
株式会社BTM,Webエンジニア,東京都 渋谷区 渋谷駅 徒歩3分,年収300万円～600万円,公開していません,U29JOB
東京カメラ部株式会社,Webエンジニア,東京都 渋谷区 明治神宮前駅 徒歩1分,年収600万円～,公開していません,paiza転職
株式会社エヌ・ティ・ティ・データCCS,PL候補 フルスタックWebエンジニア,東京都 品川区 品川シーサイド駅,年収500万円～800万円,18日前,doda
Grow Community株式会社,6ヶ月間の研修で働きながら学べる Webエンジニア 育成前提,東京都,月給20万円～30万円,10日前,マイナビ転職
株式会社ラクーンホールディングス,自社サービスWEBエンジニア,東京都 中央区 水天宮前駅 徒歩3分,年収412万円～600万円,27日前,paiza転職
株式会社DRIVE LINE,WEBエンジニア 未経験から6ヶ月のカリキュラムでプロのエンジニアに,東京都 港区                                                                                                                                                                その他 (22),"月給20万5,500円～",公開していません,株式会社DRIVE LINE
Eastreet株式会社,ゼロから目指すITデビュー Webデザイナー・ITエンジニア,東京都,月給21万円～50万円,19日前,リクナビNEXT
webshop株式会社,経験を活かして活躍できるWEBエンジニア,東京都 東村山市 秋津駅 徒歩2分,月給20万円～,6日前,U29JOB
株式会社アライバルクオリティー,WEBエンジニア,東京都 渋谷区 代官山駅 徒歩3分,年収300万円～744万円,公開していません,U29JOB
株式会社ジークス,WEBシステムエンジニア,東京都 千代田区 神保町駅 徒歩5分,年収400万円～600万円,公開していません,paiza転職
株式会社ウイサーブ,Webアプリ開発エンジニア,東京都 中央区 八丁堀駅 徒歩3分,年収300万円～700万円,公開していません,キャリコネ転職
ジェミー株式会社,Webエンジニア,東京都 世田谷区 桜新町駅 徒歩2分,月給30万円～,6時間前,type
株式会社Ansel Technologies,SE 未経験・独学中の方大歓迎!WEBエンジニア,東京都 渋谷区,月給20万円～60万円,20日前,株式会社Ansel Technologies
株式会社ミツモア,Webエンジニア,東京都 中央区 東銀座駅 徒歩5分,年収500万円～900万円,公開していません,paiza転職
株式会社メディカルフロンティア,Webエンジニア,東京都 港区 御成門駅 徒歩3分,年収500万円～800万円,21日前,paiza転職
株式会社セフティライフ,Webサービス系エンジニア・プログラマ,東京都 渋谷区                                                                                                                                                                その他 (10),年収400万円～700万円,14日前,かんたん応募
NRIネットコム株式会社,Web系システムエンジニア／幅広い業種の顧客を支援,東京都,年収500万円～700万円,16時間前,doda
株式会社ゼネテック,WEBアプリエンジニア,東京都,年収500万円～649万円,公開していません,U29JOB
合同会社DMM.com,Webエンジニア ～全社のデータ戦略の根幹となるトラッキングシステムの開発を推進～,東京都 港区 六本木一丁目駅,年収550万円～800万円,公開していません,doda
jinjer株式会社,Webアプリケーションエンジニア～バックオフィス業務自社サービス「jinjer」～,東京都 新宿区,年収400万円～800万円,公開していません,doda
株式会社ノーマーク,PHPエンジニア／スポーツ×WEBメディア開発,東京都 港区 六本木一丁目駅,年収360万円～600万円,公開していません,doda
株式会社RoseauPensant,フロントエンジニア／Webエンジニア,東京都,年収400万円～600万円,公開していません,フォーピープル
株式会社テクノコア,Webエンジニア、DBスペシャリストを目指したい方におすすめ／教育制度も充実,東京都 中央区,年収400万円～650万円,公開していません,doda
アイ・ティ・リアライズ株式会社,Webエンジニア 就業環境良好・平均残業20h,東京都 品川区 五反田駅,年収400万円～700万円,公開していません,doda
株式会社リクルート,WEBエンジニア,東京都 品川区 目黒駅 徒歩3分,"年収659万円～1,095万円",公開していません,U29JOB
ワイズアンドパートナーズ・ジャパン株式会社,Webエンジニア,東京都 千代田区 内幸町駅 徒歩6分,公開していません,公開していません,Green
株式会社エンテックス,Web系アプリケーションエンジニア,東京都 新宿区 四ツ谷駅 徒歩5分,"月給26万6,000円～60万1,250円",3日前,type
ペットゴー株式会社,WEBフロントエンジニア／WEBデザイナー,東京都 中野区 中野坂上駅 徒歩1分,年収370万円～725万円,公開していません,Green
アクセルユニバース株式会社,Webアプリケーションエンジニア／最新アーキテクチャを積極採用／フルリモート可,東京都,"年収500万円～1,049万円",4時間前,en ミドルの転職
株式会社Showcase Gig,Webフロントエンドエンジニア,東京都 港区 青山一丁目駅 徒歩1分,"年収500万円～1,000万円",3日前,CREATIVE JOB
株式会社UPMILLS,Web開発エンジニア／Go言語／AndroidアプリのWebベースバックエンド開発,東京都 港区 新橋駅,月給～70万円,12日前,modis
株式会社SmartHR,ウェブアプリケーションエンジニア,東京都,"年収500万円～1,000万円",公開していません,Spring転職エージェント
表示灯株式会社,広告制作会社でWEBエンジニアの求人 年収400万～,東京都 港区 表参道駅 徒歩5分,年収400万円～,2日前,マイナビ転職エージェントサーチ
サインポストオフィス株式会社,WEBエンジニア,東京都,"月給22万5,000円～",5時間前,U29JOB
株式会社tenkai,Webエンジニア,東京都 台東区 浅草橋駅,年収385万円～630万円,公開していません,doda
株式会社ワンダーラスト,Webエンジニア／CTO候補,東京都 品川区 五反田駅 徒歩10分,年収500万円～850万円,公開していません,キャリコネ転職
MiddleField株式会社,WEBフロントエンド開発エンジニア,東京都 世田谷区,公開していません,公開していません,TalentHub
株式会社プレート,Webエンジニア WordPressのプロ集団 言語や技術の縛りが少ない自由な開発環境 リモート可,東京都 中央区,年収360万円～600万円,2日前,doda
株式会社DYM,20代初転職のみ／未経験歓迎WEBエンジニア,東京都 品川区 大崎駅,年収420万円～500万円,23日前,Geekly
株式会社E-Grant,自社WEBサービスエンジニア,東京都 品川区 五反田駅,年収400万円～700万円,公開していません,doda
株式会社ルーシッドテック,Webサービス系エンジニア・プログラマ,東京都 渋谷区                                                                                                                                                                その他 (10),年収400万円～700万円,7日前,かんたん応募
株式会社イング,WEBエンジニア~Shopifyを利用し大手クライアントをEC化～,東京都,年収350万円～600万円,公開していません,doda
株式会社RJC,Webエンジニア,東京都 千代田区,年収350万円～500万円,公開していません,doda
SOMPOシステムズ株式会社,Webエンジニア～Salesforce専任の組織／在宅勤務可～,東京都 立川市 立川駅,年収441万円～746万円,12時間前,doda
株式会社shiftkey,WEBエンジニア,東京都 新宿区 曙橋駅 徒歩1分,年収300万円～500万円,1日前,Green
株式会社ドリームホップ,WEBエンジニア,東京都 千代田区 飯田橋駅 徒歩5分,"月給28万5,000円～",公開していません,U29JOB
株式会社AVILEN,インフラエンジニア／Webエンジニア／AWSエンジニア AI特化スタートアップ,東京都 中央区 東銀座駅,"年収500万円～1,100万円",8日前,レバテックキャリア
iYell株式会社,Webエンジニア,東京都 渋谷区 渋谷駅 徒歩5分,年収400万円～,公開していません,paiza転職
KURO HOLDINGS株式会社,宮崎／webエンジニア、アプリエンジニア,東京都 港区 六本木駅 徒歩5分,年収350万円～600万円,1日前,Green
株式会社ADWIN,WEBエンジニア 大手企業と直接関わる案件多数／転動なし／年間休日120日以上／土日祝休み,東京都,年収300万円～550万円,10日前,キャリフレ
KY開発,SE Webエンジニア,東京都 豊島区                                                                                                                                                                その他 (4),"時給1,500円～4,000円",3日前,KY開発
株式会社フツパー,web／ネットワークエンジニア 東京,東京都 墨田区 押上駅 徒歩12分,年収500万円～850万円,4日前,Green
フォルシア株式会社,WEBエンジニア,東京都 新宿区 新宿駅,"年収500万円～1,000万円",7日前,paiza転職
株式会社オンマックス,Webアプリケーションエンジニア,東京都 板橋区 板橋駅 徒歩5分,年収350万円～650万円,公開していません,Green
AXLBIT株式会社,Webエンジニア 22卒の方も歓迎／自社SaaSシステム開発／Python環境／リモート可,東京都 港区 白金高輪駅,年収330万円～500万円,18日前,レバテックキャリア
ユアマイスター株式会社,Webエンジニア シニア,東京都 世田谷区 三軒茶屋駅,"年収600万円～1,440万円",1日前,Green
スパイダープラス株式会社,Webエンジニア,東京都 港区,"年収450万円～1,200万円",11日前,doda
バークリー・ジャパン株式会社,Webエンジニア,東京都 新宿区 新宿三丁目駅 徒歩8分,年収500万円～700万円,公開していません,paiza転職
DXHR株式会社,Webエンジニア／全国・フルリモート,東京都 中央区 小伝馬町駅 徒歩3分,年収500万円～750万円,9日前,Green
freee株式会社,Webアプリケーションエンジニア,東京都 品川区,"年収400万円～1,000万円",公開していません,TalentHub
株式会社アソウ・アルファ,Webエンジニア・PG 未経験、第二新卒歓迎! 年休123日,東京都,月給20万円～46万円,11日前,リクナビNEXT
株式会社サイバーリンクス,WEBエンジニア,東京都 港区,年収400万円～600万円,公開していません,ワークポート
日産自動車株式会社,Webエンジニア,東京都 目黒区 中目黒駅 徒歩1分,年収400万円～800万円,公開していません,U29JOB
株式会社メンバーズエッジ,Webエンジニア,東京都 中央区,年収350万円～750万円,公開していません,ワークポート
株式会社Gizumo,Webエンジニア,東京都 渋谷区 渋谷駅,年収253万円～720万円,11日前,Green
株式会社こだわり,Web開発エンジニア～直請け比率80%／昨年比150%成長／スキルアップを叶えたい方へ／リモート可～,東京都 品川区 目黒駅,年収360万円～780万円,公開していません,doda
株式会社メガ,Webエンジニア,東京都 渋谷区,年収400万円～700万円,公開していません,paiza転職
エクスコムグローバル株式会社,Web開発エンジニア,東京都 渋谷区 渋谷駅,年収350万円～600万円,3日前,Green
アイムファクトリー株式会社,自社WEBサービス・開発エンジニア リーダー候補 募集,東京都 千代田区 麹町駅,"年収700万円～1,000万円",1日前,Green
株式会社アスペア,AI、ビッグデータなどに興味のあるWebシステムエンジニア,東京都 港区,年収400万円～700万円,公開していません,TalentHub
株式会社エボリューションネット,Web・オープン系エンジニア,東京都 新宿区 高田馬場駅 徒歩2分,年収350万円～550万円,8日前,マイベストジョブ
リバミー株式会社,WEBエンジニア・サーバサイドエンジニア、フロントエンドエンジニア,東京都 渋谷区 渋谷駅 徒歩5分,年収400万円～,1日前,Green
"Weeybrid, LLC",Webエンジニア,東京都 千代田区 秋葉原駅 徒歩3分,月給54万円～120万円,公開していません,かんたん応募
株式会社キッズライン,WEBエンジニア 登録者数12万人以上／日本にベビーシッターの文化を創る,東京都 港区 六本木駅,年収500万円～600万円,公開していません,doda
朝日インタラクティブ株式会社,Webエンジニア／朝日新聞社グループ,東京都 千代田区 神保町駅,年収400万円～600万円,公開していません,Geekly
SBIホールディングス株式会社,WEBエンジニア,東京都 港区,年収400万円～480万円,公開していません,doda
株式会社エーム,Webオープン系エンジニア,東京都 豊島区 池袋駅 徒歩5分,年収400万円～,公開していません,paiza転職
株式会社ルーター,WEBエンジニア,東京都 渋谷区 参宮橋駅 徒歩6分,"月給27万5,000円～",公開していません,U29JOB
株式会社USEN Media,Webエンジニアマネージャー,東京都,年収500万円～800万円,公開していません,Spring転職エージェント
株式会社コーテッグ,Webエンジニア,東京都 文京区 湯島駅 徒歩3分,年収360万円～600万円,公開していません,paiza転職
株式会社TakeFunSystem,Web開発エンジニア,東京都 新宿区 新宿西口駅 徒歩1分,年収600万円～,公開していません,paiza転職
株式会社サンマリエ,Webエンジニア,東京都 渋谷区 初台駅 徒歩1分,年収450万円～700万円,公開していません,paiza転職
株式会社サイバーエージェント,Webフロントエンドエンジニア,東京都 渋谷区 渋谷駅,"年収450万円～1,000万円",18日前,doda
negocia株式会社,Webアプリケーションエンジニア,東京都 渋谷区 恵比寿駅 徒歩5分,"年収500万円～1,000万円",1日前,Green
株式会社カイユウ,Webエンジニア,東京都 渋谷区 渋谷駅 徒歩1分,年収400万円～600万円,公開していません,paiza転職
株式会社テクノロジーズ,WEBアプリケーションエンジニア,東京都 中央区 東日本橋駅,年収550万円～900万円,公開していません,doda
GreenSnap株式会社,Webエンジニア・アプリエンジニア,東京都 中央区 水天宮前駅 徒歩5分,年収400万円～800万円,1日前,Green
ニフティ株式会社,Webアプリケーションエンジニア／顧客基盤システム,東京都 新宿区 西新宿駅,年収470万円～900万円,公開していません,doda
ハンズラボ株式会社,Webアプリケーションエンジニア ～東急ハンズグループ～,東京都 新宿区,年収400万円～600万円,公開していません,doda
株式会社アッカ・インターナショナル,バックエンドエンジニア／Webエンジニア枠,東京都 港区,年収450万円～,公開していません,フォーピープル
株式会社信興テクノミスト,Webセキュリティ診断エンジニア,東京都 品川区 武蔵小山駅 徒歩11分,年収380万円～550万円,公開していません,U29JOB
株式会社TechFirst Leaders,Web開発エンジニア,東京都 千代田区,年収400万円～650万円,公開していません,paiza転職
株式会社マイクロウェーブ,Webバックエンドエンジニア,東京都 渋谷区 渋谷駅,年収450万円～700万円,17時間前,doda
BAMV合同会社,Webシステムエンジニア,東京都 千代田区 末広町駅,年収300万円～600万円,7日前,paiza転職
株式会社ワークポート,株式会社カカクコム／WEBエンジニア／403251825,東京都 品川区 大崎駅 徒歩5分,年収473万円～600万円,9日前,Find Job!
Tres Innovation株式会社,組み込み Webエンジニア 副業／リモート・在宅OK,東京都 世田谷区 池尻大橋駅 徒歩8分,年収400万円～700万円,8時間前,Green
BASE株式会社,Webアプリケーションエンジニア／ショッピングサービス「Pay ID」,東京都 港区 六本木一丁目駅,"年収500万円～1,000万円",6日前,doda
千株式会社,Webエンジニア／フルスタック,東京都 千代田区 大手町駅,年収550万円～700万円,9時間前,Green
株式会社アットウェア,WEBエンジニア~大手クライアントに技術支援／先端Tech企業,東京都,年収400万円～800万円,15時間前,doda
株式会社Link Sports,Web・モバイルエンジニア／スポーツ×ITの自社サービス,東京都 千代田区 神保町駅,年収500万円～800万円,19日前,Geekly
株式会社サイバーセキュリティクラウド,Webエンジニア,東京都 品川区 目黒駅,年収500万円～800万円,公開していません,paiza転職
株式会社オズビジョン,Webエンジニア,東京都 千代田区,年収510万円～600万円,公開していません,paiza転職
株式会社C&P,WEBエンジニア,東京都 中野区 中野駅 徒歩3分,年収350万円～720万円,4日前,Green
SCSK Minoriソリューションズ株式会社,Web系エンジニア,東京都 江東区 豊洲駅,年収400万円～650万円,21日前,doda
SREホールディングス株式会社,Webエンジニア 自社AIシステムの導入～保守／サービス企画から運用まで／ドキュメント作成業務,東京都 港区 外苑前駅,"年収600万円～1,100万円",公開していません,レバテックキャリア
株式会社ドワンゴ,Webエンジニア,東京都 中央区 東銀座駅,年収550万円～696万円,2日前,doda
株式会社法学館,Webエンジニア,東京都 渋谷区 渋谷駅 徒歩5分,年収400万円～500万円,4日前,type
オイシックス・ラ・大地株式会社,Webエンジニア,東京都 品川区 大崎駅,"年収700万円～1,200万円",5日前,doda
株式会社CARTA HOLDINGS,Webアプリケーションエンジニア,東京都 渋谷区 渋谷駅,年収500万円～800万円,3日前,doda
株式会社LIFULL,Webアプリケーションエンジニア,東京都 千代田区 半蔵門駅 徒歩2分,年収440万円～660万円,23日前,paiza転職
株式会社ビスカス,バックエンドWebエンジニア,東京都 渋谷区,"年収500万円～1,000万円",公開していません,paiza転職
シアトルコンサルティング株式会社,WEBシステムエンジニア／東京,東京都 港区 表参道駅 徒歩7分,年収350万円～700万円,公開していません,キャリコネ転職
株式会社NTTデータ・スマートソーシング,WEBシステムエンジニア 都内勤務・意欲重視・プロジェクトリーダー候補,東京都 江東区 豊洲駅 徒歩1分,年収400万円～750万円,21日前,Green
株式会社ORENDA,WEBエンジニア メタバース・Web3.0・A開発／事業拡大中／年休120日,東京都 港区 青山一丁目駅,年収420万円～720万円,14日前,doda
株式会社おいしい健康,Webエンジニア,東京都 中央区 人形町駅 徒歩5分,"月給29万2,000円～66万7,000円",公開していません,U29JOB
株式会社ティビィシィ・スキヤツト,Webエンジニア,東京都 中央区 三越前駅,年収400万円～800万円,2日前,doda
ネクスジェン株式会社,テックリード候補webアプリエンジニア～画像AIを用いた医療革命／日本有数の人材が集結,東京都 品川区 目黒駅,"年収780万円～1,200万円",公開していません,doda
株式会社コーボー,Webエンジニア リモート活用率100%,東京都 渋谷区 恵比寿駅 徒歩5分,年収400万円～720万円,8時間前,Green
丸栄情報システム株式会社,Webエンジニア、ネットワークエンジニア、開発エンジニア、プログラマー,東京都 港区 六本木駅 徒歩0分,年収300万円～720万円,公開していません,Green
楽天グループ株式会社,Webアプリケーションエンジニアミドルクラス,東京都 世田谷区,"年収400万円～1,000万円",28日前,マイナビAGENT
Sasuke Financial Lab株式会社,自社プロダクトのフロントエンジニア／WEB保険で業界変革・完全週休2日制,東京都 千代田区 大手町駅,年収500万円～700万円,14日前,doda
株式会社GSI,Webアプリケーション開発エンジニア,東京都 新宿区 新宿駅 徒歩10分,年収400万円～700万円,公開していません,paiza転職
株式会社イースト・コースト・ワン,WEB開発エンジニア リモート割合85%・自社開発や組織作りにも関われる,東京都,年収350万円～450万円,公開していません,doda
株式会社クインテット,Webアプリケーションエンジニア,東京都 千代田区 市ケ谷駅 徒歩7分,年収400万円～800万円,公開していません,paiza転職
株式会社アイオーティー,SE 未経験・独学歓迎!プログラミングができるWEBデザイナーを目指しませんか,東京都 渋谷区,年収240万円～720万円,公開していません,株式会社アイオーティー
株式会社i‐NOS,オープンWeb系開発エンジニア募集,東京都 中央区 三越前駅,年収400万円～600万円,5日前,doda
株式会社ユニエンス・グループ・ホールディングス,WEBデザイナ・エンジニア／未経験歓迎／リモート可／自社開発,東京都 文京区 湯島駅 徒歩2分,月給21万円～30万円,5日前,doda
株式会社EventHub,Webエンジニア,東京都 千代田区 神田駅,年収550万円～900万円,公開していません,doda
株式会社Eco‐Pork,WEBエンジニア,東京都 墨田区,年収500万円～700万円,公開していません,doda
株式会社エムフロ,Webエンジニア 自社サービスの機能開発・改修,東京都 渋谷区 代官山駅 徒歩6分,年収600万円～780万円,10時間前,Green
ITサポートカンパニー株式会社,Webエンジニア LAMP環境,東京都 立川市 立川駅 徒歩5分,年収400万円～800万円,1日前,Green
株式会社ミンカブ・ジ・インフォノイド,Webアプリケーションエンジニア 自社サービス「MINKABU」／リモート可,東京都 千代田区 神保町駅,"年収450万円～1,000万円",公開していません,doda
株式会社アイドマ・ホールディングス,webエンジニア、サーバサイドエンジニア,東京都 豊島区 池袋駅,年収350万円～600万円,公開していません,paiza転職
アクトインディ株式会社,ボトムアップのリーダー マネージャー候補募集 日本最大級の親子お出かけ情報メディア「いこーよ」のwe...,東京都 品川区 大崎広小路駅 徒歩6分,"年収600万円～1,000万円",9時間前,Green
Grow Group株式会社,Webエンジニア,東京都 品川区,年収450万円～600万円,3日前,Green
株式会社アルファポリス,自社サイトのWebエンジニア／月間2億PVの小説漫画投稿サイト／東証グロース市場上場～,東京都 渋谷区 恵比寿駅,年収420万円～630万円,14日前,doda
株式会社ファンチップ,Webシステム開発エンジニア,東京都,年収500万円～960万円,2日前,Green
株式会社センシンロボティクス,Webアプリケーションエンジニア ドローン・ロボット,東京都 渋谷区,年収500万円～900万円,21日前,かんたん応募
VoicePing株式会社,Webアプリ開発エンジニア リモート勤務,東京都 港区 竹芝駅 徒歩2分,年収500万円～650万円,8時間前,Green
業界売上シェアトップクラスの技術系企業,WEBアプリエンジニア,東京都,年収450万円～800万円,4日前,type 転職エージェント
株式会社ルミナスネットワークス,WEBエンジニア,東京都,年収480万円～800万円,9時間前,Green
株式会社CaSy,webエンジニア,東京都 品川区 目黒駅,年収600万円～750万円,公開していません,paiza転職
トレノケート株式会社,Webアプリケーションエンジニア,東京都 新宿区 西新宿駅,年収420万円～650万円,公開していません,doda
株式会社ネクストスケープ,Web開発エンジニア,東京都 新宿区 都庁前駅,年収375万円～704万円,3日前,doda
株式会社CyberKnot,Webエンジニア,東京都 港区 白金高輪駅 徒歩10分,年収400万円～500万円,公開していません,paiza転職
株式会社ファンタジスタ,WEBエンジニア,東京都 豊島区 向原駅 徒歩3分,月給28万円～,18日前,type
株式会社カカクコム,Webエンジニア／食領域の課題を解決する新規事業,東京都 渋谷区 渋谷駅,年収500万円～750万円,3日前,doda
ビットキャッシュ株式会社,Webアプリケーションエンジニア 電子マネー事業のリーディングカンパニー／働きやすさ,東京都 港区 虎ノ門駅,年収600万円～800万円,公開していません,doda
株式会社ジグザグ,シニアWebエンジニア,東京都 渋谷区 渋谷駅,年収500万円～800万円,公開していません,Geekly
株式会社オールアバウト,Webアプリケーションエンジニア／拡大期の新規事業に企画から携わりたいエンジニア募集,東京都 渋谷区 恵比寿駅,年収500万円～800万円,公開していません,doda
レッドフォース・グループ株式会社,Webオープン系エンジニア,東京都 港区,年収350万円～750万円,7時間前,レッドフォース・グループ株式会社
株式会社AGEST,Webエンジニア,東京都 渋谷区 初台駅 徒歩1分,年収500万円～800万円,公開していません,paiza転職
レバレジーズ株式会社,Webエンジニア,東京都 渋谷区 渋谷駅,年収450万円～700万円,18日前,paiza転職
株式会社PTS,WEB系エンジニア,東京都 江東区,年収360万円～500万円,4日前,かんたん応募
株式会社レバレッジ,Webアプリエンジニア パーソナル業界特化のメディア事業やマッスルブランドを展開,東京都 渋谷区,年収400万円～700万円,公開していません,doda
株式会社ハンモック,Webエンジニア,東京都 新宿区,年収500万円～700万円,2日前,doda
株式会社テンダ,サーバーサイドエンジニア／Webエンジニア 自社内勤務／プライム案件多数／受託開発,東京都 豊島区 池袋駅,公開していません,8日前,レバテックキャリア
サイトカイン株式会社,Webシステムエンジニア～先進医療の医療のDX開発／年休120日／残業時間20時間以内／土日祝休み～,東京都 渋谷区,年収350万円～500万円,18日前,doda
株式会社ヘッドジャパン,webエンジニア,東京都 新宿区,"月給17万9,375円～",公開していません,専門学校の就活 Career Map
ピットデザイン株式会社,Webエンジニア,東京都 千代田区 大手町駅 徒歩1分,年収400万円～720万円,9時間前,Green
株式会社アイソルート,WEBエンジニア,東京都 渋谷区,年収350万円～600万円,2日前,doda
Growfit株式会社,Webエンジニア,東京都 中央区 馬喰町駅 徒歩1分,年収400万円～700万円,公開していません,paiza転職
株式会社エイシル,WEB・オープン系エンジニア,東京都,年収300万円～500万円,公開していません,キャリコネ転職
株式会社オズ,Web開発エンジニア,東京都 目黒区 中目黒駅 徒歩13分,"月給18万3,333円",公開していません,ジョブアンテナ北海道
レプラホーン株式会社,Web開発エンジニア,東京都,"月給33万3,333円～",公開していません,U29JOB
株式会社マーズフラッグ,Webアプリケーションエンジニア／クラウド型自社Webサービス,東京都 中央区 京橋駅,"年収500万円～1,000万円",5日前,doda
株式会社オープントーン,フルスタックエンジニア 候補 Webエンジニアとして幅広い技術を身につけてサービス開発エンジニアへ,東京都 千代田区 秋葉原駅 徒歩4分,年収400万円～700万円,6日前,Green
クラスター株式会社,Webフロントエンドエンジニア,東京都 品川区 大崎広小路駅 徒歩5分,年収420万円～500万円,1日前,CREATIVE JOB
アイ・モバイル株式会社,WEBエンジニア,東京都 港区 外苑前駅 徒歩5分,年収312万円～390万円,9時間前,Green
株式会社ミラボ,自社プロダクト Webエンジニア 時短勤務OK 子育て・医療等の社会貢献性が高い,東京都 千代田区 御茶ノ水駅,年収400万円～650万円,2日前,doda
株式会社ASO,WEBエンジニア 未経験者歓迎,東京都 台東区 御徒町駅 徒歩10分,年収216万円～500万円,1日前,Green
株式会社ジモティー,Webアプリケーションエンジニア Web／開発／エンジニア／Rails,東京都 品川区 五反田駅 徒歩3分,"年収500万円～1,000万円",8日前,Green
ハイツー株式会社,WEBエンジニア,東京都,"月給33万3,333円～50万円",公開していません,U29JOB
株式会社Jocy,Webアプリエンジニア／サブスクリプションサービス「MEZON」,東京都 渋谷区,年収500万円～750万円,公開していません,doda
株式会社おてつだいネットワークス,Webエンジニア 新規事業に注力!アプリ開発や新規開発に興味があるエンジニア,東京都 品川区,年収400万円～600万円,公開していません,TalentHub
チームラボグループ,Webアプリエンジニア,東京都 千代田区,年収400万円～840万円,公開していません,paiza転職
株式会社ネクストビート,Webアプリケーションエンジニア リモート可／子育て支援・地方創生領域,東京都 渋谷区 恵比寿駅,年収600万円～840万円,10日前,doda
株式会社駅探,システムエンジニア／Webアプリケーション・スマホアプリの開発,東京都 新宿区 四ツ谷駅 徒歩3分,年収600万円～,公開していません,キャリコネ転職
旭化成株式会社,全社のデジタルマーケティング組織でのWebエンジニア,東京都 港区 田町駅,"年収582万円～1,100万円",2日前,doda
株式会社エグゼック,WEBエンジニア,東京都 品川区 目黒駅 徒歩3分,年収320万円～600万円,公開していません,U29JOB
株式会社静岡新聞社,Web開発エンジニア～新規事業の立ち上げ業務／リモートワーク相談可能／新しい働き方～,東京都 中央区,年収500万円～800万円,18日前,doda
株式会社ハウテレビジョン,Webエンジニア,東京都 港区 六本木一丁目駅,年収400万円～800万円,公開していません,doda
株式会社OverTech 東京都 プロジェクトに...,WEBエンジニア、Web・オープンシステム開発運用 給料もらいながら研修できる,東京都 世田谷区 駒沢大学駅 徒歩10分,月給25万円～50万円,公開していません,株式会社OverTech
株式会社ワークスアプリケーションズ・エンタープラ...,Javaエンジニア or Webエンジニア／テレワーク可／最低年収500万円,東京都 千代田区,年収500万円～800万円,2日前,doda
ロジソーコ,Web系エンジニア,東京都 千代田区,年収350万円～600万円,10日前,かんたん応募
株式会社IIJプロテック,Webエンジニア AWS環境でのLinuxサーバエンジニア,東京都 千代田区 飯田橋駅 徒歩1分,年収400万円～600万円,22日前,Green
リフリード株式会社,webエンジニア,東京都 渋谷区,年収350万円～600万円,公開していません,doda
バリューアークコンサルティング株式会社,"Java,大手派遣系サービスWebエンジニア",東京都 千代田区,月給60万円～80万円,29日前,バリューアークコンサルティング株式会社
株式会社クリエイト工房,Webエンジニア 平均2～3年案件多数／月残業10h程／損保会社契約系システム／PHP,東京都 千代田区                                                                                                                                                                その他 (3),年収400万円～500万円,15時間前,doda
株式会社ケアコネクトジャパン,WEB開発エンジニア／自社開発の介護記録システムCAREKARTE,東京都 港区,年収440万円～536万円,2日前,doda
株式会社エコログ,Webエンジニア ～環境問題に取り組む／社会貢献性が高い／新規事業に携われる～,東京都 豊島区,年収400万円～700万円,公開していません,doda
株式会社ネクソン,Webアプリケーションエンジニア,東京都 港区 六本木一丁目駅 徒歩1分,年収400万円～500万円,5日前,CREATIVE JOB
株式会社ピーエスシー,Web開発エンジニア ～自社サービス「Coo Kai」／月平均残業10時間～,東京都 港区 御成門駅,年収360万円～600万円,公開していません,doda
株式会社朝日PRセンター,Webエンジニア,東京都 板橋区 大山駅,年収450万円～700万円,2日前,doda
株式会社400F,Webフロントエンドエンジニア ～国内最大級のお金のオンライン相談サービス～,東京都 中央区 茅場町駅,年収500万円～800万円,10時間前,doda
株式会社フィーリスト,「Webエンジニア／スキルチェンジ希望者大歓迎／残業月平均15.1h」,東京都 千代田区 秋葉原駅,年収370万円～600万円,11日前,doda
ボールドライト株式会社,Webエンジニア,東京都 渋谷区 初台駅 徒歩5分,年収450万円～700万円,27日前,paiza転職
株式会社カサレアル,Webエンジニア～プライム案件100%／自社開発／要件定義から／残業10h～,東京都 港区 泉岳寺駅,年収400万円～700万円,公開していません,doda
株式会社佼成出版社,Webエンジニア／完全自社内開発／年休129日／残業ほぼなし,東京都 杉並区 方南町駅,月給31万円～58万円,5日前,doda
GNU株式会社,Webエンジニア,東京都 港区 新橋駅,年収500万円～800万円,2日前,doda
株式会社キャブ,Webエンジニア・フロントエンドエンジニア,東京都 千代田区 麹町駅 徒歩2分,年収400万円～700万円,4日前,Green
ストックマーク株式会社,webバックエンドエンジニア,東京都 港区 青山一丁目駅 徒歩8分,"年収700万円～1,050万円",13日前,paiza転職
ビズメイツ株式会社,Webエンジニアリーダー,東京都 千代田区 淡路町駅,年収500万円～700万円,公開していません,doda
Modis株式会社 Tech,WEBフロントエンドエンジニア,東京都 渋谷区 恵比寿駅 徒歩6分,"時給2,800円",1日前,エン派遣
株式会社マックスマウス,フロントエンドエンジニア／Webエンジニア,東京都 港区 赤坂見附駅,年収435万円～700万円,公開していません,doda
株式会社Relationship Innovat...,Webデザイナー、UIエンジニア,東京都 新宿区                                                                                                                                                                その他 (5),月給20万円～45万円,26日前,株式会社Relationship Innovation
株式会社ONE WEDGE,Web開発エンジニア,東京都 新宿区 四ツ谷駅 徒歩3分,年収400万円～600万円,公開していません,paiza転職
株式会社エスティーエーアスト,Web・ゲームエンジニア,東京都 千代田区 秋葉原駅 徒歩2分,月給18万円～,4日前,type
東京カレンダー株式会社,WEBエンジニア／リードエンジニア,東京都 品川区 大崎駅 徒歩5分,年収600万円～840万円,3日前,Green
株式会社DONUTS,中途 Webエンジニア,東京都 渋谷区,月給15万円,17日前,株式会社DONUTS
株式会社カイテクノロジー,WEBエンジニア,東京都 新宿区 新宿御苑前駅,年収350万円～800万円,公開していません,Geekly
株式会社SPEC,Webエンジニア,東京都 千代田区,年収400万円～600万円,公開していません,paiza転職
株式会社エンジン インキュベーション,Webデザインナー&Webエンジニア,東京都 渋谷区,月給20万円～,17日前,株式会社エンジン インキュベーション
株式会社コムコシステム,WEB系エンジニア,東京都,年収450万円～640万円,21日前,doda
株式会社ムーブ,Webエンジニア,東京都 新宿区 新宿御苑前駅,年収400万円～640万円,13日前,doda
株式会社ケーエムケーワールド,Web・オープン系エンジニア 1言語開発経験者OK 年間休日123日+Refresh休暇5日,東京都 中央区,年収336万円～600万円,公開していません,TalentHub
株式会社ミライプロジェクト,Webエンジニア,東京都 渋谷区,公開していません,公開していません,株式会社ミライプロジェクト
株式会社フィジオ,webエンジニア～チャレンジを応援します／サポート体制充実／大手プライム案件多数～,東京都 新宿区 新宿駅,年収300万円～350万円,公開していません,doda
株式会社想隆社,Webエンジニア,東京都 千代田区 御茶ノ水駅 徒歩3分,年収450万円～600万円,公開していません,paiza転職
Rotoworks株式会社,PHP／Laravel／不動産業界のDXを推進するWebエンジニア募集,東京都 新宿区,月給60万円～80万円,19日前,かんたん応募
マガシーク株式会社,Webエンジニア／アパレルブランドのEC開発,東京都 千代田区 半蔵門駅,年収315万円～600万円,9時間前,doda
NExT-e Solutions株式会社,Web開発エンジニア,東京都 世田谷区 三軒茶屋駅,年収400万円～650万円,公開していません,doda
TechMagic株式会社,Webフロントエンジニア,東京都 江東区,年収400万円～800万円,4日前,パソナキャリア
株式会社クルービット,Webエンジニア,東京都 豊島区,年収450万円～550万円,公開していません,paiza転職
株式会社アビリブ,Webアプリエンジニア,東京都 渋谷区 明治神宮前駅,年収585万円～780万円,公開していません,doda
ラフアンドレディ株式会社,Webエンジニア フルリモートOK／リモートワーク手当／土日祝休み／残業ほぼナシ／Web面接1回,東京都 品川区 目黒駅 徒歩6分,月給30万円～50万円,18日前,エン転職
株式会社ミスミ,Webエンジニア,東京都 千代田区 飯田橋駅,年収500万円～700万円,公開していません,doda
株式会社フェーズワン,WEBアプリエンジニア,東京都 文京区 湯島駅 徒歩1分,年収300万円～650万円,公開していません,キャリコネ転職
株式会社フェニシス,Webエンジニア／人気アニメ・ゲームサイト担当,東京都 中央区,年収350万円～560万円,公開していません,doda
株式会社構造計画研究所,Web系ソフトウェアエンジニア ～独立系ITベンダ～,東京都 中野区 新中野駅,年収550万円～900万円,公開していません,doda
株式会社アイモバイル,Webエンジニア／ふるさと納税ポータルサイト「ふるなび」開発,東京都 渋谷区 渋谷駅,年収500万円～800万円,2日前,doda
株式会社hacomono,Webアプリケーションエンジニア,東京都 渋谷区 北参道駅 徒歩6分,"年収500万円～1,200万円",20時間前,CREATIVE JOB
株式会社コアコンセプト・テクノロジー,Webエンジニア～2021年上場／月平均残業20時間／フルフレックス制～,東京都 豊島区 池袋駅,年収400万円～800万円,13時間前,doda
株式会社ユニエイム,Webアプリエンジニア,東京都 港区 白金高輪駅,年収450万円～750万円,1日前,Green
株式会社ソリューションウェア,ITコンサル会社のWeb開発エンジニア,東京都 千代田区 岩本町駅 徒歩5分,年収500万円～800万円,1日前,CREATIVE JOB
株式会社top note 案件により勤務先は異な...,未経験からスタート!WEBデザイナー・WEBエンジニア,東京都 中央区 水天宮前駅,月給20万円～36万円,公開していません,株式会社top note
株式会社ゴーガ,Webアプリケーションエンジニア,東京都 渋谷区 渋谷駅 徒歩5分,年収350万円～400万円,公開していません,U29JOB
株式会社タイムデザイン,Webエンジニア／自社サービス 「ツアービルダー」の開発／コロナ渦で業績好調,東京都 渋谷区,年収400万円～600万円,14日前,doda
アットホーム株式会社,Webエンジニア,東京都 千代田区 内幸町駅,年収400万円～700万円,公開していません,doda
株式会社ヒューマネージ,webエンジニア,東京都 千代田区,年収395万円～500万円,10日前,doda
コムテックスソリューションズ株式会社,Webエンジニア,東京都,年収480万円～840万円,21日前,ほくりくFIT転職
株式会社mofmof,0-1フェーズの開発経験を積みたいWebエンジニア Railsエンジニア,東京都 渋谷区 渋谷駅 徒歩5分,年収450万円～700万円,2日前,Green
エヌ・ティ・ティ・コミュニケーションズ株式会社,ソフトウエアフレームワーク開発、Webアプリケーションエンジニア～NTTグループの国際通信事業～,東京都 港区 三田駅,年収500万円～800万円,公開していません,doda
株式会社Tixplus,Webエンジニア,東京都 渋谷区 渋谷駅 徒歩5分,"月給33万3,333円～83万3,333円",公開していません,U29JOB
株式会社パーソンズ,オープン・Web系開発エンジニア,東京都 中野区 中野駅 徒歩5分,月給25万円～,4日前,type
株式会社オーシーエム,Web系エンジニア 豊富な休暇で定着率バツグン,東京都 港区 新橋駅 徒歩5分,"年収420万円～1,200万円",公開していません,株式会社オーシーエム
株式会社スーパーソフトウエア,Webエンジニア,東京都 渋谷区 恵比寿駅,年収500万円～800万円,公開していません,doda
株式会社グロトム,初めての方OK!Webエンジニア募集中,東京都 渋谷区 渋谷駅 徒歩3分,月給20万円～40万円,7時間前,株式会社グロトム
Vリアリゼーション株式会社,WEBエンジニア 分析エンジニア・SE,東京都 港区 青山一丁目駅 徒歩4分,月給18万円～60万円,公開していません,Vリアリゼーション株式会社
メディアマックスジャパン株式会社,Webエンジニア,東京都 港区 乃木坂駅,年収400万円～,公開していません,paiza転職
クラシコ株式会社,webエンジニア リーダー候補／世界が注目する白衣メーカー／5.5億の資金調達済み／リモートワーク可,東京都 港区,年収650万円～950万円,公開していません,doda
ディップ株式会社,webエンジニア 自社DXプロダクト「コボット」の開発業務,東京都 渋谷区 渋谷駅,年収400万円～700万円,公開していません,doda
株式会社ビザスク,Webエンジニア,東京都 世田谷区 池尻大橋駅                                                                                                                                                                その他 (5),年収500万円～800万円,公開していません,doda
株式会社オープンドア,Webエンジニア 自社サービス プライム上場 旅行比較サイト「トラベルコ」,東京都 港区 赤坂駅,年収400万円～600万円,公開していません,doda
株式会社ケアリッツ・テクノロジーズ,WEB開発エンジニア／残業時間10時間未満／豊富なキャリアパス／プライム案件75%,東京都 新宿区,年収502万円～700万円,2日前,doda
株式会社ヒューガン,Javaを用いたWEBアプリケーション開発エンジニア,東京都 世田谷区,年収400万円～700万円,21日前,かんたん応募
株式会社シライ,Webエンジニア ～自社ECサイト開発・運用／土日休み／残業月平均22時間～,東京都 台東区 浅草橋駅,年収300万円～600万円,公開していません,doda
株式会社バート,WEBエンジニア 在宅勤務可／残業10h／SAP支援／JASDAQ上場企業のグループ会社,東京都,年収350万円～480万円,17日前,doda
株式会社プリンチ,プログラマー WEBエンジニア 第二新卒、独学のみOK,東京都 新宿区,月給20万円,公開していません,株式会社プリンチ
株式会社ネットコムBB,Webエンジニア,東京都 千代田区 日比谷駅,年収400万円～600万円,2日前,doda
NTTセキュリティ・ジャパン株式会社,Webセキュリティエンジニア,東京都 千代田区 秋葉原駅,年収500万円～800万円,公開していません,doda
株式会社マインドクオリア,Webエンジニア,東京都 渋谷区,"年収240万円～1,200万円",公開していません,株式会社マインドクオリア
株式会社イマクリエ,WEBエンジニア／完全在宅,東京都,"時給1,000円",公開していません,株式会社イマクリエ
株式会社アクティブ・ワーク,Web開発エンジニア／高い技術力でプライム9割／残業月平均18.3h,東京都 千代田区 岩本町駅,年収500万円～600万円,公開していません,doda
コロニー株式会社,デザイナー、WEBエンジニア,東京都 千代田区 有楽町駅,"年収500万円～1,200万円",公開していません,コロニー株式会社
株式会社Silbird,Webゲームエンジニア,東京都 千代田区 岩本町駅,年収450万円～800万円,3日前,paiza転職
株式会社ケアネット,Webアプリケーションエンジニア,東京都 千代田区 飯田橋駅 徒歩5分,年収400万円～600万円,公開していません,doda
株式会社SKIYAKI,WEBエンジニア,東京都 渋谷区 渋谷駅,"年収480万円～1,020万円",公開していません,doda
株式会社ヘッドウォータース,Webアプリ開発エンジニア,東京都 新宿区 新宿三丁目駅,年収300万円～650万円,公開していません,doda
Hmcomm株式会社,AI・音声認識を活用した自社商品のWEBエンジニア,東京都 港区 大門駅,年収500万円～700万円,公開していません,doda
株式会社ウィルオブ・ワーク,Webエンジニア,東京都 新宿区 新宿三丁目駅,月給35万円～60万円,13日前,U29JOB
ログリー株式会社,高トラフィックアドテクプロダクトのWebアプリケーションエンジニアとして開発・運用に挑戦しませんか,東京都 渋谷区,年収600万円～750万円,10日前,en ミドルの転職
エヌシーアイ総合システム株式会社,Webエンジニア,東京都 中野区 中野坂上駅,年収440万円～560万円,公開していません,doda
X1Studio株式会社,Web開発エンジニア,東京都,年収450万円～600万円,4時間前,paiza転職
株式会社日立システムズエンジニアリングサービス,WEBアプリケーション開発エンジニア,東京都,年収600万円～765万円,5日前,doda
パーソルエクセルHRパートナーズ株式会社,Webシステム開発エンジニア,東京都 中央区,年収500万円～750万円,19日前,paiza転職
株式会社JMDC,WEBエンジニア,東京都 港区 大門駅,年収467万円～902万円,2日前,doda
ソニー株式会社,クラウドサービスWEBエンジニア／業務用ディスプレイビジネス事業#SHES069,東京都 品川区 大崎駅,月給25万円～,公開していません,doda
GMOペパボ株式会社,Webアプリケーションエンジニア,東京都 渋谷区,年収400万円～650万円,28日前,パソナキャリア
株式会社クラベス,Webエンジニア,東京都 墨田区 両国駅 徒歩5分,年収300万円～800万円,公開していません,paiza転職
株式会社ビューン,自社サービス「ブック放題」のWEBエンジニア／上流工程から携われます／ソフトバンクグループ,東京都 千代田区,年収400万円～600万円,10日前,doda
株式会社LOWCAL,Webアプリ開発エンジニア PL・PM候補,東京都 渋谷区 恵比寿駅 徒歩3分,年収420万円～800万円,21日前,かんたん応募
Sansan株式会社,WEBエンジニア／個人向け名刺アプリ「Eight」など,東京都 港区 表参道駅,"年収670万円～1,023万円",公開していません,doda
株式会社想画,WEB開発エンジニア,東京都 北区 王子神谷駅 徒歩1分,年収350万円～600万円,公開していません,U29JOB
株式会社エキサイト,WEB開発エンジニア,東京都 千代田区 大手町駅,年収380万円～650万円,公開していません,paiza転職
株式会社クロスキャット,システムエンジニア／官公庁 Web系システム構築,東京都 港区 品川駅,年収400万円～600万円,公開していません,doda
アデコ株式会社,Webアプリケーションエンジニア,東京都 港区 虎ノ門駅 徒歩2分,"時給1,624円～",3時間前,Adecco 派遣
株式会社メタップスペイメント,Webサービスエンジニア～自社サービス／フルスタックエンジニア～,東京都 港区,年収500万円～800万円,4日前,doda
クリアル株式会社,Webエンジニア,東京都 台東区 上野駅,"年収500万円～1,000万円",2日前,doda
アクサ損害保険株式会社,Webエンジニア ～世界最大級の保険グループ／フレックス・在宅有り～,東京都 港区 白金高輪駅,年収700万円～750万円,公開していません,doda
アイレット株式会社,Webアプリエンジニア／最先端のWeb開発／AWS・GCPプレミアパートナー,東京都 港区,年収400万円～800万円,15時間前,doda
ツクリンク株式会社,"WEBエンジニア／Ruby,PHP,Python,Go",東京都 港区 六本木駅 徒歩6分,年収450万円～650万円,公開していません,Green
株式会社フリークアウト,Webアプリケーションエンジニア,東京都 港区 六本木駅,"年収600万円～1,000万円",公開していません,doda
日本ディクス株式会社,Webアプリケーションエンジニア／金融・流通・製造業種向けシステムなど,東京都 港区 田町駅,年収550万円～700万円,公開していません,doda
株式会社キューブシステム,Webアプリエンジニア／フロント開発など,東京都 品川区 大崎駅,年収385万円～550万円,18日前,doda
株式会社マインリード クライアント先,実力発揮したい!新規事業を自分でリードしたい!Webエンジニア経験者募集,東京都 江東区 国際展示場駅 徒歩3分,月給32万円～53万円,公開していません,株式会社マインリード
ライブリッツ株式会社,Webエンジニア／自社サービスで最上流～実装まで／モダンな開発環境,東京都 品川区 大崎駅,年収500万円～800万円,13日前,doda
コニカミノルタマーケティングサービス株式会社,Webアプリエンジニア／SaaSクラウド／コニカミノルタグループ／最先端技術・リモートワーク,東京都 中央区 水天宮前駅,"年収400万円～1,500万円",18日前,doda
合同会社DREAM,自社サービスの開発に携わるWebエンジニア募集,東京都 新宿区                                                                                                                                                                その他 (5),月給22万円～45万円,12日前,合同会社DREAM
株式会社NDPマーケティング,Webエンジニア,東京都 渋谷区 恵比寿駅 徒歩5分,"年収520万円～1,950万円",公開していません,Green
日本調剤株式会社,自社サービスのWebエンジニア,東京都,年収400万円～600万円,19日前,doda
株式会社シーディーアイ,自社Webアプリ開発エンジニア,東京都 千代田区 東京駅,年収600万円～900万円,11日前,doda
スローガン株式会社,webエンジニア,東京都 港区 青山一丁目駅,年収500万円～700万円,公開していません,doda
株式会社ネグジット総研,Webシステムエンジニア 東京,東京都 世田谷区 下北沢駅 徒歩10分,年収350万円～500万円,公開していません,Green
株式会社クーシー,ブロックチェーン領域のエンジニア職～Web3.0事業の立ち上げ／大手取引多数～,東京都 渋谷区 恵比寿駅,年収450万円～600万円,公開していません,doda
ジオテクノロジーズ株式会社,WEBエンジニア,東京都 文京区 千石駅,年収600万円～800万円,公開していません,doda
ソニーグローバルマニュファクチャリング&オペレー...,WEBエンジニア,東京都 品川区 大崎駅,年収500万円～800万円,公開していません,doda
株式会社キャピタル・アセット・プランニング,Webアプリエンジニア／自社内開発 在宅勤務可 東証一部 再雇用制度有り,東京都 港区 品川駅,年収600万円～900万円,公開していません,doda
株式会社エーアイスクエア,WEBアプリケーションエンジニア,東京都 千代田区 岩本町駅 徒歩1分,"月給37万5,000円～",公開していません,U29JOB
株式会社アジアピクチャーズエンタテインメント,Webエンジニア 社内システム開発,東京都 港区 田町駅 徒歩4分,"年収420万円～1,000万円",17日前,Green
VANDDD株式会社,WEBアプリケーション開発エンジニア,東京都 港区 神谷町駅,年収360万円～600万円,1日前,Green
亀田医療情報株式会社,WEBエンジニア,東京都 千代田区 麹町駅,年収500万円～700万円,公開していません,doda
株式会社ブリスウェル,Webシステム開発エンジニア,東京都 港区,年収400万円～600万円,公開していません,doda
株式会社メディックメディア,WEBエンジニア,東京都 港区 外苑前駅 徒歩4分,年収600万円～800万円,27日前,Green
株式会社日本能率協会マネジメントセンター,WEBアプリケーションエンジニア／既存システムの改修や機能追加がメイン,東京都 中央区 銀座駅,年収450万円～650万円,2日前,doda
株式会社フューチャーショップ,Webアプリケーションエンジニア,東京都 港区,公開していません,公開していません,マイナビAGENT
ビートテック株式会社,Web開発エンジニア,東京都 品川区 大崎広小路駅,年収450万円～720万円,14日前,doda
株式会社Robot Home,Webフロントエンジニア,東京都 渋谷区 代官山駅,年収450万円～650万円,公開していません,Geekly
株式会社コムニコ,SNS担当者向けSaaSを開発するWebエンジニア／自社クラウドツールの開発,東京都 中央区 東銀座駅,年収400万円～900万円,10日前,doda
KINTOテクノロジーズ株式会社,Webアプリケーションセキュリティエンジニア／脆弱性管理／～自社サービスKINTO～,東京都 港区 新橋駅,"年収490万円～1,300万円",21日前,doda
株式会社WeTec,Web系エンジニア／若手歓迎,東京都,年収350万円～600万円,4時間前,株式会社テザリング
ユニティ株式会社,Web開発エンジニア,東京都 港区 麻布十番駅,年収400万円～700万円,8時間前,doda
株式会社AMG Solution,オープン系Webシステムエンジニア,東京都 中央区 東日本橋駅,年収400万円～600万円,4日前,Green
株式会社アイスタイル,Webエンジニア 東証一部上場／日本最大級の自社美容サイト@cosme／リモート・フレックス可,東京都 港区 六本木一丁目駅,年収500万円～700万円,14日前,doda
株式会社リアルインベント,Webシステム開発エンジニア,東京都 荒川区 西日暮里駅 徒歩2分,月給25万円～40万円,11日前,type
アートシステム株式会社,Webアプリケーションエンジニア,東京都 大田区 池上駅 徒歩10分,年収350万円～650万円,公開していません,U29JOB
株式会社エーエスエル,WEB／スマホアプリ開発エンジニア,東京都 中央区 勝どき駅 徒歩0分,月給30万円～,公開していません,日経転職版
株式会社リバスタ,Webエンジニア,東京都 江東区 豊洲駅,年収500万円～850万円,公開していません,doda
株式会社ブレイカーズ,自分の得意を最大限発揮できる会社!自社開発でwebエンジニアにチャレンジ,東京都 港区 白金高輪駅 徒歩5分,月給20万円～70万円,4日前,株式会社ブレイカーズ
SGフィルダー,WEB系エンジニア,東京都 港区,年収350万円～750万円,公開していません,かんたん応募
株式会社日本ビジネス開発,Webアプリ開発エンジニア ～創業42年の独立系IT企業～／在宅勤務有,東京都 豊島区 池袋駅,年収350万円～600万円,公開していません,doda
ヤフー株式会社,WEBエンジニア,東京都 千代田区,年収500万円～900万円,公開していません,doda
株式会社ワイズロジック,Webアプリエンジニア,東京都 台東区 浅草橋駅 徒歩6分,年収450万円～700万円,公開していません,paiza転職
株式会社Mobility Technologies,Webアプリケーションエンジニア／タクシーアプリ「GO」事業,東京都 港区 六本木一丁目駅,"年収600万円～1,200万円",2日前,doda
株式会社JobTechnology,SE 将来はフリーランスとして活躍したい方!Webエンジニア目指しませんか,東京都 渋谷区,月給20万円～40万円,公開していません,株式会社JobTechnology
Qrio株式会社,webアプリエンジニア,東京都 渋谷区 恵比寿駅 徒歩7分,年収450万円～800万円,27日前,paiza転職
スパイスファクトリー株式会社,スクラムで進めるフルスクラッチ開発!Webエンジニア,東京都 台東区 浅草橋駅 徒歩5分,年収500万円～750万円,4日前,エンジニアHubキャリア
合同会社NET-R,WEBエンジニア／WEBデザイン,東京都 品川区                                                                                                                                                                その他 (5),月給25万円～40万円,公開していません,合同会社NET-R
ノイン株式会社,Webフロントエンドエンジニア,東京都 渋谷区,"年収700万円～1,000万円",18日前,doda
エムジー株式会社,SE／インフラエンジニア／Webデザイナー 土日祝休 クラウド型サービスのWebアプリ開発マネージャ...,東京都 中央区 日本橋駅 徒歩4分,月給50万円～73万円,19日前,エムジー株式会社
株式会社ディー・アイ・ジー,Web系ITエンジニア,東京都 港区 六本木駅 徒歩5分,年収360万円～,2日前,マイベストジョブ
株式会社もしも,Webアプリケーションエンジニア,東京都 品川区 天王洲アイル駅,年収400万円～800万円,17日前,doda
かんぽシステムソリューションズ株式会社,Webアプリケーションエンジニア,東京都 品川区 大崎駅,年収600万円～800万円,18日前,doda
株式会社ブレインパッド,Webエンジニア～自社サービス／レコメンドエンジン搭載プライベートDMPの開発～,東京都 港区 六本木一丁目駅,年収550万円～650万円,公開していません,doda
株式会社アライヴテック,SE／PG／IT・クリエイティブ 働きやすさが魅力 WEBエンジニア募集／気象防災システム開発,東京都 千代田区,月給30万円～60万円,公開していません,株式会社アライヴテック
ルビー・グループ株式会社,Webエンジニア,東京都 渋谷区 代々木公園駅,年収350万円～660万円,11日前,doda
株式会社シスプライマリー,ITシステム開発会社のwebエンジニア,東京都 千代田区 淡路町駅 徒歩2分,月給27万円～50万円,12日前,株式会社シスプライマリー
株式会社クロス・コミュニケーション,01.Webエンジニア,東京都 渋谷区 初台駅 徒歩3分,年収350万円～800万円,1日前,Green
株式会社PIXEL HEARTS,未経験からWebエンジニアになれる!入社後2ヵ月間は社内研修,東京都 渋谷区,月給19万円～,4日前,リクナビNEXT
株式会社アンリミテッド,業務システム・WEB開発エンジニア ～様々な案件に関わりキャリアアップ／残業20h以下～,東京都 台東区,年収400万円～600万円,公開していません,doda
株式会社マーケティングアプリケーションズ,Webエンジニア,東京都 新宿区 新宿御苑前駅 徒歩5分,年収400万円～700万円,公開していません,キャリコネ転職
合同会社Weeybrid コワーキングスペース秋...,Webエンジニアの募集,東京都 千代田区 秋葉原駅 徒歩3分,月給55万円～84万円,27日前,合同会社Weeybrid
株式会社WITS,WEB／オープン系エンジニア,東京都 豊島区 東池袋駅 徒歩6分,月給70万円～80万円,公開していません,株式会社WITS
株式会社TimeTree,Webフロントエンドエンジニア,東京都 新宿区 西新宿駅 徒歩5分,年収450万円～900万円,15時間前,CREATIVE JOB
アイティメディア株式会社,Webエンジニア ～国内最大級自社メディアのシステム企画・開発／リモート中心～,東京都 千代田区 麹町駅,年収627万円～896万円,公開していません,doda
株式会社ジョブカン会計,C++経験を活かしてwebアプリエンジニアへ／企画フェーズにも参画可,東京都 新宿区,年収420万円～600万円,公開していません,doda
Guidable株式会社,Webエンジニア,東京都 新宿区 西新宿駅 徒歩6分,年収400万円～600万円,24日前,Green
スリーワンシステムズ株式会社,Webエンジニア／リーダー ～長期就業したい方／大手企業からの直請多数～,東京都 中央区 小伝馬町駅,年収400万円～600万円,2日前,doda
株式会社ブックウォーカー,志望動機必須Webフロントエンドエンジニア,東京都 千代田区 市ケ谷駅,年収401万円～900万円,公開していません,Geekly
株式会社Brave,本気の方募集しています!0から実践付きの環境でWEBエンジニアを目指してみませんか,東京都 千代田区,月給20万円～,27日前,株式会社Brave
株式会社OverTech,プログラマー WEBエンジニア、Web・オープンシステム開発運用 給料をもらいながら研修できる,東京都 世田谷区 駒沢大学駅,月給25万円～50万円,公開していません,株式会社OverTech
ティ・エフ株式会社,未経験歓迎!独自の教育カリキュラムでWebエンジニアに,東京都 渋谷区 恵比寿駅,月給20万円～,公開していません,ティ・エフ株式会社
株式会社ASTO System,システム開発会社のwebエンジニア,東京都 千代田区,"時給1,200円～2,000円",13日前,株式会社ASTO System
スターフィールド株式会社,Webエンジニア,東京都 新宿区 高田馬場駅 徒歩5分,年収400万円～770万円,公開していません,paiza転職
株式会社メイテック,AWS、WEBサービス開発エンジニア,東京都,年収650万円～950万円,14日前,doda
株式会社フリーセンター,Webエンジニア,東京都 渋谷区 渋谷駅,年収300万円～800万円,公開していません,株式会社フリーセンター
株式会社あすフィット,Web・オープン系エンジニア,東京都 千代田区,年収450万円～600万円,公開していません,キャリコネ転職
株式会社L is B,Webエンジニア／自社サービス「direct Apps」～リモート中心～,東京都 千代田区,年収400万円～700万円,公開していません,doda
日本システム技術株式会社,Webアプリケーションエンジニア,東京都 港区 品川駅,年収498万円～658万円,11日前,doda
株式会社はてな,Webアプリケーションエンジニア,東京都 港区 表参道駅 徒歩6分,年収400万円～700万円,9時間前,Green
株式会社ウィルゲート,エンジニア Webアプリケーション,東京都 渋谷区 渋谷駅,年収400万円～600万円,公開していません,Geekly
野村インベスター・リレーションズ株式会社,Webフロントエンジニア,東京都 千代田区 大手町駅 徒歩3分,年収500万円～800万円,公開していません,doda
東海ビジネスサービス株式会社,WEB開発エンジニア 希望勤務地・案件を考慮／ITコンサルへのキャリアパス有,東京都,年収400万円～600万円,2日前,doda
株式会社オプトロニクス社,webエンジニア,東京都 千代田区 飯田橋駅 徒歩10分,"月給21万3,000円～",公開していません,株式会社オプトロニクス社
株式会社クレスコ,Webサービス向けエンジニア／プロジェクトリーダー,東京都 港区 品川駅,年収480万円～800万円,公開していません,doda
ANNAI株式会社,Webエンジニア,東京都 港区 虎ノ門駅 徒歩5分,"年収700万円～1,200万円",公開していません,paiza転職
株式会社ベクティス,WEBエンジニア リーダー・CTO候補,東京都 渋谷区 渋谷駅 徒歩5分,公開していません,9時間前,Green
株式会社アイエスエイプラン,Web系エンジニア,東京都 中央区 勝どき駅 徒歩5分,年収300万円～700万円,公開していません,doda
日本コンピュータシステム株式会社,基幹系システムプログラマ／WEBシステムエンジニア,東京都 港区 虎ノ門駅,年収380万円～540万円,公開していません,doda
Glossom株式会社,Webエンジニア／SNS経由での購買データ計測システム／GREEグループ,東京都 新宿区 西新宿駅,年収600万円～800万円,11日前,doda
株式会社DNPデジタルソリューションズ,Webエンジニア,東京都 品川区,年収400万円～700万円,公開していません,doda
株式会社リンクエッジ,Webアプリケーションエンジニア,東京都 渋谷区 渋谷駅,"年収500万円～1,000万円",公開していません,doda
株式会社Ui2,WEBエンジニア~自社勤務・ECサイト保守運用・残業月20h以下,東京都 港区 三田駅,年収407万円～603万円,5日前,doda
株式会社UNBORDER,ソフトウェア開発会社のweb制作エンジニア,東京都 渋谷区 渋谷駅 徒歩6分,"時給1,500円～1,700円",9日前,株式会社UNBORDER
株式会社ウェブクルー,Web開発エンジニア,東京都 世田谷区 三軒茶屋駅 徒歩3分,年収450万円～600万円,公開していません,paiza転職
株式会社エヌ・ティ・ティ・データ,メガバンク向けシステム開発におけるwebシステム基盤エンジニア,東京都,"年収450万円～1,400万円",公開していません,Spring転職エージェント
フリー株式会社,Webアプリケーションエンジニア,東京都,"年収500万円～1,200万円",公開していません,Spring転職エージェント
株式会社ネットラーニングホールディングス,Webアプリエンジニア 自社開発／オンライン教育のパイオニア／海外案件に携われる,東京都 新宿区 大久保駅,年収500万円～650万円,公開していません,doda
株式会社創新ラボ,WEBアプリケーションエンジニア,東京都 千代田区 麹町駅 徒歩7分,年収550万円～800万円,公開していません,U29JOB
株式会社日本経済新聞社,Webアプリ開発エンジニア グローバルBtoBサービス,東京都 千代田区 大手町駅,"年収600万円～1,300万円",公開していません,doda
株式会社ラクス,Webアプリケーション開発エンジニア／東京,東京都 渋谷区,"年収520万5,600円～929万8,200円",公開していません,株式会社ラクス
株式会社エス・アイ・エス,WEB系アプリケーションエンジニア,東京都 千代田区 秋葉原駅,年収600万円～800万円,2日前,doda
株式会社クーリエ,Webエンジニア 業界No.1のWebメディアやHR事業をはじめとしたプラットフォーム事業のシステム...,東京都,年収400万円～700万円,公開していません,Spring転職エージェント
PayPay銀行株式会社,WEB開発エンジニア,東京都 新宿区 新宿駅,年収570万円～820万円,2日前,doda
株式会社ヨシダ,WEBエンジニア／WEBデザイン,東京都 千代田区                                                                                                                                                                その他 (5),月給24万円～48万円,公開していません,株式会社ヨシダ
株式会社スタートアップテクノロジー,Webエンジニア クライアントワークをアジャイル開発で,東京都,年収500万円～800万円,公開していません,Spring転職エージェント
AZPower株式会社,オープンソース系Web 開発エンジニア,東京都 千代田区 神田駅 徒歩4分,"年収660万円～1,224万円",1日前,Green
株式会社KDDIウェブコミュニケーションズ,WEBアプリケーションエンジニア,東京都 港区 外苑前駅 徒歩1分,年収376万円～800万円,公開していません,U29JOB
Tebiki株式会社,Webアプリケーションエンジニア,東京都 新宿区 新宿駅,年収500万円～800万円,11日前,Geekly
BPS株式会社,バックエンドWebエンジニア,東京都 新宿区 西新宿五丁目駅 徒歩5分,年収450万円～700万円,公開していません,キャリコネ転職
株式会社コスモストーク,Webエンジニア,東京都 千代田区 末広町駅 徒歩3分,年収600万円～700万円,5日前,doda
トライベック株式会社,Webシステムエンジニア,東京都 港区 青山一丁目駅 徒歩8分,公開していません,1日前,CREATIVE JOB
株式会社ほぼ日,Webアプリ開発エンジニア,東京都 千代田区 神保町駅 徒歩5分,年収700万円～900万円,9時間前,Green
株式会社アニシス,Web開発エンジニア,東京都 港区 赤羽橋駅 徒歩2分,年収320万円～450万円,公開していません,paiza転職
コムテックス ソリューションズ株式会社,Webアプリエンジニア,東京都 千代田区,年収480万円～840万円,公開していません,paiza転職
ココネ株式会社,シニア・Webフロントエンドエンジニア,東京都 世田谷区 三軒茶屋駅 徒歩10分,"年収700万円～1,200万円",公開していません,paiza転職
東京海上日動システムズ株式会社,Webアプリエンジニア,東京都 中央区 銀座駅,"年収480万円～1,100万円",公開していません,paiza転職
株式会社エヌツーエスエム,Web開発エンジニア,東京都 千代田区 秋葉原駅 徒歩5分,公開していません,公開していません,株式会社エヌツーエスエム
株式会社システムアイ,WEBエンジニア,東京都 中央区,年収400万円～600万円,公開していません,doda
インフォサイエンス株式会社,webアプリケーションエンジニア～国内No.1シェア製品保有／残業月10時間程度～,東京都 港区 田町駅,年収450万円～650万円,14日前,doda
TIS株式会社,webアプリエンジニア,東京都 江東区,年収400万円～700万円,3日前,doda
REALITY株式会社,Webエンジニア／ビジネス向けメタバース領域のサービス開発／運用,東京都 港区,"年収500万円～1,000万円",17日前,REALITY株式会社
株式会社Holyday,WEBアプリケーションエンジニア,東京都 千代田区 溜池山王駅 徒歩2分,年収480万円～800万円,8日前,Green
ピクスタ株式会社,「PIXTA」シニアWebアプリケーションエンジニア,東京都 渋谷区 渋谷駅 徒歩10分,年収600万円～750万円,9時間前,Green
株式会社サーバーワークス,Webサービス開発エンジニア,東京都 千代田区 飯田橋駅,年収350万円～750万円,9日前,doda
株式会社YUIDEA,フロントエンドエンジニア・Webデザイナー,東京都 文京区 茗荷谷駅,年収370万円～550万円,2日前,doda
株式会社富士山マガジンサービス,WEBアプリケーションエンジニア,東京都 渋谷区 神泉駅 徒歩6分,年収350万円～600万円,公開していません,U29JOB
有限会社NITコンサルタント,Webエンジニア,東京都 新宿区,年収240万円～600万円,公開していません,有限会社NITコンサルタント
株式会社M and K,SE 研修制度充実! ゼロから WEBエンジニアへ,東京都,月給20万円～70万円,12日前,株式会社M and K
株式会社ミルフィ,Web・オープン系システムエンジニア／Web／IT,東京都 新宿区 新宿駅,"時給1,500円～4,000円",15日前,バイトルPRO
株式会社金宝堂,Web／グラフィック／エンジニア／映像,東京都 世田谷区 三軒茶屋駅,月給25万円～50万円,1時間前,リクナビNEXT
エスディーテック株式会社,WEBアプリエンジニア 賞与年3回 年間休日127日 自社製品開発あり 人間中心設計でモノづくり,東京都 港区 品川駅,年収435万円～525万円,18日前,doda
株式会社アウトソーシングテクノロジー,WEBデザイン・フロントエンドエンジニア／残業20H程度,東京都 港区,年収357万円～419万円,公開していません,doda
株式会社一休,Webアプリケーションエンジニア,東京都 港区 赤坂見附駅,"年収440万円～1,500万円",公開していません,doda
株式会社PinT,インフラサービスにおけるwebアプリエンジニア,東京都 千代田区,"年収800万円～1,000万円",公開していません,doda
株式会社ビデオマーケット,Webエンジニア,東京都 渋谷区 初台駅,年収400万円～600万円,公開していません,doda
株式会社ネットラーニング,顧客向けカスタマイズWebアプリエンジニア,東京都 新宿区,年収600万円～900万円,公開していません,エン エージェント
ヤマトシステム開発株式会社,WEBアプリケーションエンジニア,東京都 中央区 勝どき駅 徒歩4分,年収350万円～450万円,公開していません,U29JOB
中央コンピューター株式会社,第二新卒歓迎／WEB系／オープン系エンジニア,東京都 港区,公開していません,公開していません,マイナビAGENT
TechProduct,自社システムのWebフロントエンドエンジニア経験5年以上の方,東京都 港区,年収300万円～600万円,公開していません,かんたん応募
Supership株式会社,WEBアプリケーションエンジニア,東京都 港区 虎ノ門ヒルズ駅 徒歩1分,公開していません,1日前,CREATIVE JOB
株式会社アクセルスペース,シニアWebバックエンドエンジニア／超小型人工衛星の設計開発を中心に事業を展開,東京都 中央区 新日本橋駅,年収600万円～850万円,2日前,doda
株式会社ガジュマル,Webエンジニア／リモート可／残業ほぼなし／スキルアップ可,東京都 豊島区 池袋駅 徒歩5分,月給29万円～,公開していません,doda
ファイナンシャルテクノロジーシステム株式会社,システムエンジニア／オープン・WEB系,東京都 千代田区 日比谷駅,年収400万円～800万円,公開していません,doda
株式会社justInCaseTechnologi...,Webフロントエンドエンジニア,東京都 中央区 茅場町駅 徒歩2分,"年収600万円～1,000万円",公開していません,paiza転職
株式会社アイティートゥモロー,WEB開発エンジニア 大型案件でスキルアップ可能,東京都 新宿区,年収400万円～550万円,公開していません,doda
株式会社ブレイン・ラボ,webアプリケーションエンジニア／自社SaaS フルリモート可 業界TOP,東京都 港区 田町駅,年収500万円～750万円,5日前,doda
株式会社コナミデジタルエンタテインメント,Webサイト・Webシステム フロントエンドエンジニア,東京都 中央区 銀座一丁目駅 徒歩2分,年収400万円～,3日前,CREATIVE JOB
株式会社CARTAHOLDINGS,WEBアプリケーションエンジニア,東京都 中央区 東銀座駅 徒歩3分,年収484万円～802万円,公開していません,U29JOB
株式会社ライテックス,Webエンジニア,東京都 三鷹市 三鷹駅 徒歩3分,年収320万円～600万円,公開していません,paiza転職
株式会社ガイエ,Webアプリケーションエンジニア,東京都 千代田区 半蔵門駅,年収320万円～600万円,公開していません,doda
株式会社ベルウクリエイティブ,Webアプリのセキュリティエンジニア,東京都 中央区 人形町駅,年収650万円～,公開していません,doda
株式会社GLOBAL-SERVICE,Webエンジニア,東京都 文京区 江戸川橋駅,月給25万円,27日前,株式会社GLOBAL-SERVICE
株式会社maPs,未経験者歓迎!WEBデザイン／エンジニアへステップアップ可能／プライベートと仕事の両立,東京都 中央区,月給23万円～35万円,12日前,株式会社maPs
株式会社アクティブプランニング,Webディレクター／インフラエンジニア／IT・クリエイティブ 急募 年俸500万~650万円,東京都 千代田区 東京駅 徒歩4分,"月給33万円～54万2,000円",10日前,株式会社アクティブプランニング
株式会社ディー・エヌ・エー,Webフロントエンジニア～ヘルスケアスマホアプリ「kenkom」の開発・運用／リモートワーク可～,東京都 渋谷区 初台駅,"年収600万円～1,000万円",18日前,doda
リアステージ,オープンweb系システムエンジニア,東京都 千代田区,年収450万円～800万円,公開していません,リアステージ
株式会社AppBrew,Webグロースリードエンジニア Web開発専任のシニアなエンジニア注目,東京都 千代田区 水道橋駅,"年収720万円～1,200万円",8日前,レバテックキャリア
イタンジ株式会社,Webアプリケーションエンジニア／不動産取引のDXサービス群,東京都 港区 六本木一丁目駅,年収600万円～800万円,公開していません,doda
デジタルアーツ株式会社,WEB開発エンジニア 社内SE,東京都 千代田区 大手町駅,年収450万円～640万円,9時間前,Green
株式会社パソナテック,Webアプリ開発エンジニア intra mart,東京都 千代田区,月給23万円～,14日前,かんたん応募
Sansan 株式会社 エンジニア職・デザイナー...,WEBアプリ開発エンジニア,東京都 港区 表参道駅 徒歩1分,"年収462万円～1,505万円",5日前,Green
イシグロ株式会社,webエンジニア,東京都 中央区 八丁堀駅,年収400万円～500万円,公開していません,doda
park&port株式会社,Webアプリケーションエンジニア,東京都 渋谷区,年収500万円～800万円,公開していません,doda
株式会社スカイウイル,Webアプリ開発エンジニア 取引先は大手企業中心の堅実で安定した経営基盤,東京都,年収350万円～550万円,10日前,キャリフレ
エムスリーキャリア株式会社,Webアプリケーションエンジニア 医療系求人・採用関連のWebサイト／アプリの開発,東京都 港区 神谷町駅,年収500万円～800万円,8日前,レバテックキャリア
株式会社インターファーム,WEBエンジニア,東京都 渋谷区 渋谷駅 徒歩7分,年収500万円～700万円,公開していません,paiza転職
フューチャー・アンティークス株式会社,WEBオープン系エンジニア,東京都 品川区                                                                                                                                                                その他 (23),"月給27万5,000円～48万円",公開していません,かんたん応募
株式会社JR東日本情報システム,Webアプリケーションエンジニア／「えきねっと」の開発／要件定義から担当,東京都 新宿区 高田馬場駅,年収440万円～580万円,公開していません,doda
株式会社マーケットプレイス,Webエンジニア,東京都 港区,年収420万円～600万円,公開していません,paiza転職
株式会社イーゼ,WEB系エンジニア コンシューマー向けサービス開発／有名サイトの開発多数,東京都 千代田区 神保町駅,年収450万円～800万円,公開していません,doda
SEモバイル・アンド・オンライン株式会社,WEB開発エンジニア 19時には退社／時短・週4勤務も可,東京都 新宿区,年収400万円～840万円,17時間前,doda
株式会社NIT,顧客向けWEBアプリ開発エンジニア,東京都 港区,年収350万円～500万円,2日前,doda
株式会社デジタルビジョン,Webエンジニア,東京都,年収350万円～750万円,公開していません,U29JOB
M-SOLUTIONS株式会社,WEBシステム開発エンジニア、PM候補,東京都 新宿区 東新宿駅,年収480万円～850万円,公開していません,paiza転職
株式会社Malme,Webアプリケーションエンジニア,東京都 千代田区,年収400万円～550万円,公開していません,パソナキャリア
レジェンダ・テクノロジー株式会社,WEB開発エンジニア ～在宅勤務可／残業月20H／自社クラウド型人事システムの開発～,東京都 新宿区 西新宿駅,年収500万円～600万円,2日前,doda
株式会社ハイウェル,フリーランス／PHP／設計～開発ある方WEBエンジニア,東京都 港区,月給60万円～90万円,4日前,かんたん応募
株式会社フライトシステムコンサルティング,WEBアプリ開発エンジニア 残業時間20時間程度／ほぼフルリモート,東京都 渋谷区 恵比寿駅,年収500万円～800万円,2日前,doda
株式会社エー・アイ・エム スタッフ,Web・オープン系エンジニア,東京都 千代田区 半蔵門駅 徒歩2分,"月給26万5,000円～42万円",公開していません,株式会社エー・アイ・エム スタッフ
株式会社トッカシステムズ,Web系インフラエンジニア,東京都 千代田区 神保町駅 徒歩3分,年収490万円～980万円,23日前,paiza転職
株式会社オンラインスクール,WEBシステムエンジニア,東京都 千代田区 水道橋駅 徒歩5分,年収450万円～650万円,17日前,Green
株式会社Goals,Webアプリエンジニア AI等を用いた外食産業支援SaaSのパイオニア,東京都 港区,年収500万円～858万円,14日前,doda
株式会社SALTO,webアプリケーションエンジニア～休暇平均132日／平均残業20時間～,東京都 新宿区,年収400万円～600万円,2日前,doda
株式会社リーディングマーク,Webエンジニア,東京都 港区 芝公園駅 徒歩8分,公開していません,2日前,CREATIVE JOB
株式会社ホワイトプラス,WEBアプリケーションエンジニア フロントエンド,東京都 品川区 五反田駅 徒歩10分,"年収500万円～1,200万円",公開していません,Green
株式会社アスコエパートナーズ,Webアプリエンジニア 自社サービス開発／マッキンゼー出身代表が起業／残業平均15時間,東京都 港区 神谷町駅,年収360万円～720万円,公開していません,doda
株式会社チカク,Webフロントエンドエンジニア,東京都 渋谷区 恵比寿駅 徒歩8分,"年収500万円～1,000万円",1日前,CREATIVE JOB
株式会社NOM,SE COBOLエンジニア又はC組み込みエンジニア又はWEB系エンジニア募集,東京都 墨田区 錦糸町駅 徒歩1分,月給50万円～120万円,公開していません,株式会社NOM
株式会社日本キャスト,Webエンジニア～20期以上連続黒字経営達成／教育制度充実～,東京都 千代田区 水道橋駅,年収406万円～706万円,公開していません,doda
セルプロモート株式会社,WEBアプリ開発エンジニア 在宅勤務可／残業10h／副業OK 福利厚生・フォロー充実,東京都 新宿区,年収350万円～450万円,5日前,doda
株式会社Liquid,Webフロントエンドエンジニア,東京都 千代田区 大手町駅,年収600万円～900万円,公開していません,U29JOB
株式会社YAZ,"札幌 Web開発エンジニア／""最先端""や""BtoC""案件の実績多数／残業平均は月20時間以内",東京都 渋谷区,年収400万円～850万円,10時間前,Green
株式会社ファンデリー,Ruby on Rails／React 積極採用中!自社サービス開発WEBエンジニア,東京都 北区 赤羽駅,年収500万円～700万円,公開していません,doda
ソニーペイメントサービス株式会社,WEBアプリケーションエンジニア,東京都 港区 白金高輪駅,年収500万円～900万円,21日前,doda
株式会社スマレジ,WEBエンジニア,東京都 渋谷区 恵比寿駅 徒歩7分,年収400万円～800万円,16時間前,CREATIVE JOB
株式会社プロシードエンタープライズ,プログラマー Webエンジニア,東京都,年収300万円～500万円,4日前,Green
コミュニケーションデータシステム株式会社,WEBシステム開発エンジニア,東京都 港区 赤羽橋駅 徒歩4分,年収400万円～600万円,6日前,Green
株式会社ダブルクロップ,Web開発エンジニア ～福利厚生充実・働きやすい社風～,東京都 渋谷区 渋谷駅,年収350万円～450万円,公開していません,doda
RESTAR株式会社,Webアプリケーションエンジニア,東京都 千代田区 神田駅 徒歩1分,年収400万円～800万円,1日前,Green
ソニーネットワークコミュニケーションズ株式会社,Web開発エンジニア,東京都 品川区 品川シーサイド駅 徒歩6分,"年収480万円～1,000万円",公開していません,paiza転職
アルティマーク株式会社,WEBアプリエンジニア／基本設計以上案件のみ／残業20h以内／エンド有,東京都 中央区 新富町駅,年収350万円～708万円,2日前,doda
株式会社クラウドワークス,Webアプリケーションエンジニア crowdworks.jp／Ruby on Rails ポジション,東京都 渋谷区 恵比寿駅 徒歩5分,年収450万円～900万円,14日前,Green
株式会社シー・エス・イー,Webシステム開発エンジニア ～創業50年老舗SIer／設立以降黒字経営／盤石で安定的な経営基盤～,東京都 渋谷区 渋谷駅,年収350万円～550万円,4日前,doda
株式会社オロ,バックエンドエンジニア／WEBアプリケーション開発,東京都 品川区 目黒駅,年収400万円～880万円,公開していません,doda
東急株式会社,Webフロントエンドエンジニア,東京都 渋谷区 渋谷駅 徒歩5分,"年収500万円～1,000万円",公開していません,U29JOB
株式会社insprout,Webアプリケーションエンジニア～残業10h以内／育休取得率100%／フレックスタイム制／自社開発,東京都 港区 麻布十番駅,年収420万円～960万円,公開していません,doda
株式会社情報戦略テクノロジー,Webアプリケーションエンジニア,東京都,"年収474万円～1,300万円",2日前,doda
株式会社プラスアルファ・コンサルティング,Webアプリケーション開発エンジニア,東京都 港区,年収450万円～700万円,公開していません,マイナビAGENT
株式会社PKSHA Communication,WEBアプリ開発エンジニア FAQソリューションのパイオニア企業,東京都 渋谷区 恵比寿駅 徒歩3分,年収530万円～700万円,公開していません,マイナビ転職
株式会社ボルテージ,Webアプリエンジニア,東京都 渋谷区 恵比寿駅 徒歩5分,"月給35万7,000円～",公開していません,U29JOB
株式会社リープソフト,Web開発エンジニア 9割自社内受託開発&プライム案件 年間休日125日,東京都 品川区 北品川駅,年収500万円～700万円,公開していません,doda
Sky株式会社,システムエンジニア Webアプリ開発の上流～開発工程／ターゲット機器のSW開発,東京都 港区 品川駅,"年収1,300万円～1,600万円",3日前,レバテックキャリア
AXIS合同会社,WEBデザイナー WEB制作／WEBデザイン エンジニア職,東京都 板橋区                                                                                                                                                                その他 (5),"時給1,400円～3,800円",11日前,AXIS合同会社
株式会社Crunch Style,WEBエンジニア,東京都 渋谷区 恵比寿駅 徒歩2分,年収400万円～700万円,公開していません,paiza転職
AI CROSS株式会社,Webアプリエンジニア,東京都 港区,年収600万円～900万円,公開していません,paiza転職
株式会社ストランザ,Webエンジニア,東京都 港区,年収400万円～600万円,公開していません,paiza転職
株式会社EN,観光DX及び自社プロダクトなどのWEB開発エンジニア,東京都 渋谷区 渋谷駅,年収450万円～700万円,2日前,株式会社EN
クオリティソフト株式会社,上級WEBアプリケーション開発エンジニア,東京都 千代田区 麹町駅 徒歩1分,年収600万円～,8時間前,Green
株式会社インフォネット,WEBシステムエンジニア,東京都 千代田区 大手町駅 徒歩1分,年収500万円～700万円,1日前,CREATIVE JOB
株式会社サイシード,インフラエンジニア／Webアプリケーションのインフラ設計・構築,東京都 新宿区 新宿駅,年収600万円～900万円,公開していません,doda
羽石株式会社,WEBエンジニア,東京都 台東区 浅草橋駅 徒歩5分,年収300万円～800万円,公開していません,キャリコネ転職
株式会社HRBrain,WEBエンジニア,東京都,"年収500万円～1,000万円",公開していません,Spring転職エージェント
xxx株式会社,Webエンジニア,東京都 渋谷区,年収400万円～550万円,公開していません,paiza転職
株式会社ネクスウェイ,Webアプリケーションエンジニア,東京都 江東区 豊洲駅 徒歩1分,年収492万円～774万円,公開していません,paiza転職
株式会社GxP,Web開発エンジニア,東京都 新宿区 新宿駅 徒歩8分,年収450万円～,公開していません,paiza転職
株式会社アイシーズ,Webエンジニア,東京都 千代田区 秋葉原駅 徒歩1分,月給25万円～50万円,公開していません,株式会社アイシーズ
マンパワーグループ株式会社,Webアプリ開発エンジニア,東京都 港区,年収310万円～996万円,20日前,paiza転職
メディアファイブ株式会社,webアプリ開発エンジニア 上流からお任せ 残業月平均10時間,東京都 中央区,年収650万円～800万円,公開していません,doda
ロードスターキャピタル株式会社,Webアプリケーションエンジニア,東京都 中央区 銀座一丁目駅,"年収600万円～1,000万円",公開していません,paiza転職
