株式会社ヒップ,Webエンジニア,"神奈川県 横浜市 横浜駅                                                                                                                                                                    




横浜駅の求人
をすべて見る


株式会社ヒップの求人
をすべて見る",年収400万円～600万円,公開していません,doda
エボラニ株式会社,Webエンジニア職 ～「LINE」から出資を受けるITベンチャー企業～,神奈川県 横浜市 新横浜駅,年収268万円～396万円,公開していません,doda
株式会社プリアップ,Webエンジニア・社内SE,神奈川県 横浜市 新横浜駅 徒歩8分,月給25万円～40万円,15時間前,かんたん応募
アピステクノロジー株式会社,Webエンジニア 情報システム,神奈川県 横浜市 センター南駅 徒歩2分,"時給1,700円～",公開していません,はたらくぞドットコム
株式会社ピー・アール・オー,WEBエンジニア・スマホアプリエンジニア・インフラエンジニア,神奈川県 横浜市 中区,月給19万円,公開していません,専門学校の就活 Career Map
株式会社プロジェクト・モード,Webエンジニア SaaSナレッジ共有ツール「NotePM」／100%自社／基本残業ゼロ,神奈川県 川崎市 新丸子駅,年収350万円～600万円,公開していません,doda
株式会社曙題工業 KKS Staffing Se...,Web系エンジニア,神奈川県 横浜市 中区,年収350万円～600万円,1日前,Workin.jp
株式会社SKPromotion,WEBデザイナー／WEBエンジニア 未経験からチャレンジ 好きなことを仕事に,神奈川県 川崎市 高津区,月給20万円～50万円,公開していません,かんたん応募
株式会社アベイル,WEBエンジニア 自社開発 アパレル業界向けサービス開発 残業3H程度 在宅勤務可,神奈川県 横浜市 センター南駅,年収420万円～600万円,公開していません,doda
株式会社シンクロジック,WEBエンジニア,神奈川県 横浜市 みなとみらい駅,年収300万円～600万円,公開していません,doda
株式会社マリノ,WEBエンジニア~圧倒的働きやすさ・年間20%残業時間削減～,神奈川県 横浜市 港北区,年収400万円～600万円,公開していません,doda
株式会社イクシス,WEBエンジニア,神奈川県 川崎市 新川崎駅,年収400万円～600万円,26日前,doda
株式会社イレブンラボ,Webエンジニア,神奈川県 川崎市 京急川崎駅 徒歩1分,年収400万円～480万円,25日前,paiza転職
株式会社三田ホールディングズ,社内WEBエンジニア,神奈川県 横浜市 関内駅,年収308万円～500万円,公開していません,doda
アライドテレシス株式会社,WEBアプリ開発エンジニア 自社サービス／中途入社者多数活躍／年間休日120日以上,神奈川県 横浜市 新横浜駅,年収350万円～650万円,10日前,doda
株式会社クルーバー,ジュニア:Webアプリケーション開発エンジニア,神奈川県 横浜市 青葉台駅 徒歩7分,年収400万円～600万円,18時間前,Green
株式会社ウィズパッション,経験者限定 士業向け集客サイトのWEBエンジニア インハウス／横浜,神奈川県 横浜市 馬車道駅 徒歩3分,年収450万円～600万円,17時間前,Green
株式会社ジェイエスピー,"Webエンジニア,アプリケーションエンジニア",神奈川県 横浜市,年収350万円～550万円,22日前,かんたん応募
ハマゴムエイコム株式会社,WEBアプリエンジニア,神奈川県 横浜市 西区,年収400万円～700万円,公開していません,U29JOB
アラテン株式会社,IT業界経験1年～／Web系システムエンジニア,神奈川県 横浜市 関内駅 徒歩2分,月給20万円～60万円,公開していません,かんたん応募
株式会社リンクス,WEB開発・アプリケーションエンジニア～プロジェクト充実／豊富なキャリアパスあり／副業可～,神奈川県,年収400万円～600万円,20日前,doda
DataLabs株式会社,Webアプリケーションエンジニア 創業二期目の3次元データ×急成長ベンチャー企業,神奈川県,"月給10万7,000円～",1日前,en ミドルの転職
株式会社DWARF PLANETオフィス,エンジニアファーストな会社で成果にこだわりたいWebエンジニアを大募集,神奈川県 川崎市 川崎駅 徒歩8分,月給25万円～50万円,公開していません,株式会社DWARF PLANET
株式会社アイルミッション,web開発エンジニア,神奈川県 横浜市 新横浜駅,年収500万円～800万円,公開していません,doda
株式会社インフォマティクス,Webフロントエンドエンジニア 創業40年の安定企業／退職金有／福利厚生充実,神奈川県 川崎市 幸区,公開していません,公開していません,マイナビAGENT
株式会社CLOCK・IT,WEBエンジニア,神奈川県,公開していません,公開していません,マイナビAGENT
株式会社エイム,Webアプリエンジニア／月平均残業30H以内 プライム案件／スタンダード市場上場,神奈川県 川崎市 高津駅,年収450万円～700万円,公開していません,doda
株式会社feat,Webアプリケーション開発エンジニア ～3年連続130%売上増／大手メーカー直取引 90%～,神奈川県,年収360万円～700万円,公開していません,Spring転職エージェント
株式会社システナ,WEB・オープン系エンジニア,神奈川県 横浜市 西区,年収450万円～800万円,23日前,doda
運営元 株式会社CLAYPLUS／神奈川県 採用...,Webサービス系エンジニア・プログラマ,神奈川県 横浜市,年収350万円～450万円,1日前,かんたん応募
株式会社robottte,Web エンジニア,神奈川県 横浜市 神奈川区,月給28万円,公開していません,HR MONSTER
セレンディップ・テクノロジーズ株式会社,SaaS型webアプリケーション開発! エンジニア 土日祝休,神奈川県,"月給23万2,000円～50万円",13日前,マイナビ転職
株式会社瑞起,WEBエンジニア,神奈川県 横浜市 新高島駅 徒歩3分,年収500万円～800万円,公開していません,paiza転職
クエスト・グローバル・ジャパン株式会社,Web開発エンジニア,神奈川県 厚木市,年収600万円～800万円,公開していません,doda
株式会社パラダイム・システムズ,WEBサービスエンジニア~業界No.1不動産クラウドSaaSサービス,神奈川県 横浜市 中区,年収450万円～650万円,24日前,doda
株式会社アウスタ,未経験からWEBエンジニア募集!技術を身につけてなりたい自分へ!／資格取得／研修完備／20代活躍中,神奈川県 川崎市 川崎区,月給21万円～40万円,公開していません,株式会社アウスタ
株式会社ProVision,スマホゲームやWEBサイトのテストエンジニア／9割が未経験スタート 研修充実 年休129日,神奈川県 横浜市 みなとみらい駅 徒歩5分,月給20万円～,28日前,エン転職
株式会社図研,Webシステム開発エンジニア～英語力が活かせる／在宅勤務制度有～,神奈川県 横浜市 都筑ふれあいの丘駅,年収397万円～643万円,10日前,doda
株式会社オープンアップシステム,Webエンジニア,神奈川県,月給27万円～60万円,13日前,type
Flat Holdings株式会社,Web開発エンジニア,神奈川県 横浜市 みなとみらい駅,年収400万円～700万円,22日前,paiza転職
株式会社スーパーワン,100%自社開発 WEBアプリ開発エンジニア／フルリモート可,神奈川県 横浜市,"月給25万2,000円～40万3,200円",8日前,リクナビNEXT
カルー株式会社,Webエンジニア,神奈川県 藤沢市 辻堂駅 徒歩5分,年収400万円～600万円,25日前,Green
株式会社クエスト,Webアプリケーションエンジニア 年間休日120日以上／有給休暇消化率70%／資格取得一時金あり,神奈川県 川崎市,年収480万円～800万円,公開していません,doda
株式会社ビズテック,Webエンジニア リーダー候補,神奈川県,年収350万円～900万円,公開していません,Green
株式会社ハイウェル,フリーランス／Ruby・PHP／コミュニケーションツールのWeb開発エンジニア募集,神奈川県 横浜市 西区,月給55万円～75万円,8日前,かんたん応募
AlphaTheta株式会社,自社クラウドサービスに関連するWebシステム開発エンジニア,神奈川県 横浜市 新高島駅,年収400万円～800万円,公開していません,doda
ソプラ株式会社,Web・業務系システムエンジニア,神奈川県,年収340万円～600万円,公開していません,doda
株式会社トランスコスモス・デジタル・テクノロジー,Webシステム開発エンジニア 大手企業のプライム案件多数／トランスコスモスグループ,神奈川県 横浜市 横浜駅,年収400万円～800万円,22日前,doda
株式会社ワタナベ,Webデザイナー／エンジニア職,神奈川県 横浜市 港北区,月給25万円～48万円,公開していません,株式会社ワタナベ
株式会社サンアーチ,教えます!未経験から目指せる! WEB開発・NWエンジニア,神奈川県 横浜市,月給22万円～,7日前,リクナビNEXT
株式会社イマプレ,WEBテスト エンジニア 経験不問,神奈川県,月給20万円～50万円,公開していません,かんたん応募
株式会社i-Vinci,Webエンジニア、プログラマー,神奈川県,年収400万円～,23日前,paiza転職
株式会社リーデックス,Web／業務アプリエンジニア募集!プライベートをがっつり重視も大歓迎,神奈川県,年収400万円～,9日前,en ミドルの転職
株式会社インフィニ・エイト,IT／Webエンジニア 未経験OK! 応募者全員面接 研修最大3ヶ月 年休125日,神奈川県,月給18万円～,2日前,女の転職type
パーソルエクセルHRパートナーズ株式会社 テクニ...,Web・オープン系システムエンジニア／サービス,神奈川県 横浜市 戸塚駅 徒歩5分                                                                                                                                                                その他 (3),"時給2,800円～3,000円",5日前,バイトルPRO
株式会社エー・アンド・ビー・コンピュータ,希望の開発プロジェクトでキャリアアップ web開発エンジニア,神奈川県,月給25万円～80万円,9日前,マイナビ転職
株式会社日立ソリューションズ,パブリッククラウド基盤構築エンジニア ～Web面接・在宅勤務可／日立GのSI事業の中核企業～,神奈川県 横浜市 戸塚区,年収400万円～700万円,公開していません,doda
株式会社Caelus,20代活躍中!Web／オープン系エンジニア,神奈川県 横浜市,月給26万円,5日前,リクナビNEXT
株式会社エデルタ,Web開発エンジニア,神奈川県 横浜市 みなとみらい駅,月給28万円～,5日前,en ミドルの転職
グッドビー株式会社,Web開発エンジニア,神奈川県 相模原市 相模原駅 徒歩12分,月給25万円～,23日前,type
株式会社アリベル,WEB系・オープン系エンジニア ストレス負荷が無い人間関係とワークライフバランスが強み,神奈川県,年収400万円～800万円,公開していません,かんたん応募
株式会社ワンダーツリー,Webエンジニア／年休130日～／案件多／未経験・経験者歓迎,神奈川県,月給26万円～60万円,公開していません,doda
バウンディア合同会社,Webデザイナー、UIエンジニア 神奈川・千葉・埼玉,神奈川県,年収400万円～800万円,1日前,Green
ソリッドシード株式会社,Web・オープン系エンジニア,神奈川県,年収320万円～720万円,3日前,Green
株式会社コードダイナミクス,WEB面談可 ITエンジニア 土日祝休み,神奈川県 横浜市 新横浜駅 徒歩1分,月給21万円～,20日前,マイナビ転職
株式会社ファーンリッジ・ジャパン,WEB系開発エンジニア,神奈川県,"月給25万円～41万7,000円",14時間前,U29JOB
株式会社ヒューマンウェイブ,Web・オープン系システムエンジニア／通信・インターネット・ソフトウェア,神奈川県 横浜市 横浜駅,月給17万円～45万円,公開していません,バイトルPRO
株式会社FAIR NEXT INNOVATION...,WEB系開発エンジニア／経験浅サポート～フルスタックに挑戦,神奈川県 川崎市 高津区                                                                                                                                                                その他 (20),"月給32万7,000円～54万1,000円",12日前,fromAnavi
トーテックアメニティ株式会社,WEB開発システムエンジニア,神奈川県,月給25万円～,公開していません,U29JOB
FTL株式会社,Webエンジニア 最新,神奈川県 藤沢市 本鵠沼駅 徒歩5分,年収360万円～800万円,11日前,Green
株式会社マッシュ,Web・オープン系システムエンジニア,神奈川県 横浜市 横浜駅 徒歩7分,月給30万円～80万円,公開していません,ハローワーク横浜
株式会社ジッテ,Webフロントエンドエンジニア 128休日 残業平均20H 大手企業と取引多数,神奈川県 横浜市 西区,年収450万円～600万円,25日前,リクルートエージェント
株式会社ステップITソリューション,WEB系C言語エンジニア リモートOK／平均残業15h以内／アサイン先選べます,神奈川県,月給25万円～45万円,20日前,かんたん応募
ペネトレイト・オブ・リミット株式会社,オープン・Webエンジニア・IT統制,神奈川県,年収420万円～600万円,18時間前,Green
株式会社OKUSYSTEM,WEB開発エンジニア,神奈川県,年収280万円～400万円,公開していません,U29JOB
株式会社テイクス,Webエンジニア,神奈川県 横浜市 横浜駅 徒歩3分,月給25万円～60万円,公開していません,ハローワーク横浜
株式会社ユニゾン・テクノロジー,アプリ／Web／ITエンジニア,神奈川県 川崎市 川崎駅 徒歩3分,月給25万円～32万円,8日前,かんたん応募
株式会社ボールド,Webエンジニア,神奈川県,年収400万円～600万円,公開していません,paiza転職
株式会社VITA,リーダー／リーダー候補 WEBアプリ開発エンジニア,神奈川県,年収480万円～800万円,29日前,Green
株式会社LiVrA,横浜ITベンチャーでWEB&インフラエンジニア募集,神奈川県 横浜市 新横浜駅 徒歩12分,月給21万円～65万円,公開していません,かんたん応募
株式会社EMI,Webデザイナー／エンジニア,神奈川県 横浜市 西区,"時給1,500円～4,000円",15日前,株式会社EMI
株式会社ベオスアイティーホールディングス,既卒歓迎／ITプログラマ／Webエンジニア／未経験からITスペシャリストへ転身,神奈川県,年収300万円～800万円,12日前,Re就活
株式会社SHT,WEB系システムエンジニア,神奈川県,年収550万円～700万円,公開していません,U29JOB
株式会社ベリアント,Web系開発エンジニア,神奈川県,月給22万円～58万円,公開していません,ハローワーク足立
株式会社エルシーエス,エンジニア・Webプログラマ 神奈川,神奈川県 横浜市 蒔田駅 徒歩11分,公開していません,11日前,Green
フィット産業株式会社,Web系システムエンジニア,神奈川県 横浜市 横浜駅 徒歩4分,月給27万円～50万円,公開していません,ハローワーク横浜
Vareal株式会社,Webシステムエンジニア ～リモートOK／受託・自社内開発／Rubyのフルスタック開発が強み,神奈川県,年収400万円～700万円,公開していません,Vareal株式会社
株式会社CLOCK・ON,WEB開発エンジニア,神奈川県,年収300万円～720万円,20時間前,Green
株式会社B・P・S,今月応募者に入社祝金30万支給 業務、オープン・Web系エンジニア,神奈川県,月給27万円～50万円,公開していません,PROSEEK
株式会社フェイス,Webアプリエンジニア／プライム市場上場企業,神奈川県,年収264万円～450万円,公開していません,Spring転職エージェント
株式会社リック,Web開発エンジニア,神奈川県 横浜市 関内駅 徒歩5分,"年収450万円～1,000万円",公開していません,paiza転職
株式会社エクシオジャパン,プログラマー WEBアプリケーション開発エンジニア,神奈川県 横浜市 西区,年収800万円,公開していません,株式会社エクシオジャパン
SGフィルダー株式会社,経験を活かしてステップアップできるWeb・オープン系エンジニア,神奈川県 横浜市 鶴見区,月給25万円～35万円,22日前,かんたん応募
株式会社フレーム,業界未経験歓迎 IT技術を身に付けたい方／SE／エンジニア／Web／開発／インフラエンジニア,神奈川県 川崎市 川崎区,月給25万円～40万円,公開していません,株式会社フレーム
株式会社ケイマックス,Webエンジニア職,神奈川県 海老名市 海老名駅,"月給28万8,000円～39万6,000円",22日前,ハローワーク厚木
株式会社パワーハウス,Web・オープン系エンジニア,神奈川県,年収350万円～430万円,公開していません,paiza転職
株式会社ソフトサービス,Web・オープン系システムエンジニア／Web／IT,神奈川県,月給22万円～40万円,公開していません,バイトルPRO
日本IDS株式会社,オープン・Web系エンジニア募集／中途採用,神奈川県,月給30万円～70万円,6時間前,かんたん応募
エイビースタッフ株式会社,WEBアプリケーションエンジニア,神奈川県 横浜市 磯子区,月給21万円～44万円,15時間前,かんたん応募
株式会社ポライトファン,システムエンジニア ネットワークエンジニア WEBデザイナー,神奈川県 相模原市 南区,"月給21万5,000円～45万円",17時間前,株式会社ポライトファン
グラビティ株式会社,ハードウェア 設計開発エンジニア・WEB面接可能,神奈川県 厚木市,年収400万円～600万円,3日前,イーキャリアFA
株式会社コーエーテクモゲームス,Webエンジニア／アプリケーションエンジニア,神奈川県 横浜市 みなとみらい駅 徒歩5分,年収450万円,3時間前,IMAGICA DIGITALSCAPE
株式会社アクロクレイン 東京オフィス,Webエンジニア 完全週休2日 育成注力中! リモート有,神奈川県 横浜市 鶴見区,年収350万円～500万円,2日前,女の転職type
株式会社LUXAS,WEBアプリケーションエンジニア,神奈川県 大和市                                                                                                                                                                その他 (20),月給21万円～44万円,5日前,かんたん応募
株式会社利達ソフト,WEB系／システムエンジニア／若手歓迎,神奈川県,年収350万円～800万円,1日前,株式会社テザリング
株式会社テクノプロ・デザイン,WEB系／業務系エンジニア,神奈川県,年収350万円～700万円,1日前,エージェントパーク
横須賀ソフトウェア株式会社,Web開発エンジニア 安心のチーム制／残業10h程／年間休日122日,神奈川県 横須賀市 県立大学駅 徒歩3分,月給23万円～,8日前,マイナビ転職
株式会社ブレーンナレッジシステムズ,ITエンジニア Web・オープン・組込み系システム・イ,神奈川県 横浜市 西区,年収350万円～650万円,9日前,かんたん応募
ビズブースト株式会社,WEB面接可 AWSエンジニア フルリモート可／新規クラウド責任者候補者募集,神奈川県 川崎市 高津区,"年収600万円～1,000万円",7日前,リクルートエージェント
三井不動産ファシリティーズ株式会社,三井不動産グループのビル管理／保守エンジニア Web選考実施,神奈川県 横浜市,"月給20万3,000円～",20日前,リクナビNEXT
株式会社オルトス,Web・オープン系システムエンジニア／Web／IT,神奈川県 横浜市 横浜駅 徒歩5分,月給27万円～40万円,15日前,バイトルPRO
テンル株式会社,webオープン系エンジニア,神奈川県 横浜市 中区,月給30万円～70万円,22日前,かんたん応募
合同会社increase,WEBデザイナー／エンジニア／未経験歓迎,神奈川県 川崎市 中原区,月給20万円～28万円,24日前,かんたん応募
Hamee株式会社,Webアプリ開発エンジニア／小田原勤務／SIer出身の方歓迎,神奈川県 小田原市 小田原駅,"年収606万円～1,000万円",20日前,Geekly
株式会社未来ボックス,"Webエンジニア,その他,プロジェクトマネージャー,リーダー",神奈川県 横浜市,月給33万円～,22日前,かんたん応募
図研テック株式会社,アプリケーションエンジニア Webアプリケーションの設計・開発,神奈川県 横浜市 新横浜駅,年収400万円～600万円,16日前,レバテックキャリア
株式会社HOIPOI,Webエンジニア,神奈川県 横浜市 横浜駅,年収600万円～700万円,20日前,Geekly
nmsエンジニアリング株式会社,汎用系システムエンジニア／Web／IT,神奈川県 横浜市 関内駅,年収300万円～,20日前,バイトルPRO
株式会社dcWORKS,Web・スマホアプリエンジニア,神奈川県 横浜市 石川町駅,"年収305万円～1,335万円",20日前,Geekly
株式会社マイスターエンジニアリング,神奈川 配管設計 どんな時代も生き残るエンジニアに／WEB面接可,神奈川県 横浜市 西区,年収500万円～700万円,24日前,リクルートエージェント
株式会社イノベーションワーキングカンパニー,WEB系エンジニア／WEB戦略を企画提案から開発まで,神奈川県 川崎市 幸区,年収250万円～550万円,23日前,マイナビ転職エージェントサーチ
株式会社堀場テクノサービス,自動車計測装置のフィールドエンジニア／WEB面接可能,神奈川県 横浜市 港北区,年収400万円～600万円,24日前,リクルートエージェント
株式会社Y&K Narita Internati...,webプログラマー システムエンジニア 完全在宅ワーク,神奈川県 横浜市,"月給30万6,051円～55万1,479円",29日前,かんたん応募
株式会社アクア,Web・オープン系システムエンジニア／不動産・建築,神奈川県 横浜市 新横浜駅 徒歩2分,年収320万円～720万円,23日前,バイトルPRO
株式会社システムリンク,Web・オープン系システムエンジニア／Web／IT,神奈川県 横浜市 金沢区,月給22万円～,28日前,バイトルPRO
株式会社ラフール,Webアプリエンジニア,神奈川県,月給45万円～59万円,24日前,エンジニアHubキャリア
合同会社A×C,WEBデザイン／WEBエンジニア・完全週休二日制・土日祝休み・プライベート充実,神奈川県 横浜市 保土ケ谷区,"時給1,500円～4,000円",10時間前,合同会社A×C
株式会社村田製作所,商品技術業務・セールスエンジニア／WEB面接可,神奈川県 横浜市 西区,年収435万円～900万円,公開していません,リクルートエージェント
三菱電機株式会社,神奈川／セキュリティエンジニア／WEB面接可,神奈川県 鎌倉市,"年収400万円～1,000万円",24日前,リクルートエージェント
SC-ConsultingLLC,SE アプリケーションエンジニア／プログラマ WEBアプリケーション 業務系アプリケーション,神奈川県 横浜市 西区,月給28万円～70万円,2日前,SC-ConsultingLLC
株式会社テクノエージェント,Web・オープン系システムエンジニア／通信・インターネット・ソフトウェア,神奈川県 川崎市 宮崎台駅 徒歩5分                                                                                                                                                                その他 (5),"時給2,500円～",公開していません,バイトルPRO
株式会社ハイマックス,211 Web面接／インフラエンジニア プライム市場上場の安定経営／福利厚生充実,神奈川県,年収400万円～480万円,26日前,リクルートエージェント
株式会社インフォパーク,Web・オープン系システムエンジニア／Web／IT,神奈川県 横浜市 中区,月給25万円～50万円,公開していません,バイトルPRO
株式会社ライフイズ,プログラマー 未経験からWEBエンジニアにチャレンジ,神奈川県 横浜市 中区,月給27万円～39万円,1日前,株式会社ライフイズ
株式会社オリエンタルインフォーメイションサービス,WEBエンジニア 大手G案件／アプリ設計・開発・テストまで担当,神奈川県 横浜市 西区,年収400万円～600万円,公開していません,リクルートエージェント
株式会社アイシーオー,横浜・WEBアプリケーションソフト開発エンジニア 取引先常駐,神奈川県 横浜市 西区,年収400万円～630万円,公開していません,リクルートエージェント
株式会社SPICA,プログラマー・Web系エンジニア職募集!未経験者歓迎,神奈川県 川崎市 川崎区,月給20万円～40万円,7日前,株式会社SPICA
ApexSolution合同会社,WEBデザイナー WEBデザイナーエンジニア,神奈川県 横浜市 西区,月給26万円～50万円,9日前,ApexSolution合同会社
ソーシャルデータバンク株式会社,Webジュニアアプリケーションエンジニア,神奈川県 横浜市 港北区,年収400万円～600万円,5日前,Green
株式会社ケーアンドエス,プログラマー・Web系エンジニア職募集!未経験者歓迎,神奈川県 横浜市 西区                                                                                                                                                                その他 (3),月給20万円～40万円,12日前,株式会社ケーアンドエス
株式会社マイクロネット,Web・オープン系システムエンジニア／アプリ開発,神奈川県 川崎市 川崎駅 徒歩15分,"月給20万6,500円～36万円",公開していません,バイトルPRO
株式会社アルゴビジネスサービス,Web・オープン系システムエンジニア／製造・メーカー,神奈川県 厚木市 本厚木駅 バス10分,"時給2,600円",公開していません,バイトルPRO
ベース株式会社,WEB面接可 システムエンジニア 銀行勘定系／東証一部上場,神奈川県,年収500万円～850万円,公開していません,リクルートエージェント
株式会社エボラブルアジアエージェント,Webアプリ開発エンジニア／intra-mart,神奈川県,年収400万円～700万円,15日前,株式会社エボラブルアジアエージェント
株式会社ジャスト,WEBエンジニア タテログ,神奈川県 横浜市 江田駅 徒歩3分,年収450万円～800万円,7日前,Green
株式会社花田商店,育成採用／フロントwebデザインエンジニア／残業なし／HTML／CSS,神奈川県 厚木市,月給25万円～55万円,15日前,株式会社花田商店
株式会社Ligato,プログラマー・Web系エンジニア職募集!未経験者歓迎,神奈川県 横浜市 西区,月給20万円～40万円,15日前,株式会社Ligato
日本トライスタイル株式会社,Web・オープン系システムエンジニア／Web／IT,神奈川県,月給25万円～45万円,公開していません,バイトルPRO
株式会社フルクラム,Web・オープン系システムエンジニア／通信・インターネット・ソフトウェア,神奈川県 横浜市 桜木町駅 徒歩1分,"月給23万1,000円～27万円",公開していません,バイトルPRO
株式会社SOUNE,WEBデザイナー Webデザイナー／エンジニア,神奈川県 横浜市 横浜駅 徒歩6分,"時給1,500円～2,800円",12日前,株式会社SOUNE
株式会社free mova,年収～650万円 リモート相談可 WEBオープン系エンジニア,神奈川県,年収350万円～650万円,公開していません,神奈川エンジニア求人JOB
株式会社MTTH,プログラマー・Web系エンジニア職募集!未経験者歓迎,神奈川県 横浜市 中区,公開していません,15日前,株式会社MTTH
株式会社ティー・エム・シー,WEBエンジニア・システムエンジニア,神奈川県 横須賀市 追浜駅 徒歩8分,"月給18万1,000円～30万円",22日前,ハローワーク横浜南
株式会社4COLORS,WEBアプリケーション／バックエンドエンジニア 転勤無し／在宅勤務可,神奈川県 横浜市 神奈川区,年収500万円～800万円,公開していません,リクルートエージェント
株式会社聖コーポレーション,Web系エンジニア,神奈川県,月給50万円～,公開していません,PROSEEK
合同会社春名,プログラマー・Web系エンジニア職募集!未経験者歓迎,神奈川県 鎌倉市                                                                                                                                                                その他 (3),月給20万円～40万円,27日前,合同会社春名
株式会社ダイコーIWS,WEB面接可 インフラエンジニア プライム案件多数／先進技術チャレンジの機会,神奈川県,年収300万円～550万円,公開していません,リクルートエージェント
株式会社アイ・ピー・エル,Webアプリ開発エンジニア,神奈川県 厚木市 本厚木駅 徒歩7分,月給25万円～,公開していません,U29JOB
ジャパニアス株式会社,WEB・アプリ開発エンジニア,神奈川県,年収300万円～400万円,公開していません,U29JOB
新明和ソフトテクノロジ株式会社,Web・オープン系システムエンジニア／通信・インターネット・ソフトウェア,神奈川県 川崎市,年収450万円～600万円,公開していません,バイトルPRO
Person's株式会社,Web・オープン系システムエンジニア／通信・インターネット・ソフトウェア,神奈川県 川崎市 武蔵小杉駅 徒歩5分,月給22万円～40万円,公開していません,バイトルPRO
株式会社ビー・グルーヴ,Web・オープン系システムエンジニア／Web／IT,神奈川県 横浜市 港北区,月給80万円～100万円,公開していません,バイトルPRO
株式会社Crescent,プログラマー・Web系エンジニア職募集!未経験者歓迎,神奈川県 横浜市 西区,月給20万円～40万円,27日前,株式会社Crescent
株式会社USEFULHOUSE,Web・オープン系システムエンジニア／通信・インターネット・ソフトウェア,神奈川県 横浜市 横浜駅 徒歩3分,月給30万円～,公開していません,バイトルPRO
メゾンドサラダLLC,WEBデザイナーエンジニア,神奈川県 横浜市 港北区,月給23万円～46万円,公開していません,メゾンドサラダLLC
株式会社ゲート,WEBデザインフロントエンドエンジニア,神奈川県 横浜市 西区,月給26万円～55万円,公開していません,株式会社ゲート
リスタートソリューション合同会社,研修付き!ITエンジニア、プログラマー／ウェブライター大募集,神奈川県 横浜市 桜木町駅,月給40万円～70万円,公開していません,かんたん応募
株式会社ティーイーシーシステム,ITエンジニア／システムエンジニア／WEBエンジニア,神奈川県,月給26万円～70万円,公開していません,かんたん応募
株式会社エーエスジャパン,業務系WEBアプリ開発エンジニア,神奈川県 横浜市 京急新子安駅 徒歩10分,月給25万円～45万円,公開していません,ハローワーク王子
株式会社Education,WEBエンジニア職,神奈川県 横浜市 西区,月給25万円～35万円,公開していません,株式会社Education
株式会社ソフトガーデン,WEBシステム開発エンジニア,神奈川県 横浜市 桜木町駅 徒歩1分,"月給25万5,000円～40万円",公開していません,ハローワーク港北
株式会社テラ,WEBアプリ開発エンジニア,神奈川県 鎌倉市 鎌倉駅 徒歩5分,"年収500万円～1,500万円",公開していません,U29JOB
Tree Financial株式会社,未経験OK!手に職つけられるWEBエンジニア,神奈川県 横浜市,月給25万円～,公開していません,Tree Financial株式会社
株式会社ブイ・クルーズ,Webエンジニア／プログラマー募集中! 我こそは!という方は是非御覧ください。,神奈川県 横浜市 桜木町駅 徒歩8分,月給20万円～,公開していません,株式会社ブイ・クルーズ
株式会社ビー・シー・シー,WEBシステム開発エンジニア,神奈川県 横浜市 横浜駅 徒歩4分,月給25万円～50万円,公開していません,ハローワーク横浜
株式会社エイアンドティ,Webサービスエンジニアを募集しています,神奈川県,年収300万円～600万円,公開していません,かんたん応募
株式会社紅輪,WEBサイト制作エンジニア サポート業務,神奈川県 川崎市 高津駅 徒歩10分,"時給1,050円～1,800円",公開していません,まるやま・京彩グループ
株式会社べスコ,Web系システムエンジニア,神奈川県 横浜市 横浜駅 徒歩5分,"月給18万円～35万6,000円",公開していません,ハローワーク横浜
株式会社ユービー,Webエンジニア,神奈川県 横浜市 横浜駅 徒歩5分,月給20万円～28万円,公開していません,ハローワーク横浜
株式会社Varios,未経験OK 手に職つけるWEBエンジニア／土日祝休み,神奈川県 横浜市,月給25万円～,公開していません,株式会社Varios
株式会社麻布管理,Web・アプリ・ITエンジニア／研修制度整っております! 就職まですべてオンライン,神奈川県 横浜市 西区,月給25万円～,公開していません,株式会社麻布管理
KSW株式会社,Web系開発エンジニア,神奈川県 藤沢市 長後駅 徒歩17分,月給30万円～50万円,公開していません,ハローワーク藤沢
株式会社テック・エス・シー,オープン系・組込み系開発エンジニア／プログラマー／WEB・オープン・モバイル系,神奈川県,年収350万円～550万円,公開していません,WACTIVE
株式会社タスクフォース,WEB・オープン系エンジニア,神奈川県 横浜市 新横浜駅 徒歩5分,"月給19万7,000円～27万3,000円",公開していません,ハローワーク港北
株式会社サンアイエンジニアリング,Web・オープン系 ITエンジニア,神奈川県 川崎市 川崎駅 徒歩5分,"月給21万500円～35万2,900円",公開していません,株式会社サンアイエンジニアリング
株式会社タスクフォース・本社,WEB系エンジニア,神奈川県 横浜市 新横浜駅 徒歩5分,月給26万円～,公開していません,株式会社タスクフォース
株式会社ニューロンネットワーク,Webシステム開発エンジニア リーダー候補募集,神奈川県 横浜市 中区,月給35万円～,公開していません,株式会社ニューロンネットワーク
アトリエ gumi,Webデザイナー、UIエンジニア,神奈川県 横浜市 南区,"時給1,012円～",公開していません,アトリエ gumi
株式会社ティーエーシーホールディングス 神奈川県...,Web・オープン系エンジニア,神奈川県 横浜市 横浜駅 徒歩5分,月給21万円～45万円,公開していません,株式会社ティーエーシーホールディングス
日本ウェブサービス株式会社,Web系システムエンジニア 賞与3回・年金3階建・ホワイト企業,神奈川県,月給28万円～,公開していません,PROSEEK
株式会社なつみ,関東郊外でのんびり通勤! WEBエンジニア募集。仕事とプライベートの両立ができる,神奈川県 海老名市 海老名駅,年収360万円～600万円,公開していません,かんたん応募
株式会社ゼストテクノ,自動車外装設計エンジニア WEB面接OK,神奈川県 厚木市 愛甲石田駅,月給25万円～50万円,公開していません,株式会社ゼストテクノ
株式会社YCMリアルエステートインターナショナル,ゲームテスター／デバッガー Web・アプリ・ITエンジニア,神奈川県 横浜市 西区,月給25万円～,公開していません,株式会社YCMリアルエステートインターナショナル
株式会社JOB HOPE,Web・オープン系エンジニア,神奈川県 横浜市,月給21万円～,公開していません,株式会社JOB HOPE
株式会社アトムシステム,Web面接可 インフラエンジニア,神奈川県 藤沢市 藤沢駅 徒歩3分,年収270万円～500万円,公開していません,株式会社アトムシステム
株式会社キャッツ,業務システム Webエンジニア,神奈川県 横浜市 保土ケ谷駅,月給25万円～48万円,公開していません,株式会社キャッツ
株式会社エス・イー・プロジェクト,Web系システムエンジニア,神奈川県 川崎市 武蔵新城駅 徒歩15分,月給20万円～40万円,公開していません,株式会社エス・イー・プロジェクト
株式会社リーベルタース,業界未経験歓迎／安心して始められる研修あり／システムエンジニア／Webシステムアプリのプログラミング,神奈川県 横浜市 西区,月給30万円～60万円,公開していません,株式会社リーベルタース
株式会社with,Web系開発エンジニア,神奈川県 横浜市 桜木町駅 徒歩1分,年収350万円～450万円,公開していません,株式会社with
株式会社SNJAPAN,急募!ゲーム・webエンジニア大募集,神奈川県 横浜市 西区,月給25万円～40万円,公開していません,株式会社SNJAPAN
株式会社ティーピーエス,Webエンジニア,神奈川県,月給23万円～55万円,公開していません,株式会社ティーピーエス
株式会社Billage,WEBアプリケーション開発エンジニア,神奈川県 横浜市 西区,年収350万円～600万円,公開していません,株式会社Billage
株式会社アイシーズ,2023 新卒採用 ソフトウェア,神奈川県,月給21万円～23万円,公開していません,リクナビ2023
プライム・ストラテジー株式会社,フルリモート／エンジニア 自社プロダクト!世界展開中の「KUSANAGI」の機能開発業務,神奈川県,年収500万円～800万円,1日前,en ミドルの転職
株式会社クロスアクティブ,2023 新卒採用 情報処理,神奈川県,"月給20万6,300円",公開していません,リクナビ2023
PRSホールディングス株式会社,Webデザイナー,神奈川県,月給23万円～60万円,16日前,type
株式会社AirEraテクノロジー,Webデザイナー,神奈川県,月給23万円～60万円,13日前,type
OWNDAYS株式会社,2023 新卒採用 専門店／服飾雑貨・繊維製品・貴金属,神奈川県,月給21万円～25万円,公開していません,リクナビ2023
株式会社リクルートネット,初級エンジニア／IT事務・テスター・総務～未経験歓迎 在宅可,神奈川県 横浜市,月給19万円～60万円,27日前,リクナビNEXT
LiBERO株式会社,Web総合職 リモート研修・自社開発有,神奈川県,月給20万円～30万円,19日前,doda
株式会社ベイストリーム,2023 新卒採用 ソフトウェア,神奈川県 横浜市 日ノ出町駅 徒歩4分,月給21万円～23万円,公開していません,リクナビ2023
株式会社しいの食品,社内システム運用・開発スタッフ,神奈川県 小田原市 螢田駅 車5分,"月給20万9,000円～27万円",8日前,株式会社しいの食品
株式会社Vuetech,WEB総合職 未経験スタート多数,神奈川県 横浜市,月給20万円～25万円,21日前,リクナビNEXT
株式会社システム・サイエンス,2023 新卒採用 ソフトウェア,神奈川県 横浜市,月給20万円～21万円,公開していません,リクナビ2023
株式会社人材総合サービス,2023 新卒採用 インターネット関連,神奈川県,月給22万円,公開していません,リクナビ2023
株式会社Level Frontier,Webデザイナー,神奈川県,月給23万円～50万円,6日前,type
Wematch,リサーチャー・データサイエンティスト,神奈川県 藤沢市,年収216万円～500万円,14時間前,かんたん応募
株式会社ラグザイア,プログラマー／システムエンジニア,神奈川県,年収276万円～,公開していません,TalentHub
株式会社マリモ・グローバル・テクノロジー,入社祝金30万円 前職給与保証 ITエンジニア 年間休日125日,神奈川県,月給25万円～,公開していません,マイナビ転職
株式会社ヴィックスエイジ,アプリエンジニア 大規模金融システム案件におけるコンサルティング,神奈川県,年収300万円～500万円,公開していません,TalentHub
株式会社WealSoft,リモートワーク可能 フロントエンジニア,神奈川県 横浜市 みなとみらい駅 徒歩5分,月給33万円～,20日前,マイナビ転職
株式会社エイト,第二新卒OK 開発エンジニア リモート勤務OK／大手企業との取引実績多数,神奈川県,年収300万円～400万円,公開していません,リクルートエージェント
コニカミノルタジャパン株式会社,2023 新卒採用 商社／事務機器・OA関連,神奈川県,"月給22万8,550円",公開していません,リクナビ2023
株式会社コロワイド,メニュー制作,神奈川県 横浜市 馬車道駅 徒歩3分,年収330万円～400万円,6時間前,CREATIVE JOB
株式会社ブリーズUSER,PC苦手でも一人前のエンジニアになれる／ITサポート・事務,神奈川県 横浜市,月給21万円～,19日前,リクナビNEXT
株式会社コンフィデンス,ゲームクリエイター総合職／企画・デザイン等／ゲーム案件のみ,神奈川県 横浜市,月給22万円～70万円,5日前,リクナビNEXT
株式会社データ・エージェンシー,"市場価値の高い ""データエンジニア""へキャリアチェンジ",神奈川県,年収400万円～800万円,公開していません,かんたん応募
"神奈川県藤沢市藤沢のIT・インターネット・通信,...","リサーチャー・データサイエンティスト, その他エンジニア関連, マーケティング／01so",神奈川県 藤沢市,年収216万円～500万円,19日前,ふれつり転職相談
リバミー株式会社,ITサポート事務,神奈川県,年収240万円～480万円,18日前,Green
サイバーステップ株式会社,2023 新卒採用 ゲームソフト,神奈川県,"月給17万4,900円～25万円",9日前,リクナビ2023
株式会社カヤック,面白プロデュース事業部 バックエンドエンジニア,神奈川県 鎌倉市 鎌倉駅 徒歩1分,公開していません,20日前,CREATIVE JOB
Y&I Group株式会社,Web系総合職,神奈川県 横浜市 青葉台駅,月給22万円～,公開していません,doda
株式会社ソラボ,ソフトウェア設計・開発,神奈川県,公開していません,29日前,べティ
エンジニアファースト,60代50代活躍中・ITエンジニア募集・開発言語不問・SE／PG／PM／PMO／テスター／インフラ,神奈川県 藤沢市 藤沢駅 徒歩5分,年収500万円～,公開していません,かんたん応募
株式会社フォトシンス,プロダクトビジョンの実現や事業成長を牽引するPdM募集,神奈川県,"年収700万円～1,500万円",9日前,en ミドルの転職
Micoworks株式会社,PdM候補,神奈川県,"年収800万円～1,200万円",公開していません,Spring転職エージェント
株式会社クラウンプロモーション,未経験から始める 初級エンジニア 面接1回で内定も可能,神奈川県,月給20万円～,2日前,マイナビ転職
パーソルプロセス&テクノロジー株式会社,156  SSOL 派遣事業系パーソルグループ向けプライムSI／IT戦略立案・企画から、設計・構築,神奈川県,年収450万円～860万円,公開していません,Spring転職エージェント
株式会社かるてぽすと,逗子／Webディレクター 医療科学分野支えるクリエイティブエージェンシー,神奈川県 逗子市,年収300万円～450万円,公開していません,リクルートエージェント
フロンティアリンク株式会社,サービス管理責任者／就労移行支援サービス／年間休日120日以上,神奈川県 横浜市 関内駅 徒歩3分,年収300万円～420万円,2日前,doda
株式会社ヴィセント,ITエンジニア／経験者大歓迎／未経験OK!安心の研修制度あり,神奈川県,月給23万円,20日前,doda
株式会社ディー･エヌ･エー,VoicePococha Flutterエンジニア,神奈川県 横浜市 関内駅 徒歩2分,"月給29万4,167円～125万円",6時間前,CREATIVE JOB
イチアール株式会社,ネットワークエンジニア,神奈川県,年収400万円～650万円,37分前,CREATIVE JOB
ダイバージェンス株式会社,IT総合職,神奈川県,月給33万円～80万円,6時間前,イーキャリア
株式会社blue,Webデザイナー／完全未経験スタートOK／年休125日以上,神奈川県,月給20万円～50万円,3日前,doda
株式会社クオーレ,リモート案件あり／希望案件考慮／福利厚生充実,神奈川県,公開していません,公開していません,マイナビAGENT
トライアロー株式会社,ITエンジニア,神奈川県,月給27万円～45万円,5日前,かんたん応募
大連誠思科技日本株式会社,システムエンジニア 第二新卒歓迎 IFS AsiaでNo.1顧客満足度を目指します,神奈川県 横浜市 港北区,公開していません,公開していません,マイナビAGENT
ティアンドエス株式会社,SE職／土日祝休み／残業月5～20時間程度,神奈川県 横浜市,月給24万円～50万円,4日前,doda
NOK株式会社,データベース・アプリケーション開発 プライム上場／国内トップシェア,神奈川県 藤沢市,年収400万円～800万円,公開していません,マイナビAGENT
株式会社フルネス,IT講師,神奈川県,公開していません,公開していません,マイナビAGENT
リファラスタイル,IT／SE,神奈川県,月給20万円,公開していません,ジモティー
株式会社レーベン,開発エンジニア,神奈川県,年収250万円～650万円,公開していません,キャリコネ転職
株式会社メイテックキャスト,設計／電気・電子・機械／建築・土木・不動産関連,神奈川県 横浜市 みなとみらい駅 徒歩5分,"時給2,400円～",12日前,はたらこねっと
株式会社デュプロ,IoTシステム開発,神奈川県 相模原市 緑区,年収400万円～540万円,公開していません,マイナビAGENT
株式会社PLUS1コミュニケーションズ,おせっかいなくらい手厚いサポート! SE・PG 残業月20h,神奈川県 横浜市,月給20万円～50万円,1日前,リクナビNEXT
株式会社ATJC,SE／PG／IT事務 あの～、エンジニアやってみませんか,神奈川県 横浜市,月給23万円～,21日前,リクナビNEXT
アクサス株式会社,ITエンジニア アプリ設計・ネットワーク設計,神奈川県 横浜市,月給45万円～,19日前,リクナビNEXT
SKer株式会社,システムエンジニア,神奈川県 横浜市 桜木町駅 徒歩1分,"年収1,000万円～",15日前,type
株式会社エムズクリエイティブシステム,ITエンジニア,神奈川県,月給30万円～70万円,公開していません,日経転職版
株式会社いろはにぽぺと 渋谷オフィス,ITエンジニア／自称／〇〇オタク,神奈川県,"年収300万円～1,000万円",6日前,type
株式会社エーティーエス,即日開始／駅近／ディープラーニング学習ツールの機能追加開発,神奈川県,"時給2,500円～2,800円",公開していません,テクパス
株式会社メイテックフィルダーズ,IoT・ITエンジニア,神奈川県,公開していません,17日前,マイナビAGENT
株式会社パーソナルナビHD,90%が未経験から! デザイナー／エンジニア,神奈川県,月給22万円～,2日前,マイナビ転職
株式会社日立システムズ,お客様システムの運用・保守,神奈川県 横浜市 磯子区,公開していません,17日前,マイナビAGENT
生和コーポレーション株式会社,アプリシステム開発,神奈川県,公開していません,公開していません,マイナビAGENT
株式会社G O O Y A,Javaエンジニア 若手エンジニアに人気のキャリアを支援する専任担当が在籍 3年連続130%成長,神奈川県,年収350万円～550万円,公開していません,doda
ローム株式会社,アプリケーションエンジニア,神奈川県 横浜市 新横浜駅,年収500万円～800万円,公開していません,doda
株式会社ウェム,全員が年収UP ITエンジニア・SE・PG,神奈川県 横浜市,月給24万円～,20日前,リクナビNEXT
株式会社メンバーズ PGT事業,フロントエンドエンジニア メンバーズキャリアカンパニー,神奈川県,年収400万円～600万円,20時間前,Green
株式会社協同システムエンジニアリング,組込み系開発エンジニア,神奈川県,公開していません,公開していません,マイナビAGENT
株式会社テクノ情報システム,システムエンジニア／金融・証券大型案件が豊富!退職金制度あり,神奈川県,年収300万円～600万円,公開していません,Spring転職エージェント
株式会社バディットコンサルティング,リモート案件あり／月1面談で希望の案件アサイン／残業13時間～,神奈川県,年収500万円～840万円,10日前,doda
ラピードアクト株式会社,ITエンジニア／年休125日／残業月10h,神奈川県 横浜市 戸塚区,月給21万円～44万円,公開していません,doda
株式会社RevComm,Engineering Manager,神奈川県,"年収700万円～1,500万円",2日前,Spring転職エージェント
TISソリューションリンク株式会社,システムエンジニア／システムエンジニア,神奈川県,公開していません,公開していません,マイナビAGENT
ランサーズ株式会社,プロジェクトマネージャー,神奈川県,"年収500万円～1,000万円",公開していません,Spring転職エージェント
ヤマハ発動機株式会社,産業用ロボットに関わる生産支援アプリケーション開発,神奈川県 横浜市,年収409万円～712万円,公開していません,マイナビAGENT
株式会社SHIFT,フロントエンドエンジニア／UI・UX／フルリモート可,神奈川県 横浜市,"月給33万3,334円～",26日前,リクナビNEXT
ソフィア総合研究所株式会社,開発エンジニア,神奈川県 横浜市 新横浜駅 徒歩2分,年収400万円～800万円,公開していません,U29JOB
株式会社NTTデータMSE,WEBセミナー選考会,神奈川県 横浜市 港北区,年収450万円～800万円,公開していません,マイナビAGENT
株式会社バードネットワークス,ネットワーク／ITエンジニア 月4万円社宅 年休125日,神奈川県 横浜市 横浜駅 徒歩5分,"月給21万5,000円～35万円",22日前,リクナビNEXT
株式会社フェリックス,SE 開発エンジニア,神奈川県 横浜市 西区,月給25万円～55万円,公開していません,株式会社フェリックス
株式会社イーツー・インフォ,中級エンジニア,神奈川県 横浜市 高島町駅,年収400万円～600万円,2日前,Green
ローグテクノロジーズ株式会社,PG,神奈川県 横浜市,年収450万円～800万円,20日前,type
株式会社ビーネックステクノロジーズ,IT開発エンジニア 残業月平均12.1h／寮・社宅あり,神奈川県,月給21万円～50万円,3日前,エン転職
ディーピーティー株式会社,ソフトウェア開発エンジニア,神奈川県,年収300万円～750万円,公開していません,Spring転職エージェント
パーソルエクセルHRパートナーズ株式会社キャリア...,SE・プログラマー,神奈川県 横浜市 鴨居駅 徒歩10分                                                                                                                                                                その他 (38),"時給2,600円",14時間前,かんたん応募
株式会社日立製作所,金融機関向け システム・サービスの提案・開発を牽引するシステムエンジニア,神奈川県 川崎市,年収600万円～930万円,27日前,マイナビAGENT
株式会社オブジェクティブコード,RPAエンジニア,神奈川県,年収300万円～450万円,5時間前,CREATIVE JOB
株式会社大塚商会,プロジェクト・マネージャ ネットワークサポート／プライム市場,神奈川県,年収430万円～610万円,公開していません,マイナビAGENT
パーソルAVCテクノロジー株式会社,検証プロジェクトリーダー,神奈川県,"年収600万円～1,000万円",19時間前,Spring転職エージェント
大手証券会社のユーザー系SI,システムエンジニア,神奈川県,公開していません,公開していません,type 転職エージェント
株式会社Polaris plus,自社開発の声をデザインするVOCプラットフォームのフロントエンドエンジニア募集,神奈川県 鎌倉市 鎌倉駅,月給～80万円,公開していません,modis
株式会社パートナー,業界未経験も歓迎の組込みエンジニアを募集!IT・WEBエンジニアからのキャリアチェンジも多数,神奈川県 川崎市 川崎駅 徒歩4分,月給22万円～,公開していません,DXcareer
株式会社エイプリルナイツ,IT総合職,神奈川県,月給25万円～60万円,15日前,マイナビ転職
株式会社シャインソフト,ITエンジニア 開発～インフラ設計など／リモートワーク中心,神奈川県 横浜市,月給30万円～80万円,26日前,リクナビNEXT
株式会社ライズサクセス,PC初心者から学べる未経験募集 ITエンジニア／PG・事務,神奈川県 横浜市,月給18万円～80万円,5日前,リクナビNEXT
株式会社シーイーシー,自社製品開発エンジニア,神奈川県 座間市,公開していません,公開していません,マイナビAGENT
ウィズリンク株式会社,SE,神奈川県 横浜市 港北区,年収250万円～550万円,公開していません,キャリコネ転職
株式会社アイティーナビゲート,開発エンジニア,神奈川県,年収300万円～450万円,公開していません,キャリコネ転職
TIS千代田システムズ株式会社,システムエンジニア,神奈川県 横浜市 神奈川区,公開していません,27日前,type 転職エージェント
株式会社アクターリアリティー,業務系システム開発 PL・PM,神奈川県,月給28万円～45万円,公開していません,株式会社アクターリアリティー
パーソルエクセルHRパートナーズ株式会社テクニカ...,ネットワークエンジニア,神奈川県 横浜市 新横浜駅 徒歩2分,"時給2,800円～3,000円",2日前,かんたん応募
キヤノンビズアテンダ株式会社,サポートエンジニア・在宅ワーク中心,神奈川県 横浜市 横浜駅 徒歩11分,"時給2,600円～3,000円",9時間前,イーキャリア
NECソリューションイノベータ株式会社,AI利用データ分析およびシステム構築を実行するエンジニア／PL,神奈川県 川崎市 中原区,公開していません,公開していません,マイナビAGENT
パナソニックグループ,新規SaaS型ビジネス:DevOpsテクニカルリード,神奈川県 横浜市,"年収550万円～1,000万円",21日前,マイナビAGENT
株式会社3CA,ITエンジニア／フルリモート案件多数／前職給与保証,神奈川県,年収400万円～,20日前,doda
ノバシステム株式会社,システムエンジニア／上流工程／から参画一人常駐なし／WLB充実,神奈川県,公開していません,公開していません,マイナビAGENT
デジタルアソシエーション株式会社,ITエンジニア,神奈川県,月給25万円～,公開していません,U29JOB
株式会社夢プロエンジ,エンジニア系総合職／ミドル層積極採用,神奈川県,月給25万円～60万円,公開していません,doda
リンク情報システム株式会社,人物重視／未経験者歓迎／エンジニアとして成⾧できる／残業15時間程／35年以上赤字なしの優良企業,神奈川県,年収350万円～400万円,公開していません,Spring転職エージェント
アクロ株式会社,ITエンジニア 売上単価の85%以上を給与支給 フルリモートOK,神奈川県,月給50万円～100万円,16日前,マイナビ転職
株式会社プラウドエボルブ,新会社立ち上げメンバー 初級ITエンジニア／PG・事務,神奈川県 横浜市,月給18万円～80万円,7日前,リクナビNEXT
株式会社ディーメイク,WEBディレクター,神奈川県 横浜市,年収400万円～700万円,公開していません,Green
メイキットコープ株式会社,ITエンジニア／在宅勤務・フルリモート実施中／未経験OK,神奈川県,月給25万円～,7日前,doda
株式会社ストリートベンチャー,セキュリティエンジニア,神奈川県 横浜市 桜木町駅 徒歩5分                                                                                                                                                                その他 (11),月給40万円～50万円,公開していません,WorkGate
株式会社アイビーシステムズ,2023 新卒採用 インターネット関連,神奈川県,"月給20万4,000円～22万円",28日前,リクナビ2023
TECH MAHINDRA Limited,新設プロジェクトのための採用／ゲームコンテンツチェック,神奈川県 横浜市,公開していません,1日前,Daijob.com
Fabeee株式会社,プロジェクトマネージャー／プロジェクトマネージャー スケジュール管理・状況報告・契約処理,神奈川県,"年収600万円～1,000万円",公開していません,レバテックキャリア
株式会社ニクニ,社内SE シェア70%／業界トップクラスのポンプメーカー 安定した財務基盤 DX化に貢献,神奈川県 川崎市 高津区,公開していません,公開していません,マイナビAGENT
トランス･コスモス株式会社,フロントエンドエンジニア,神奈川県,年収340万円～600万円,9時間前,CREATIVE JOB
株式会社IDAJ,PLM導入コンサルティングエンジニア,神奈川県 横浜市 みなとみらい駅 徒歩5分,公開していません,20日前,マイナビAGENT
株式会社シーエーシー,アプリケーションエンジニア,神奈川県,年収500万円～770万円,24日前,マイナビAGENT
アヴァント株式会社,年間休日125日 9割が入社時より給与UP SE・PG,神奈川県 横浜市,月給31万円,29日前,リクナビNEXT
株式会社コーエーテクモホールディングス,プログラマ／ツールプログラマー,神奈川県 横浜市 西区,年収450万円～800万円,公開していません,マイナビAGENT
トライシステム株式会社,2023 新卒採用 情報処理,神奈川県,"月給19万1,000円～21万1,000円",公開していません,リクナビ2023
Modis株式会社,受託開発部門のPMPL候補,神奈川県,年収560万円～700万円,公開していません,Spring転職エージェント
株式会社NOWALL,PHP・Rubyエンジニア,神奈川県,年収300万円～750万円,公開していません,キャリコネ転職
株式会社レグルカセ,バックエンドエンジニア／東京都内案件,神奈川県,公開していません,公開していません,マイナビAGENT
TDCソフト株式会社,第二新卒採用／8月1日入社 エンジニア,神奈川県,公開していません,22日前,マイナビAGENT
パナソニックコネクト株式会社,新規商材のフロントSE、開発SE,神奈川県,"年収675万円～1,040万円",公開していません,Spring転職エージェント
株式会社エフ・グッド,エンジニアとしての市場価値をワンアップ!新事業所設立メンバー,神奈川県 横浜市 みなとみらい駅,年収278万円,公開していません,Office Lady
株式会社リバークレイン,2023年新卒採用,神奈川県 横浜市 青葉区,月給21万円,公開していません,JOBIKE
株式会社I2C,ITエンジニア 未経験者歓迎／残業月5.5h以下／有休消化率98%／年200時間の研修カリキュラム,神奈川県,"月給21万3,600円",10日前,エン転職
株式会社求人ジャーナル ジャーナルコネクト,システムエンジニア,神奈川県 横浜市 鶴見区,年収380万円～800万円,22日前,株式会社求人ジャーナル ジャーナルコネクト
株式会社ソリューションジャパン,2022 新卒採用 ソフトウェア,神奈川県,月給22万円,公開していません,リクナビ2022
株式会社ウェブエッジ,"AI,IoT,Cloud ITエンジニア・PG 年休125日",神奈川県 横浜市,月給35万円～70万円,8日前,リクナビNEXT
さくらインターネット株式会社,研究開発エンジニア,神奈川県,年収500万円～700万円,29日前,Spring転職エージェント
株式会社デジタルデザインシンク,2023 新卒採用 ソフトウェア,神奈川県,"月給21万5,000円～22万5,000円",公開していません,リクナビ2023
株式会社カーネルジャパン,将来に悩む未経験者にこそオススメ ITエンジニア／PG・事務,神奈川県 横浜市,月給18万円～80万円,20日前,リクナビNEXT
株式会社堺情報技術社,ソフトウェア設計・開発,神奈川県,公開していません,29日前,べティ
ソニーデジタルネットワークアプリケーションズ株式...,クラウドサービス開発エンジニア,神奈川県,年収650万円～850万円,公開していません,paiza転職
株式会社エー・アイ・エムスタッフ,月平均残業時間13時間程度,神奈川県,公開していません,公開していません,マイナビAGENT
CONFIT株式会社,IT系総合職 未経験OK 20代活躍中,神奈川県,月給20万円～100万円,公開していません,マイナビ転職
ゼロフォー株式会社,Webアプリケーション新規開発に関わるエンジニア,神奈川県 厚木市 本厚木駅 徒歩2分,年収400万円～650万円,25日前,doda
株式会社GCGW,インフラエンジニア 即戦力“積極”採用中／在宅・リモート可,神奈川県,年収350万円～550万円,19日前,マイナビ転職
株式会社システム情報,2023 新卒採用 情報処理,神奈川県,"月給19万7,000円～24万5,000円",公開していません,リクナビ2023
京セラ株式会社,ロボット技術開発,神奈川県 横浜市 西区,公開していません,公開していません,マイナビAGENT
株式会社V Language,2023 新卒採用 ソフトウェア,神奈川県,月給18万円,公開していません,リクナビ2023
E-agent合同会社,ITエンジニア／情報系・システム系学科出身／未経験育成枠,神奈川県 横浜市 磯子区,月給21万円～30万円,20日前,E-agent合同会社
株式会社ギグー,「ITエンジニア 還元率70%／定着率／受託開発チームにて短期間でのスキルUP可能!」,神奈川県 藤沢市 藤沢駅 徒歩4分,月給30万円～90万円,10日前,エン転職
トランスコスモス株式会社,フロントエンドエンジニア,神奈川県,年収340万円～600万円,23日前,マイナビAGENT
株式会社ビヨンドワークス,Webクリエイター 在宅勤務80%／年平均70万円年収アップ,神奈川県,"月給21万1,633円～60万円",7日前,エン転職
株式会社グローバル・システム・クリエイト,2023 新卒採用 情報処理,神奈川県,"月給22万6,000円～24万円",公開していません,リクナビ2023
株式会社マイネット,ITエンジニア 未経験OK 応募者全員面接 研修充実 土日祝休み&残業少なめ,神奈川県,月給23万500円～40万600円,9日前,女の転職type
株式会社スマートテクノロジー,2023 新卒採用 情報処理,神奈川県,月給18万円,公開していません,リクナビ2023
株式会社ウイングノア,設立2年で企業成長率286%! エンジニア ブランクOK／未経験可,神奈川県,月給30万円～,公開していません,マイナビ転職
いすゞ自動車株式会社,商用車グローバル生産部品表のITシステム企画・構築、推進,神奈川県 藤沢市,年収550万円～700万円,21日前,マイナビAGENT
株式会社WeStyle,未経験OK アプリエンジニア,神奈川県,公開していません,21日前,マイナビAGENT
