株式会社Second floor,上流工程に携われるWebエンジニア 賞与年4回,"埼玉県 さいたま市 北浦和駅 徒歩1分                                                                                                                                                                    




北浦和駅の求人
をすべて見る",月給30万円～50万円,19日前,リクナビNEXT
株式会社SALTO,WEB開発エンジニア,埼玉県,年収450万円～650万円,公開していません,U29JOB
株式会社アトラスコンピュータ,既卒歓迎／WEB開発エンジニア／上流工程から開発・テストを担当するプロジェクトまで,埼玉県,年収350万円～700万円,23日前,Re就活
株式会社Beer and Tech,Web開発エンジニア,埼玉県 さいたま市 西区,年収400万円～600万円,公開していません,paiza転職
株式会社セレモニー 管理部,自社Webサービスエンジニア,埼玉県 さいたま市 北浦和駅 徒歩7分,月給25万円～30万円,20日前,type
インターリンク株式会社,Webエンジニア,埼玉県,月給26万円～45万円,1日前,type
バルテス株式会社,クオリティエンジニア Webシステム系 PL・PM,埼玉県 さいたま市 大宮区,"年収400万円～1,000万円",9日前,かんたん応募
パイン株式会社,自社WEBプロダクト開発エンジニア／Laravel,埼玉県 さいたま市 大宮駅 徒歩6分,月給22万円～30万円,公開していません,かんたん応募
あゆわら株式会社,Webシステムエンジニア募集!「未経験歓迎」システム勉強中の方歓迎,埼玉県 白岡市,"時給960円～2,000円",公開していません,楽天仕事紹介
株式会社アサヒコミュニケーションズ,WEBディレクター フロントエンドエンジニア,埼玉県 鴻巣市 鴻巣駅 徒歩2分,年収390万円～550万円,17時間前,Green
株式会社2ftech,上流工程メインのWebエンジニア,埼玉県 さいたま市 北浦和駅 徒歩1分,月給30万円～,公開していません,株式会社2ftech
株式会社Iranoan,社内システムエンジニア web面接・在宅勤務可,埼玉県,月給60万円～,2日前,リクナビNEXT
日新火災情報システム株式会社,システムエンジニア webアプリ開発／残業22時間／福利厚生,埼玉県 さいたま市 浦和区,年収450万円～700万円,21日前,リクルートエージェント
Bizネクストジャパン株式会社 サポート課,WEBエンジニア Webサイトやアプリの動作チェックなどの業務をお任せいたします,埼玉県 さいたま市,月給18万円～,3日前,Bizネクストジャパン株式会社サポート課
株式会社テイクス 大宮オフィス,初級 WEB系システムエンジニア,埼玉県 さいたま市 大宮駅 徒歩3分,月給23万円～30万円,12日前,ハローワーク大宮
マリーシェル合同会社,Webデザイナー、UIエンジニア,埼玉県 さいたま市 大宮駅 徒歩5分,月給20万円～30万円,公開していません,マリーシェル合同会社
株式会社SN JAPAN,プログラマー IT／WEB／アプリ／機械系エンジニア 全国で活躍できるシステムエンジニア大募集,埼玉県 さいたま市 大宮区,月給26万円～37万円,公開していません,株式会社SN JAPAN
クリプトリンク株式会社,Railsエンジニア～仮想通貨の会計ツールを提供する、成長中のベンチャー企業～,埼玉県 さいたま市 浦和区,年収360万円～800万円,公開していません,doda
株式会社グラングレス,ファッションサイトのWebデザイナー,埼玉県 さいたま市,"時給1,400円～2,000円",2日前,タウンワーク
辰巳電子工業株式会社,ゲーム・アミューズメント系開発エンジニア,埼玉県,年収432万円～871万円,6日前,type
株式会社NTTデータフィナンシャルテクノロジー,システム基盤に関する構築・運用・保守サービスSE,埼玉県,公開していません,公開していません,マイナビAGENT
株式会社ブライトスター,ITエンジニア 幅広い技術領域から最適なキャリアをチョイス!仕事もプライベートも自分らしく,埼玉県,年収400万円～900万円,7日前,キャリフレ
イーグル工業株式会社,社内SE 東証プライム上場／グローバル展開企業,埼玉県 坂戸市,年収400万円～800万円,公開していません,マイナビAGENT
株式会社システムネットワーク,エンジニア全般,埼玉県 所沢市,月給20万円～,公開していません,Javaキャリ
誉電気株式会社,ECサイト運営・管理,埼玉県 春日部市 豊春駅 徒歩10分,"時給1,000円～1,200円",1日前,かんたん応募
株式会社FAIR NEXT INNOVATION,オープン系言語経験者,埼玉県,年収420万円～750万円,20日前,Green
エイセル株式会社,RPG SAP移行PJ,埼玉県 さいたま市 さいたま新都心駅,月給46万円～58万円,22日前,かんたん応募
株式会社Bloom,未経験から研修制度でWebデザイナー 年間休日120日以上,埼玉県 さいたま市 加茂宮駅 徒歩9分,月給20万円～50万円,公開していません,株式会社Bloom
株式会社シンクス,上流工程を目指す!「労働市場で必要な人材へ」,埼玉県,月給24万円～,公開していません,doda
株式会社ゲオホールディングス,ゲオグループの自社WEBサイト開発に関わるPHPエンジニア,埼玉県,年収350万円～600万円,公開していません,マイナビAGENT
株式会社サイン,受託開発のシステムエンジニア募集,埼玉県 さいたま市 さいたま新都心駅,月給18万円～25万円,公開していません,かんたん応募
株式会社イデア,システムエンジニア 在宅あり 賞与実績4ヶ月 情報系の有資格者業界未経験歓迎,埼玉県 さいたま市,月給21万円～52万円,52分前,エン転職
株式会社HAL,ITエンジニア／還元率80%／副業OK,埼玉県,月給24万円～80万円,1日前,doda
株式会社ギャラクシィ,2023 新卒採用 ソフトウェア,埼玉県,"月給21万1,000円～23万2,000円",公開していません,リクナビ2023
株式会社パナR&D,PM／オープン・WEB／IT・システム,埼玉県,年収350万円～600万円,公開していません,マイナビAGENT
株式会社トップエンジニアリング,IT／ソフトウェア開発エンジニア 待機時保証が圧倒的／事業拡大フェーズ,埼玉県,公開していません,公開していません,マイナビAGENT
安全自動車株式会社,サービスエンジニア 第二新卒・未経験歓迎／経営安定,埼玉県,年収300万円～350万円,10日前,doda
株式会社アイテックス,SAP導入コンサルタント,埼玉県,月給25万円～65万円,18日前,日経転職版
i.Color株式会社,ITエンジニア,埼玉県,月給24万円～65万円,16日前,type
アルテミス株式会社,初級ITエンジニア 未経験OK リモート可 女性社員100% 研修充実,埼玉県,"月給22万5,000円～",公開していません,女の転職type
株式会社iJbridge,組み込みエンジニア 年俸500万円～700万円／リモート案件あり,埼玉県,年収500万円～700万円,28日前,エン転職
株式会社ライズエクシード,未経験者のための教育・環境を整備 ITエンジニア／PG・事務,埼玉県,月給18万円～80万円,2日前,リクナビNEXT
オムロン エキスパートリンク株式会社,ソフトウェア開発,埼玉県,年収350万円～650万円,19日前,doda
株式会社タスク・ウィルー,正社員未経験可能／サーバーサイドエンジニア,埼玉県 さいたま市 中央区,月給25万円～48万円,2日前,株式会社タスク・ウィルー
アークレイインフィニティ株式会社,フィールドエンジニア 国内シェアトップクラスの医療検査システムメーカー／WEB面接,埼玉県 さいたま市 大宮区,年収400万円～600万円,19日前,doda
株式会社日本技研プロフェッショナルアーキテクト,SE／PG,埼玉県,公開していません,公開していません,マイナビAGENT
株式会社STAND,経験者優遇!未経験可!SE,埼玉県 さいたま市 大宮区,月給25万円～50万円,公開していません,株式会社STAND
APクラスタ株式会社,WEB・オープン系システム中心／お疲れのシステムエンジニア向け／完全在宅可,埼玉県 川越市,月給35万円～40万円,21日前,APクラスタ株式会社
株式会社セキュアインフラストラクチャー,未経験・第二新卒も歓迎／20代・30代が活躍中 PG・事務,埼玉県,月給18万円～50万円,29日前,リクナビNEXT
株式会社ヴィトーリアアルマ,ITサポート事務#8割未経験から#リモート#3ヶ月の充実研修#フリーターもOK,埼玉県,月給18万円～,公開していません,女の転職type
91works株式会社,働き方が選べる ITエンジニア フルリモート!全国から応募OK,埼玉県,月給32万円～84万円,2日前,マイナビ転職
株式会社グローバルシンキング,プログラマー、システムエンジニア、プロジェクトマネージャ,埼玉県,年収350万円～750万円,公開していません,paiza転職
株式会社Vユーアイ,IT系総合職 未経験大歓迎採用,埼玉県,月給20万円～,24日前,マイナビ転職
株式会社ワイヤードパッケージ,スキルもお金も休みもぜ～んぶGET!／IT事務・デザイナー,埼玉県,月給23万円～,26日前,リクナビNEXT
株式会社ファルコ,ホワイト企業認定 ITエンジニア 売上前年比4倍超!／年休126日,埼玉県,月給30万円～70万円,2日前,マイナビ転職
株式会社アペックス,2023 新卒採用 ソフトウェア,埼玉県,"月給18万7,196円～23万円",公開していません,リクナビ2023
株式会社ミアーズ,ITエンジニア 未経験OK マンツーマン研修 女性エンジニアが代表 残業少なめ,埼玉県,月給23万円～,26日前,女の転職type
株式会社MPS,プログラマ,埼玉県 志木市,月給28万円～50万円,公開していません,株式会社MPS
株式会社アスパーク,ITエンジニア アプリ開発／組込制御／NW設計ほか／I001,埼玉県,月給18万円～60万円,2日前,リクナビNEXT
株式会社システムリファレンス,ITエンジニア 残業ほぼなし 年休125日 家族・住宅手当 リモートワーク,埼玉県,月給20万円～,12日前,女の転職type
株式会社セラク,東証プライム上場企業のカスタマーサクセス／デジタルマーケティングツール導入・運用支援,埼玉県,年収320万円～600万円,公開していません,マイナビジョブ20's
株式会社アイフリークモバイル,仕事の自立を助けるポジションで市場価値UP RPA開発・PG,埼玉県,月給25万円～80万円,22日前,リクナビNEXT
関東スターワークス株式会社 大宮テクニカルセンター,採用アシスタント,埼玉県 さいたま市 さいたま新都心駅 徒歩2分,月給28万円～35万円,14日前,ハローワーク大宮
株式会社S-Play,創業メンバー!未経験から楽しく成長 エンジニア／PG・事務,埼玉県,月給18万円～80万円,26日前,リクナビNEXT
株式会社ファンレボ,ゼロから学べるITサポート事務／在宅ワークも可／ほぼ未経験者,埼玉県,月給18万円～50万円,公開していません,doda
株式会社アイズ,Cloudや仮想環境など ITインフラエンジニア 未経験OK,埼玉県,月給25万円～,2日前,リクナビNEXT
株式会社フォーラムエンジニアリング,ITエンジニア そのスキルが、武器になる,埼玉県,"月給20万5,000円～45万5,000円",1日前,リクナビNEXT
株式会社アライブ.com,"前職より""増給保証"" SE／PG 独立支援制度 リモートワークOK",埼玉県,月給35万円～,13日前,マイナビ転職
株式会社アクティブフュージョンズ,SE／PG 高い技術力×チームでモダンな開発に挑戦,埼玉県,月給26万円～,8日前,マイナビ転職
株式会社TACSOL,2023 新卒採用 ソフトウェア,埼玉県,月給22万円,6日前,リクナビ2023
JAPAN ENGINEERs 人事部採用課,資格が取り放題のものづくりエンジニア,埼玉県 本庄市                                                                                                                                                                その他 (8),"月給23万5,000円～30万円",5日前,かんたん応募
キャル株式会社,SE・PG,埼玉県 川口市                                                                                                                                                                その他 (109),月給27万円～,22日前,かんたん応募
株式会社エム・アンド・アイ,ITエンジニア 大手企業のプライム案件多数／年休125日／在宅ワーク可／定着率97%／残業月平均8h,埼玉県 さいたま市,月給30万円～65万円,6日前,エン転職
株式会社カレッジティアンドケイ,残業代全額支給 WEBシステム／車載開発に携わる SE／PG,埼玉県,"月給20万2,400円～40万円",12時間前,リクナビNEXT
日本一株式会社,イチから始めるシステムエンジニア,埼玉県 さいたま市 大宮区,月給21万円～37万円,15日前,日本一株式会社
オープラン株式会社,エンジニア100名採用予定! 9割が未経験スタート／年に何回でも昇給のチャンスあり,埼玉県,月給20万円～,7日前,かんたん応募
JFEシステムズ株式会社,大手製造業向けシステム プロジェクトマネージャ、システムエンジニア、ITアーキテクト、基盤技術者,埼玉県,年収400万円～750万円,公開していません,マイナビAGENT
株式会社ライコン ラダーシステム,ITエンジニア 未経験歓迎／月給30万円～可 残業少 女性活躍,埼玉県,月給30万円～55万円,14日前,女の転職type
サービス&セキュリティ株式会社,w e b 系・ 業務系開発エンジニア,埼玉県,公開していません,公開していません,マイナビAGENT
株式会社GROWTHAS,フルリモ／年休140日／案件自由選択／前給UP／SE・PG,埼玉県,月給26万円～,8日前,リクナビNEXT
株式会社フリーダムランド,Webディレクター,埼玉県,月給25万円～,27日前,type
株式会社パルシス,システムエンジニア／開発エンジニア,埼玉県,年収450万円～750万円,公開していません,マイナビAGENT
株式会社ゼディアロード,経験ゼロから始める ITエンジニア,埼玉県,月給18万円～80万円,2日前,マイナビ転職
スターツコーポレーション株式会社,総合職 研修制度充実・Web面接可,埼玉県,"月給21万5,000円～57万9,000円",公開していません,doda
株式会社リーディング・エッジ社,ITエンジニア 20代・30代活躍中!未経験歓迎,埼玉県,月給21万円～,公開していません,リクナビNEXT
株式会社マクロビジョン,あなたが思い描くキャリアを実現 ITエンジニア 前職給与考慮,埼玉県,月給42万円,14日前,マイナビ転職
株式会社サン・メルクス,未経験OK 月残業10～20時間程度,埼玉県,公開していません,公開していません,マイナビAGENT
R&D ENGINEERs 人事部採用課,未経験から化学系エンジニア,埼玉県 本庄市                                                                                                                                                                その他 (8),"月給23万5,000円～30万円",5日前,かんたん応募
株式会社サントラスト,システム開発／インフラ構築,埼玉県,月給20万円～35万円,5日前,リクナビNEXT
株式会社ボイスアンドビジュアル,ITエンジニア 年収400万円以上も可能／昇給率100%／経験浅めの方でも歓迎／面接は1回,埼玉県,月給25万円～50万円,32分前,エン転職
有限会社関根車輛,ロードサービスエンジニア,埼玉県 東松山市                                                                                                                                                                その他 (2),月給23万円～45万円,3日前,有限会社関根車輛
レイルリンク株式会社,20代活躍中!未経験 個人別研修でエンジニアデビュー,埼玉県,月給22万円～,21日前,リクナビNEXT
株式会社シーエスウェア,未経験可 キャリアを掴むITエンジニア PG,埼玉県,月給22万円～55万円,27日前,リクナビNEXT
株式会社Redo,ITエンジニア リモート・フレックス案件あり 年休120日 定着率90%,埼玉県,月給28万円～50万円,6日前,女の転職type
ユニファ株式会社,開発ディレクター,埼玉県,年収500万円～750万円,公開していません,paiza転職
有限会社ATUMS,テリトリーマネージャー募集／未経験大歓迎／在宅勤務可／キャリアアップ有／人・組織ファーストの会社,埼玉県,月給18万円～50万円,公開していません,かんたん応募
株式会社SAKURUG,システムエンジニア,埼玉県,月給25万円～70万円,1日前,type
Mono ENGINEERs 人事部採用課,日本のものづくりを支える評価エンジニア,埼玉県 さいたま市 大宮区                                                                                                                                                                その他 (8),"月給23万5,000円～30万円",5日前,かんたん応募
マンパワーグループ株式会社,RPA,埼玉県,年収350万円～500万円,公開していません,マイナビAGENT
株式会社アクロビジョン,インフラ／開発エンジニア エンジニアデビューを全力応援,埼玉県 さいたま市 大宮区,月給24万円～50万円,1日前,マイナビ転職
株式会社リアソルマネージメント,ITエンジニア 先輩の9割以上が未経験! 残業月10H,埼玉県,月給25万円～,9日前,マイナビ転職
ランスタッド株式会社,機電系エンジニア～新事業の立ち上げメンバー／世界最大級の総合人材会社～,埼玉県,年収500万円～900万円,11日前,Spring転職エージェント
イノフェックス株式会社,PC・ゲーム好きな先輩活躍中! ITエンジニア 自社内案件多数,埼玉県 さいたま市,月給25万円～40万円,2日前,マイナビ転職
スタディプラス株式会社,若手積極募集／教育×テクノロジー,埼玉県,年収500万円～785万円,公開していません,マイナビAGENT
株式会社G-gen,クラウドエンジニア Googleプレミアパートナー フルリモート 学習環境充実,埼玉県,年収400万円～800万円,29日前,女の転職type
Carpe diem株式会社,案件も働き方も、ワガママ聞きます ITエンジニア フル在宅7割,埼玉県,月給25万円～,公開していません,マイナビ転職
株式会社プレアデスコンサルタント,未経験からゲームやWebの仕事に挑戦! ITエンジニア,埼玉県,月給18万円～80万円,2日前,リクナビNEXT
株式会社RISING 埼玉支部,未経験から成長できるシステムエンジニア,埼玉県 さいたま市 大宮区,月給25万円～40万円,5日前,株式会社RISING
オムロン ソフトウェア株式会社,オムロングループをITで支えるPM・PL グローバルに働く,埼玉県,月給23万円～60万円,29日前,リクナビNEXT
株式会社ラポールスター,ITエンジニア 還元率73%／年休130日／情報開示率99%!単価や働き方を確認して自分で案件選択,埼玉県,月給30万円～70万円,28日前,エン転職
株式会社デザインネットワーク,Web系アプリケーション開発,埼玉県,年収450万円～680万円,6日前,doda
株式会社コラットベース,前給最大限考慮! Web・オープン系開発多数 SE・PG,埼玉県,月給27万円～70万円,26日前,リクナビNEXT
株式会社クルージス,システムエンジニア 在宅勤務でプライベートも充実,埼玉県,月給32万円～60万円,公開していません,株式会社クルージス
セントラルエンジニアリング株式会社,ITエンジニア 日立・東芝・NEC等大手案件&リモート案件多数,埼玉県,月給25万円～60万円,2日前,マイナビ転職
FUJITSUUT株式会社 ITスタッフソリュー...,リモートワーク中心!セキュリティエンジニア,埼玉県 さいたま市 さいたま新都心駅 徒歩3分,"時給2,500円～",公開していません,エン派遣
株式会社ECS,SE／PG ブランクOK 時短／リモートワークOK 産育休取得率100% 月給30万円～,埼玉県,月給30万円～,1日前,女の転職type
株式会社リバイバル,ITエンジニア 前給保証 月給33万円～ フルリモート8割,埼玉県,月給33万円～,2日前,マイナビ転職
株式会社ソフィアテック,開発エンジニア,埼玉県,月給35万円～66万円,13日前,type
アジアクエスト株式会社,PM候補,埼玉県,"年収400万円～1,000万円",13日前,type
株式会社ダイフク,システムエンジニア 世界中の物流・モノづくりを支えるグローバルトップ企業,埼玉県 三郷市,公開していません,公開していません,マイナビAGENT
株式会社タスク・ウィル,SE アルバイト未経験可能／サーバーサイドエンジニア,埼玉県 さいたま市 中央区,"時給1,450円～2,450円",8日前,株式会社タスク・ウィル
カチシステムプロダクツ株式会社,システム開発エンジニア ～福利厚生／住宅手当等あり～,埼玉県,年収360万円～600万円,24日前,doda
株式会社GENTEN,初級エンジニア,埼玉県,月給22万円～,16時間前,type
株式会社Luxy,エンジニア 前給考慮／副業・フルリモートOK／自社内開発あり／残業ほぼなし／土日祝休み,埼玉県,"月給33万円～73万5,000円",7日前,エン転職
サン電通エンジニアリング株式会社,未経験OK インフラエンジニア 前職給与考慮 研修充実,埼玉県,月給21万円～25万円,3日前,マイナビ転職
銀河ソフトウェア株式会社,ITエンジニア 未経験歓迎 充実の研修体制も整っています,埼玉県,"月給22万8,000円～",27日前,マイナビ転職
株式会社Yakudo,ITエンジニア 還元率75%以上／フルリモート可能／副業可／自社サービスあり／残業月10h以内,埼玉県,月給35万円～90万円,3日前,エン転職
Trigger株式会社,人材コーディネータ 向上心高く働く同世代と一緒に人材コーディネーターとして活躍しませんか,埼玉県,年収400万円～799万円,1日前,en ミドルの転職
株式会社システムインテグレータ,埼玉配属／PL・SE／ERPパッケージ,埼玉県 さいたま市 さいたま新都心駅 徒歩1分,公開していません,公開していません,マイナビAGENT
ALH株式会社,本気になれば未経験からでも十分になれます! ITエンジニア,埼玉県,"月給22万5,000円～",27日前,マイナビ転職
パーソルR&D株式会社,アプリケーションエンジニア 最先端ハイスキル開発エンジニア集団 売上9000億を誇る安定企業,埼玉県,年収550万円～750万円,7日前,en ミドルの転職
株式会社第一情報システムズ,アプリエンジニア／プライム案件8割／残業20時間／評価制度／年収高／研修制度,埼玉県,年収400万円～600万円,公開していません,マイナビAGENT
株式会社エスユーエス,システムエンジニア 前給保証あり 受託開発も拡大中 PL・PMにもチャレンジできる リモートワーク可,埼玉県,月給25万円～,17日前,エン転職
エフ・ティ・コム株式会社,エンジニア 前職給保証・完全週休2日,埼玉県,年収330万円～,1日前,リクナビNEXT
株式会社アイリッジ,グロース市場／業界大手と取引多数／残業時間10時間程度,埼玉県,公開していません,公開していません,マイナビAGENT
株式会社キーワードジャパン,ITエンジニア,埼玉県,月給25万円～50万円,7日前,doda
コンピュータ・レスキュー株式会社,ITエンジニア 未経験歓迎!エンジニアって何するのから教えます。年間休日127日!住宅手当最大3万円,埼玉県,月給23万円～,28日前,エン転職
株式会社アースシステムズラボラトリー,システムエンジニア,埼玉県,年収450万円～900万円,11日前,doda
アルユーアイ株式会社,未経験者もゼロから育成 ITエンジニア 資格取得支援充実,埼玉県,月給25万円～50万円,27日前,マイナビ転職
株式会社Room12,Reactエンジニア リモートOK／技術研修あります／ブランク大歓迎／平均残業15h以内,埼玉県,月給30万円～,10日前,かんたん応募
株式会社アベールジャパン,成功の秘訣は? 40代からの転職を徹底検証 ITエンジニア,埼玉県,月給25万円～50万円,2日前,リクナビNEXT
フルウィル株式会社,還元率70%超／上場グループ／94%が前給与UP入社 ITエンジニア,埼玉県,月給32万円～90万円,21日前,マイナビ転職
株式会社ロフティー,«急募／単発OK»工場内でシステムエンジニア,埼玉県 寄居町 男衾駅 車8分,"時給2,150円～",2日前,ジョブティー
株式会社divx,エンジニア 幅広い技術スタックを短期間で／リモート・残業少,埼玉県,月給30万円～,8日前,マイナビ転職
株式会社フラット,ITエンジニア 業界いちゆる～く自由に働く!社内業務ゼロでリモート案件92%!副業兼業も自由にOK,埼玉県,月給32万円～60万円,1時間前,エン転職
株式会社セブンコード,圧倒的還元率&案件数 会社に囚われたくないエンジニア大歓迎,埼玉県,"月給31万円～78万3,000円",19日前,リクナビNEXT
株式会社テクノウォーカー,開発・インフラエンジニア 社員の7割が未経験。30名弱の小さな会社へ年間応募者1000～2000名以...,埼玉県,月給18万円,1日前,エージェントパーク
株式会社アバンス・エイト,未経験歓迎!第二創業メンバー ITエンジニア／PG、テスター,埼玉県,月給18万円～80万円,8日前,リクナビNEXT
株式会社テクニケーション,ITエンジニア 案件単価ベースで給与還元!平均年収150万円UP フルリモートOK,埼玉県,月給34万円～65万円,公開していません,エン転職
株式会社トイボックス,初級エンジニア,埼玉県,"年収350万円～1,000万円",2日前,type
株式会社レインオンファニー,SE,埼玉県,月給30万円～60万円,20日前,type
ラダーシステム株式会社,在宅勤務可／ITエンジニア／開発／インフラ運用保守,埼玉県,月給30万円～55万円,6日前,リクナビNEXT
株式会社エイチ・エル・シー,未経験・第二新卒歓迎! ITエンジニア 研修充実,埼玉県,"月給17万2,000円～",17日前,マイナビ転職
株式会社shorma,SE・PG・IT技術者,埼玉県,月給20万円～50万円,公開していません,求人Free
株式会社SeeD,高単価×高還元率で働くITエンジニア!平均年収178万円UP ! 最初からフルリモートOK,埼玉県,"月給32万円～84万5,000円",1時間前,エン転職
株式会社エー・エス・エル,ITエンジニア テレワーク率85%以上,埼玉県,月給30万円～,13日前,マイナビ転職
株式会社アウトソーシングテクノロジー エキスパー...,インフラ・クラウドエンジニア,埼玉県,"月給37万5,000円～85万円",23日前,type
株式会社要,開発エンジニア,埼玉県,月給28万円～,9日前,type
フジテコム株式会社,システムエンジニア,埼玉県 新座市,年収310万円～420万円,2日前,doda
gooMet合同会社,上流工程を目指せる!フルリモートOK ITエンジニア 残業月20h,埼玉県,月給30万円～55万円,27日前,マイナビ転職
株式会社ジョブサポート,システムエンジニア 年間休日120日以上／土日祝休み／残業少なめ／家族手当あり,埼玉県,"月給21万5,000円～24万円",51分前,エン転職
セントラルエンジニアリンググループ,ITエンジニア,埼玉県,公開していません,7日前,セントラルエンジニアリンググループ
株式会社Noelith,SE 前給保証 リモート90% 受託案件強化 年休140日取得可能 有給取得100%,埼玉県 さいたま市 西区,"月給35万7,000円～64万2,000円",26日前,女の転職type
株式会社ソアレスト,SE・PG,埼玉県,月給25万円～,20日前,リクナビNEXT
株式会社ヒューマンソリューションズ,ソフトウェア設計・開発,埼玉県,公開していません,公開していません,べティ
ルーテイジ株式会社,9割が未経験入社 知識ゼロからITの世界へ!SE／PG,埼玉県,月給20万円～50万円,21日前,リクナビNEXT
株式会社ESES,現在の還元率70%!2030年までに80%還元が目標 ITエンジニア,埼玉県,月給25万円～70万円,27日前,マイナビ転職
株式会社アーシャルデザイン,未経験者・第二新卒歓迎・残業無 ITエンジニア・サポート事務,埼玉県,月給22万円～,27日前,マイナビ転職
株式会社MUTAN,社内ITエンジニア,埼玉県 所沢市,年収300万円～400万円,1日前,CREATIVE JOB
サイバーコム株式会社,サーバーサイドエンジニア／バックエンドエンジニア 顧客からの要件ヒアリング、見積作成、PM業務,埼玉県,年収380万円～700万円,7時間前,レバテックキャリア
株式会社SEシェア,ITエンジニア フルリモート案件8割!／副業OK／還元率78%!／残業月10h／今年6月法人設立,埼玉県,月給35万円～125万円,21日前,エン転職
株式会社ベータシステム,ITエンジニア 在宅勤務OK ワークライフバランス重視,埼玉県,月給30万円～,6日前,マイナビ転職
LIJ株式会社,エンジニア,埼玉県,月給35万円～50万円,6時間前,イーキャリア
IKTEL株式会社,急募!未経験エンジニア希望／高待遇,埼玉県 さいたま市 大宮駅,月給25万円～60万円,14日前,IKTEL株式会社
株式会社スタッフサービスエンジニアリング事業本部,ITエンジニア オープン系、Web系、インフラ系など,埼玉県,"月給21万5,000円～55万円",公開していません,PROSEEK
株式会社ワーキテクノ,チームで案件を進める ITエンジニア 未経験OK!26.8万円以上,埼玉県,"月給26万8,000円～",8日前,マイナビ転職
株式会社ウェブフロンティア,社内開発&自社サービス強化! Web開発SE 経験者募集,埼玉県,"年収300万円～1,000万円",17日前,マイナビ転職
株式会社ゼディアレーゲン,イチから始めるITエンジニア 年間休日125日以上 残業月20時間以下 10名以上の積極採用,埼玉県,月給18万円～80万円,24日前,エン転職
株式会社八興システムズ,ITエンジニア 副業OK・年休125日以上・残業月10時間程度・待遇充実,埼玉県,月給25万252円～60万440円,45分前,エン転職
株式会社スリー・イー,2023 新卒採用 情報処理,埼玉県,"月給20万897円～23万5,000円",17日前,リクナビ2023
株式会社アドービジネスコンサルタント,2023 新卒採用 ソフトウェア,埼玉県,"月給19万2,500円～21万8,500円",公開していません,リクナビ2023
株式会社シスコム・テクノロジー,平均27歳 20代活躍中 1次面接通過者:内定率97% ITエンジニア,埼玉県,月給22万円～35万円,8日前,マイナビ転職
株式会社クロニクル,未経験歓迎のIT・ゲームエンジニア,埼玉県,月給18万円～,18日前,doda
アルファテクノロジー株式会社,エンジニア,埼玉県,月給23万円～40万円,6日前,doda
株式会社イイネクサス,自由度の高いITエンジニア／未経験歓迎／リモートワーク率7割,埼玉県,月給25万円～50万円,20日前,doda
株式会社ブレイントラスト,初級エンジニア,埼玉県,月給25万円～40万円,16日前,type
株式会社電子工学センター,年齢相応の経験を積みキャリアアップを! ITエンジニア,埼玉県,"月給23万4,000円～",5日前,リクナビNEXT
ベリソフト株式会社,SE・PG 開発エンジニア 月給35万円～／フルリモート,埼玉県,月給35万円～,20日前,リクナビNEXT
株式会社ヴィトーリア,ゲーム企画・開発エンジニア／PS4／5・Switch等ゲーム開発実績多数のIT企業,埼玉県,月給25万円～,9日前,type
アマゾン ウェブ サービス ジャパン合同会社,クラウドサポートエンジニア／在宅勤務可／AWS経験不問／年俸700万以上,埼玉県,年収700万円～,20日前,女の転職type
ネクストフィールド株式会社,開発エンジニア,埼玉県,月給22万円～,6日前,type
株式会社ABI,コンサルティングエンジニア インフラ,埼玉県,年収350万円～550万円,13日前,Green
株式会社レクシス,ITエンジニア 前給以上保証／在宅案件が8割／定着率92.5%,埼玉県 さいたま市,月給30万円～,27日前,マイナビ転職
レバテック株式会社,SES開発部／開発／外勤エンジニア,埼玉県,年収400万円～850万円,8日前,en ミドルの転職
株式会社エイ・クリエイション,初級エンジニア 未経験歓迎／賞与年2回／土日祝休み／年休128日／リモート率85%／定着率93,埼玉県,月給25万円～,7日前,エン転職
ActCom株式会社,WEB開発SE／平均残業10H／テレワーク推奨／休日125日,埼玉県,月給25万円～60万円,20日前,リクナビNEXT
株式会社ENCOM,ITエンジニア／未経験OK,埼玉県,月給23万円～50万円,27日前,type
ハイミン・エンタープライズ株式会社,ネットワークエンジニア#要件定義・設計・構築案件のみ!スキルアップ出来る基盤がここにある,埼玉県,年収400万円～700万円,7日前,キャリフレ
株式会社CAICA,インフラエンジニア 大手金融機関向け案件／有給取得率75%／福利厚生充実,埼玉県,年収370万円～520万円,7日前,キャリフレ
アデコ株式会社 採用受付,一般事務・OA事務／メーカー関連,埼玉県 川口市 東川口駅 徒歩9分,"時給1,400円～",2日前,はたらこねっと
株式会社アクセスネット,システムエンジニア／定着率90%以上・年間休日125日,埼玉県,月給30万円～,公開していません,doda
株式会社LainZ,ITエンジニア 未経験歓迎／充実の研修／年休131日／テレワーク可,埼玉県,月給22万円～40万円,2日前,マイナビ転職
株式会社IRODORI,9割が未経験のITエンジニア／丁寧な研修・充実のサポート体制,埼玉県,月給20万円～,14日前,doda
株式会社セキュアアクシス,未経験者が9割 初級エンジニア,埼玉県,月給18万円～50万円,9日前,マイナビ転職
株式会社安信エンタープライズ,未経験からはじめるITエンジニア／完週休2日／年休128日,埼玉県,"月給21万5,000円～",3日前,doda
株式会社アイフリークスマイルズ,ITエンジニアになる過程、知りたい?／ITサポート・PG,埼玉県,月給18万円～50万円,21日前,リクナビNEXT
有限会社デジタルパイプライン,ストレスフリー宣言 ITエンジニアをもっと自由に楽しむ,埼玉県,月給25万円～,16日前,マイナビ転職
株式会社META GAMES,未経験から挑戦!メタバース・ゲーム関連のITエンジニア,埼玉県,月給18万円～80万円,29日前,リクナビNEXT
株式会社アイザック,新しい技術を経験できる ITエンジニア 1次請け／受託が90%超,埼玉県,月給30万円～60万円,公開していません,マイナビ転職
株式会社S&S,PG,埼玉県,月給24万円～,16日前,type
株式会社エクスマート,在宅勤務／社内SE,埼玉県,月給20万円～50万円,8日前,リクナビNEXT
AI-System株式会社,技術者重視 月給35万～ 前職給保障 面接1回／SE・PG,埼玉県,月給35万円～,20日前,リクナビNEXT
株式会社プラン・アンド・ディー,ITエンジニア／前給保証／基本定時退社,埼玉県,年収350万円～800万円,9時間前,doda
株式会社ビーズワン,プログラマ,埼玉県 川越市 本川越駅 徒歩8分,月給22万円～35万円,公開していません,株式会社ビーズワン
株式会社東北電子計算センター,ワンランク上のシステムエンジニア・プログラマー 在宅勤務可,埼玉県,月給24万円～,2日前,リクナビNEXT
株式会社ITPM,ITエンジニア,埼玉県,"月給22万5,300円～70万円",13日前,type
株式会社エスプリフォート,顧客&エンジニア、両方の満足度をとことん追求! SE・PG,埼玉県,月給24万円～45万円,16日前,マイナビ転職
株式会社ルトラ,フルリモートエンジニア 案件希望100%通ります／9割が年収UP／平均還元率73%／在宅手当有,埼玉県,月給30万円～80万円,10日前,エン転職
株式会社インビリティー,業界未経験から、スクールと実践で学べる! SE・PG,埼玉県,月給20万円～50万円,19日前,マイナビ転職
株式会社ソーシャルコミュニケーションズ,ITエンジニア,埼玉県,年収300万円～600万円,公開していません,キャリコネ転職
株式会社エスティーエーリアタイズ,未経験歓迎のIT・ゲームエンジニア,埼玉県,月給18万円～,公開していません,doda
BOX合同会社 ITs,エンジニアもめざせるITアシスタント事務,埼玉県 加須市                                                                                                                                                                その他 (8),"月給23万5,000円～30万円",5日前,かんたん応募
株式会社ウイングプラス,開発エンジニア,埼玉県,月給26万円～60万円,9日前,type
東和ソリューションエンジニアリング株式会社,インフラエンジニア,埼玉県,公開していません,27日前,type
オブザーブ株式会社,前職給与保証 最新技術に挑戦できる ITエンジニア,埼玉県,月給38万円～,2日前,マイナビ転職
合同会社日本トレイドロフト,プログラマー 未経験OK／マークアップ・フロントエンドエンジニア・大手WEBサイト制作,埼玉県 さいたま市 北区,月給26万円～49万円,9日前,合同会社日本トレイドロフト
株式会社KDDIエボルバ,福利厚生充実 KDDIグループのITエンジニア 未経験歓迎,埼玉県,月給21万円～25万円,17日前,マイナビ転職
E-com株式会社,ITエンジニア,埼玉県,月給33万円～80万円,2日前,type
株式会社アクシス・クリエイト,ITエンジニア,埼玉県,"月給21万7,000円～",16日前,type
株式会社タスネット,インフラエンジニア／年休125日・残業月10時間程・研修充実,埼玉県,"月給23万9,000円～",公開していません,doda
有限会社プレザント,ITエンジニア 直請案件だから高待遇／給与UP実績多数,埼玉県,月給25万円～55万円,8日前,マイナビ転職
株式会社ツリーベル,開発エンジニア／前職給与保証／自社内開発・在宅勤務案件あり,埼玉県,月給25万円～60万円,6日前,doda
カコウ株式会社,ITエンジニア 完休2日 &年休125日／エンジニアへの還元率73%,埼玉県,月給25万円～80万円,公開していません,エン転職
株式会社BrandingEngineer,ITエンジニア／リモート・副業相談OK／カジュアル面談歓迎,埼玉県,年収400万円～,3日前,doda
株式会社フレスタ,開発エンジニア テレワーク可 定着率90% Web面接1回,埼玉県,月給30万円～65万円,公開していません,マイナビ転職
株式会社ブライトターナー,1対1の徹底フォローで成長できる ITエンジニア 年休125日～,埼玉県 さいたま市,月給18万円～60万円,9日前,マイナビ転職
パーソルエクセルHRパートナーズ株式会社 キャリ...,WEB制作・編集／IT・通信関連,埼玉県 さいたま市 北与野駅,"時給2,000円～2,200円",12日前,はたらこねっと
株式会社フォーカスシステムズ,2023 新卒採用 情報処理,埼玉県,"月給19万1,400円～21万円",27日前,リクナビ2023
NEXT株式会社,ITエンジニア／初年度年収450万円～,埼玉県,"月給37万5,000円～83万3,334円",公開していません,doda
フューチャー・スクウェア株式会社,開発エンジニア,埼玉県,公開していません,27日前,type
株式会社アイサット,理想の会社で理想のキャリアを! インフラエンジニア,埼玉県,"月給28万円～47万5,000円",公開していません,マイナビ転職
東毛情報開発株式会社,ソフトウェアエンジニア,埼玉県,年収350万円～450万円,公開していません,キャリコネ転職
株式会社わさび,3年で年収1000万円目指せる 総合職,埼玉県,月給30万円～80万円,17日前,マイナビ転職
株式会社エスティーエークリーフ,未経験入社多数活躍!研修充実 ゲーム開発・ITエンジニア,埼玉県,月給18万円～,8日前,リクナビNEXT
株式会社ドリームアカデミー,2023 新卒採用 ソフトウェア,埼玉県,"月給18万5,000円～20万円",14日前,リクナビ2023
株式会社金融情報サービス,安定企業で業界の最先端へ! システム開発・インフラ設計,埼玉県 さいたま市,年収600万円～,20日前,リクナビNEXT
株式会社アイ・ディ・エイチ,ITエンジニア 還元率83%／年間130日～／副業可／前給保証／昨年入社全員が年収100万以上UP,埼玉県,月給35万円～100万円,7日前,エン転職
マッチスル株式会社,開発エンジニア,埼玉県,公開していません,9日前,type
Modis株式会社 Tech,開発エンジニア,埼玉県,公開していません,23日前,type
株式会社エクサ,製造業アプリ開発 ー埼玉勤務ー,埼玉県 和光市,年収600万円～900万円,公開していません,株式会社エクサ
株式会社Success Holders,開発エンジニア,埼玉県,月給30万円～80万円,6日前,イーキャリア
TKパートナーズ株式会社,ITエンジニア／前職給与保証／残業月10h／フルリモート可,埼玉県,月給30万円～70万円,20日前,doda
TDCフューテック株式会社,SE・PG,埼玉県 さいたま市,年収357万円～400万円,9日前,かんたん応募
株式会社サイバーネーション,自社内開発&フルリモート案件あり ITエンジニア 前給保証,埼玉県 さいたま市,月給35万円～,公開していません,マイナビ転職
株式会社Nautik,プログラマ／システムエンジニア／経験者歓迎!未経験者もOK,埼玉県,"月給30万円～49万8,000円",2日前,type
CLINKS株式会社,未経験歓迎のITエンジニア／採用枠30名以上／導入研修充実,埼玉県,月給21万円～,3日前,doda
クレアニーズ株式会社,開発エンジニア／新規自社サービスを担当／年間休日123日以上,埼玉県,月給35万円～,公開していません,doda
株式会社Second,ゲームテスター／デバッガー 継続的なキャリアアップが築けます,埼玉県 さいたま市 浦和区,月給23万円～41万円,21日前,株式会社Second
AQソリューションズ株式会社,リーダー候補募集! 土日祝休み／年間休日127日,埼玉県,月給23万円～60万円,公開していません,マイナビ転職
ライトアーム株式会社,生保新契約システム保守開発,埼玉県 さいたま市 与野駅,月給～45万円,公開していません,modis
本田技研工業株式会社,スマートシティ実現に向けたV2G システム研究開発,埼玉県 和光市,公開していません,公開していません,マイナビAGENT
株式会社ファンリード,開発エンジニア,埼玉県,月給28万円～,6日前,type
株式会社CROSS ONE,ITエンジニア／未経験者も積極採用!／待機中も給与保障!／リモート・副業OK,埼玉県,"月給23万5,000円～50万円",7日前,エン転職
株式会社EXCEED,SE・PG テレワーク4割×残業月平均20時間以内,埼玉県,"月給22万4,000円～40万円",20日前,リクナビNEXT
株式会社アクセス情報テクノロジー,20代～30代の若手が活躍! ITプログラマー・SE,埼玉県,月給20万円～50万円,8日前,リクナビNEXT
株式会社クリエイティブ 東京支店,組立・組付け／機械・精密機器・金属,埼玉県 川口市 西川口駅 徒歩7分,"時給2,200円～2,500円",5日前,工場ワークス
株式会社KOSMO,倉庫管理・入出荷,埼玉県 草加市 獨協大学前駅 徒歩10分,"時給1,900円～2,000円",公開していません,バイトルPRO
株式会社ソシアス,IT総合職,埼玉県,月給20万円～,2日前,Agre
Yi株式会社,"10,000案件から選べる! ITエンジニア 前給保証 リモート80%",埼玉県,月給25万円～,20日前,マイナビ転職
ラーニンギフト株式会社,インフラエンジニア 案件選択可／昇給有／年休130日／残業少,埼玉県,月給23万円～35万円,6日前,マイナビ転職
株式会社フジソフトラボ,2023 新卒採用 ソフトウェア,埼玉県,"月給17万円～21万5,000円",公開していません,リクナビ2023
株式会社ウォーターウィッシュ,2カ月の自社内研修でITデビュー&資格も取得! ITエンジニア,埼玉県,"月給20万7,000円～25万円",14日前,マイナビ転職
アルテンジャパン株式会社,大規模・グローバル他、人気案件多数! SE・PG,埼玉県,月給27万円～50万円,20日前,リクナビNEXT
株式会社クォンタムリレーション,既卒歓迎／ITエンジニア／エンジニアデビューに最適!基本の「き」から教育します／未経験90%,埼玉県,年収250万円～350万円,19日前,Re就活
株式会社アルトナー,第二新卒／月給23万9000円上／ソフトウェア開発エンジニア,埼玉県,"月給23万9,000円～82万7,000円",6日前,リクナビNEXT
株式会社ブール・ジャパン,テストエンジニア,埼玉県 さいたま市 大宮駅,月給20万円～45万円,6時間前,マイベストジョブ
株式会社クロスゲームズ,業務系SE活躍中!大手メーカーとの協業案件も! ゲームPG,埼玉県,月給35万円～60万円,2日前,リクナビNEXT
株式会社ティーネットジャパン,100%業務決定中 設計・開発スタッフ 研修充実,埼玉県,"月給18万5,500円～33万2,000円",29日前,マイナビ転職
株式会社エジソン マイナビグループ,PM／インフラ,埼玉県,年収300万円～600万円,公開していません,マイナビAGENT
株式会社アライズ,未経験者向けオンライン研修あり／楽しく成長「ITエンジニア」,埼玉県,"月給23万円～33万8,000円",公開していません,doda
株式会社アクセルコミュニケーション,在宅あり ネットワークエンジニア募集,埼玉県 さいたま市 大宮駅 徒歩5分,月給28万円～,公開していません,エン派遣
UTエフサス・クリエ株式会社,フィールドエンジニア・サービスエンジニア／IT・通信関連,埼玉県 さいたま市 大宮駅 徒歩7分,"時給1,600円～",21日前,はたらこねっと
株式会社サンビット,初級エンジニア,埼玉県,月給23万円～35万円,6日前,type
株式会社NetFile,ITエンジニア／最新・トレンド技術に携われる,埼玉県,月給22万円～55万円,27日前,type
CSエコー株式会社,未経験からITエンジニアへ／未経験の仲間と一緒にスタート,埼玉県 さいたま市 浦和駅 徒歩5分,月給20万円～,19日前,doda
株式会社樋口総合研究所,ITエンジニア／在宅勤務多数／ホワイト企業認定プラチナ取得,埼玉県 さいたま市 大宮駅,"月給20万8,125円～75万円",公開していません,doda
新日本テクトス株式会社,開発エンジニア,埼玉県,年収350万円～650万円,27日前,type
株式会社アルス・ウェアー,SE／PL・PM 受託開発&リモートメイン 社員離職率0%,埼玉県,月給35万円～,20日前,リクナビNEXT
株式会社アズテックス,システムエンジニア,埼玉県,月給25万円～50万円,公開していません,U29JOB
株式会社Ka-Noa,システムエンジニア,埼玉県 戸田市                                                                                                                                                                その他 (4),月給50万円～100万円,公開していません,かんたん応募
株式会社トリニアス,Webデザイナー／未経験向けの研修充実／残業月10h以内,埼玉県,月給20万円～50万円,公開していません,doda
株式会社一蔵,プロジェクトリーダー,埼玉県 さいたま市 日進駅,公開していません,29日前,クリーデンス
UT エフサス・クリエ株式会社,未経験可のCE!タブレット等の保守,埼玉県 さいたま市 大宮駅 徒歩10分,"時給1,550円",公開していません,エン派遣
北辰商事株式会社,2023 新卒採用 スーパー,埼玉県 さいたま市 桜区,"月給18万9,000円～21万円",公開していません,キャリタス就活2023
株式会社フューチャーブレイン,土日休み完全週休2日制のシステムエンジニア,埼玉県 川口市,"年収260万円～1,200万円",19日前,株式会社フューチャーブレイン
フォーザウィン株式会社,インフラエンジニア 経験者 前給以上確約 面接保証,埼玉県,月給48万円～,16日前,マイナビ転職
株式会社キー・ステーション21,インフラエンジニア,埼玉県,年収300万円～,13日前,type
株式会社グローバル・インフォメーション・テクノロ...,経験ゼロからスタートできるITエンジニア／残業平均8.4時間,埼玉県,"月給22万2,000円～",6日前,doda
株式会社クルーク,システム開発／ネットワーク・サーバー設計・構築・運用・保守,埼玉県,月給30万円～45万円,公開していません,40～50代の転職 FROM40
恒和システム株式会社,業務系システムエンジニア,埼玉県,年収300万円～450万円,公開していません,キャリコネ転職
株式会社日本ビジネスデータープロセシングセンター,分岐点で悩んでいるあなたへ インフラエンジニア／設計・構築,埼玉県,月給21万円～45万円,1日前,リクナビNEXT
株式会社インフィニ,初級ITエンジニア,埼玉県,月給23万円～,9日前,type
株式会社WASABI,ITエンジニア 自由すぎ 還元率75%以上 リモート82%超 低残業休み自由,埼玉県,月給35万円～80万円,19日前,女の転職type
株式会社SNSソフト,エンジニア Python資格取得率トップクラス／リモート9割,埼玉県,月給40万円～,20日前,リクナビNEXT
セントランス株式会社,定着率90%!安定して働ける環境が魅力／アプリ等の開発／PG,埼玉県,月給22万円,19日前,リクナビNEXT
株式会社サクヤ,フロントエンドエンジニア,埼玉県,年収350万円～600万円,1日前,Green
株式会社ルピナスファクトリー,インフラエンジニア／将来独立をしたい方も大歓迎,埼玉県 さいたま市 南区,月給23万円～25万円,公開していません,かんたん応募
株式会社クエスト・システム・デザイン,SE,埼玉県,年収300万円～860万円,公開していません,PROSEEK
株式会社スタイル・フリー,アプリ・システム開発／インフラ設計・構築 年収UPの実績多数,埼玉県,月給30万円～,8日前,リクナビNEXT
株式会社クリエイト・マンパワーサービス,インフラ&NWエンジニア,埼玉県 さいたま市 土呂駅 徒歩10分,月給52万円～55万円,28日前,エン派遣
ファイブスターズゲーム株式会社,テレワークも 挑める、試せる、楽しめる ゲームエンジニア,埼玉県,月給23万円～50万円,6日前,リクナビNEXT
株式会社オルベック,「年齢的にこの先不安だな…」  代表「なんとか私が頭を下げてでも仕事を取ってきます!,埼玉県 さいたま市,年収480万円～960万円,公開していません,かんたん応募
株式会社i‐NOS,Salesfoce開発エンジニア募集,埼玉県,年収421万円～518万円,公開していません,doda
株式会社ワクト,開発エンジニア／年間休日125日以上／リモートワーク9割以上,埼玉県,月給30万円～80万円,公開していません,doda
サンライズシステム株式会社,前給保証! ITエンジニア フルリモート可／全国から応募OK,埼玉県,月給40万円～,公開していません,マイナビ転職
ランスタッド株式会社 randstad tech...,事務×ITで理想の将来を 経験ゼロから始めるIT事務／SE,埼玉県,月給23万円～,19日前,リクナビNEXT
株式会社グロース,初級エンジニア／月給25万／IT知識ゼロでもOK／住宅手当あり／20～30代活躍中,埼玉県 さいたま市 西区,月給25万円～,9日前,女の転職type
株式会社C-mind,ITエンジニア／前給保証／フルリモート／自社サービスへ挑戦,埼玉県,月給35万円～70万円,21日前,doda
株式会社ウイルテック,残業12.7h／上場企業／未経験歓迎 アプリ開発・サーバ運用,埼玉県,月給22万円～55万円,20日前,リクナビNEXT
ソリッドコミュニケーション株式会社,2023 新卒採用 ソフトウェア,埼玉県,"月給16万円～33万1,000円",公開していません,リクナビ2023
株式会社アイエム,AI案件に挑戦できる! 開発エンジニア 年休124日／フレックス,埼玉県,月給30万円～50万円,公開していません,マイナビ転職
