株式会社スタッフサービス,正社員募集 WEBエンジニア,大阪府 大阪市 大国町駅 徒歩2分,"時給1,850円～",公開していません,エンジニアガイド
株式会社バウンステクノロジー,Webエンジニア／未経験歓迎!年休120日以上／研修充実,大阪府 大阪市 心斎橋駅,年収260万円～,24日前,doda
株式会社プロッツ,自社サービス開発 WEBエンジニア／PHP,大阪府 大阪市 天満駅 徒歩5分,年収300万円～720万円,公開していません,かんたん応募
株式会社グローバー,WEBエンジニア,大阪府 大阪市 肥後橋駅,年収300万円～600万円,12日前,doda
株式会社リーディング・エッジ社,フロントエンド・WEBエンジニア 前職給与保証 積極採用中,"大阪府 大阪市 中央区                                                                                                                    




株式会社リーディング・エッジ社の求人
をすべて見る",月給35万円～56万円,13日前,リクナビNEXT
株式会社DRIVE LINE,WEBエンジニア,大阪府 大阪市 中央区,"月給20万5,500円～24万円",公開していません,株式会社DRIVE LINE
株式会社Dolls,女性ブランド「mayla」のWEBエンジニア・社内SE,大阪府 大阪市 福島駅 徒歩8分,月給24万円～,22時間前,リクナビNEXT
株式会社モトヤ,WEBエンジニア／PHPシステム開発 正社員後はテレワーク,"大阪府 大阪市 堺筋本町駅 徒歩4分                                                                                                                    




株式会社モトヤの求人
をすべて見る","時給2,200円～2,300円",公開していません,DTPジョブズ
株式会社クリーク・アンド・リバー社,リモートあり! エンタメに携わる～テレビ番組のWebエンジニア,"大阪府 大阪市 中央区                                                                                                                    




株式会社クリーク・アンド・リバー社の求人
をすべて見る","時給1,400円～1,600円",1日前,CREATIVE JOB
株式会社メディベース,Web エンジニア,大阪府 大阪市 大阪駅 徒歩2分,年収400万円～,2日前,Green
株式会社ジョブカン会計,Webエンジニア,大阪府 大阪市 浪速区,年収500万円～800万円,8日前,doda
株式会社フツパー,Webエンジニア,大阪府 大阪市 東三国駅 徒歩5分,年収500万円～850万円,5日前,paiza転職
株式会社Brushup,Webエンジニア／制作物フィードバッククラウドサービス「Brushup」,大阪府 大阪市 北区,年収400万円～700万円,5日前,doda
株式会社ラグザス・クリエイト,WEBエンジニア テレビCM放映中の「カーネクスト」運営会社／完全週休2日／自社開発サービス,大阪府,年収450万円～600万円,18日前,キャリフレ
株式会社BTM,Webエンジニア,大阪府 大阪市 中津駅 徒歩4分,年収380万円～550万円,18時間前,U29JOB
フェンリル株式会社,Webエンジニア ユーザー目線での開発に拘る,大阪府 大阪市 大阪駅 徒歩5分,月給31万円～47万円,23時間前,エンジニアHubキャリア
M&Cシステム株式会社,WEBエンジニア,大阪府 大阪市 港区,"月給20万5,500円～24万円",13日前,かんたん応募
株式会社GSI,Webエンジニア、リーダー、主任、係長,大阪府 大阪市 本町駅 徒歩3分,年収350万円～,公開していません,paiza転職
株式会社ダトラ,Webエンジニア,大阪府 大阪市 本町駅,年収400万円～700万円,公開していません,doda
株式会社モリサワ,WEBエンジニア／バックエンドエンジニア,大阪府 大阪市 大国町駅,年収500万円～600万円,27日前,doda
株式会社Qript,Webエンジニア,大阪府 大阪市 心斎橋駅 徒歩5分,年収360万円～600万円,公開していません,paiza転職
株式会社キューボック,WEB開発エンジニア,大阪府 大阪市 堺筋本町駅,年収400万円～600万円,公開していません,paiza転職
株式会社イーナ,Webエンジニア,大阪府 大阪市 本町駅 徒歩3分,年収400万円～700万円,公開していません,paiza転職
株式会社Scene Live,WEBエンジニア,大阪府 大阪市 本町駅 徒歩3分,年収400万円～780万円,公開していません,paiza転職
株式会社HIT,Webエンジニア 未経験からITの世界へ／半年間の研修あり 年休125日 完全リモート可,大阪府 大阪市 心斎橋駅 徒歩3分,月給20万円～,19日前,エン転職
株式会社アソウ・アルファ,Webエンジニア・PG 未経験、第二新卒歓迎 女性活躍中,大阪府 大阪市,月給20万円～46万円,12日前,リクナビNEXT
セカイエ株式会社,Webエンジニア～完全内製の自社サービスサイト～,大阪府 大阪市 大阪駅,年収350万円～700万円,5日前,doda
株式会社SmartHR,ウェブアプリケーションエンジニア,大阪府,"年収500万円～1,000万円",公開していません,Spring転職エージェント
株式会社テイジイエル,Web系エンジニア AWS／CakePHP／フルスタックエンジニアが目指せます,大阪府 大阪市 中央区,年収500万円～650万円,13日前,リクルートエージェント
リバティ・フィッシュ株式会社,Ruby on Rails システムエンジニア・Webエンジニア,大阪府,"月給21万6,000円～35万円",公開していません,PROSEEK
株式会社プロリード,WEBアプリエンジニア,大阪府 大阪市 新福島駅,年収300万円～600万円,1日前,doda
株式会社エイデック,WEBエンジニア 読売テレビのWEB広告・HP制作／働きやすい／残業月10h以下,大阪府 大阪市 中央区,年収440万円～,13日前,リクルートエージェント
KY開発,SE Webエンジニア,大阪府 大阪市 中央区,"時給1,500円～4,000円",13日前,KY開発
株式会社プロディライト,WEBエンジニア,大阪府 大阪市 淀屋橋駅 徒歩5分,月給33万円～48万円,1日前,type
株式会社ルート・シー,Webエンジニア マネージャー候補,大阪府 大阪市 JR難波駅,年収550万円～750万円,10時間前,Green
日本フードデリバリー株式会社,Web開発エンジニア,大阪府 大阪市 肥後橋駅,年収520万円～910万円,公開していません,paiza転職
株式会社ココロザシ,WEBエンジニア 常に案件1万件超／プライム案件70%／年休130日／アニバーサリー休暇など制度充実,大阪府,月給35万円～75万円,16時間前,エン転職
株式会社DNPデジタルソリューションズ,Webエンジニア,大阪府 大阪市 西区,年収400万円～700万円,22日前,doda
株式会社プロキシー,WEBエンジニア／100%自社内開発／年休125日／ボトムアップの会社,大阪府 大阪市 西淀川区,年収450万円～550万円,6時間前,リクルートエージェント
株式会社Pacing,HTML・CSSから始めるWEBエンジニア,大阪府 大阪市 北区,月給23万円～80万円,公開していません,かんたん応募
株式会社ここからはじまる物語,WEBアプリを開発するWEBエンジニア,大阪府 大阪市 北区,月給25万円～100万円,1時間前,株式会社ここからはじまる物語
株式会社アクトビ,Webアプリケーション開発エンジニア,大阪府 大阪市 四ツ橋駅 徒歩4分,年収300万円～700万円,10時間前,Green
ashworld株式会社,プログラマー WEBエンジニア 6ヶ月間のカリキュラムでプロのエンジニアになれる,大阪府 大阪市 心斎橋駅 徒歩5分,"月給20万5,500円～24万円",公開していません,ashworld株式会社
株式会社W-ENDLESS,Webエンジニア,大阪府 大阪市 四ツ橋駅 徒歩1分,"月給21万4,000円～",24日前,U29JOB
NRIネットコム株式会社,Web系システムエンジニア／幅広い業種の顧客を支援,大阪府 大阪市 梅田駅,年収500万円～700万円,22日前,doda
ナッシュ株式会社,WEBエンジニア,大阪府 大阪市 本町駅 徒歩5分,"月給25万円～39万1,000円",9日前,U29JOB
シアトルコンサルティング株式会社,WEBシステムエンジニア／大阪,大阪府 大阪市 新大阪駅 徒歩4分,年収300万円～700万円,公開していません,キャリコネ転職
株式会社デジアサ,WEB エンジニア,大阪府 大阪市 福島駅,"月給20万9,500円",公開していません,株式会社デジアサ
株式会社ラクス,"Webアプリケーションエンジニア／Java,PHP",大阪府 大阪市 北区,"年収484万4,100円～893万6,700円",15日前,株式会社ラクス
株式会社インゲージ,WEBエンジニア／継続率99%のSaaS／IPO,大阪府 大阪市 北区,年収400万円～800万円,12日前,リクルートエージェント
株式会社パスカル,WEBサービス開発のエンジニア,大阪府 大阪市 天満橋駅 徒歩3分,月給24万円～35万円,7日前,かんたん応募
株式会社セルバ,フルリモート 平均残業時間月14.63時間 100%自社開発 Webエンジニア 大手企業,大阪府 大阪市 北浜駅,年収456万円～700万円,10時間前,Green
辰巳電子工業株式会社,WEB開発エンジニア,大阪府 大阪市 本町駅 徒歩8分,年収400万円～600万円,8日前,U29JOB
アッシュワールド株式会社,WEBエンジニア 未経験スタートから6ヶ月のカリキュラムでプロのエンジニアに,大阪府 大阪市 心斎橋駅 徒歩5分,"月給20万5,500円～30万円",公開していません,アッシュワールド株式会社
株式会社シー・エヌ・エス,スマホ・ウェブエンジニア,大阪府 大阪市 肥後橋駅 徒歩1分,年収320万円～550万円,公開していません,paiza転職
eBASE GROUP,Webデザイナー webエンジニア／正社員採用,大阪府 大阪市 中津駅,公開していません,公開していません,eBASE GROUP
アイプラザ株式会社,Webシステムエンジニア,大阪府 大阪市 淀屋橋駅,年収350万円～600万円,公開していません,doda
株式会社イマクリエ,WEBエンジニア／完全在宅,大阪府,"時給1,000円",公開していません,株式会社イマクリエ
Bacallan株式会社,Webシステムエンジニア,大阪府 大阪市 なんば駅 徒歩3分,年収300万円～956万円,12時間前,U29JOB
株式会社ITPコミュニケーションズ,WEBクリエイター／フロントエンジニア／コーディング,大阪府 大阪市 西区,年収400万円,23時間前,リクナビNEXT
株式会社ヘッドジャパン,webエンジニア,大阪府 大阪市 北区,"月給17万9,375円～",公開していません,専門学校の就活 Career Map
ななし株式会社,Webエンジニア,大阪府 大阪市 中津駅,年収348万円～800万円,公開していません,doda
ネットワンシステムズ株式会社,Webアプリエンジニア ～アプリ案件メインにインフラまで知見が積める環境です～,大阪府 大阪市 新大阪駅,年収450万円～750万円,公開していません,doda
株式会社アビリブ,Webアプリエンジニア,大阪府 大阪市 大阪駅,年収585万円～780万円,公開していません,doda
株式会社キーエンス,Webサイトのフロントエンドエンジニア／Web開発エンジニア,大阪府 大阪市 新大阪駅 徒歩10分,"年収1,000万円～1,400万円",10日前,タイズ
株式会社グランネット,自社プロダクト開発Webエンジニア,大阪府 大阪市 北区,年収600万円～800万円,8日前,doda
株式会社イトクロ,Webエンジニア フルリモート／教育メディアのシステム開発／計画～実装、テスト～リリース,大阪府 大阪市 本町駅,年収510万円,公開していません,レバテックキャリア
株式会社アサーティブ,完全在宅!クラウド経験者「Web開発 エンジニア／リーダー候補」GCP市場を牽引する会社,大阪府 大阪市 北区,公開していません,8時間前,株式会社アサーティブ
株式会社キャピタル・アセット・プランニング,Webアプリエンジニア／自社内開発 在宅勤務可 東証一部 再雇用制度有,大阪府 大阪市 西梅田駅,年収600万円～900万円,12日前,doda
freee株式会社,Webアプリケーションエンジニア,大阪府 大阪市 都島区,"年収500万円～1,200万円",12日前,doda
株式会社L is B,Webエンジニア／自社サービス「direct Apps」～リモート中心～,大阪府 大阪市 西区,年収400万円～700万円,公開していません,doda
株式会社日本ビジネス開発,WEBアプリケーションエンジニア,大阪府,年収450万円～800万円,公開していません,Aidem Smart Agent 転職
ノックス株式会社,Webエンジニア,大阪府 大阪市 福島区,年収500万円～700万円,12日前,doda
株式会社インクルード,Webエンジニア,大阪府 大阪市 本町駅,年収400万円～500万円,公開していません,doda
パーソルテクノロジースタッフ株式会社,Web開発エンジニア,大阪府 大阪市 北区,年収400万円～600万円,公開していません,paiza転職
株式会社テックエデュケイションカンパニー,WEBエンジニア／フルリモート勤務可／前給保障／スキルアップ,大阪府 大阪市 西区,年収420万円～840万円,13日前,リクルートエージェント
Sansan株式会社,WEBアプリ開発エンジニア クラウド請求書受領サービス／急成長企業で開発,大阪府 大阪市 北区,"年収462万円～1,204万円",公開していません,doda
エフアンドエムネット株式会社,Webエンジニア,大阪府 吹田市 江坂駅,年収450万円～800万円,19日前,doda
まりもテクノロジー株式会社,Webエンジニア,大阪府 大阪市 大阪駅 徒歩15分,年収300万円～,1日前,Green
株式会社iRup,経験0でもこれからスキル実績作れます。Webエンジニア,大阪府 大阪市 心斎橋駅,月給20万円～70万円,1日前,株式会社iRup
エックスサーバーグループ株式会社,PHPエンジニア ～リモート可／新規サービス開発をリードするWebエンジニア,大阪府 大阪市 北区,年収450万円～700万円,公開していません,doda
株式会社スポーツフィールド,自社Webエンジニア,大阪府 大阪市 梅田駅,年収290万円～400万円,25日前,doda
株式会社エイチーム,Web開発エンジニア,大阪府 大阪市 大阪梅田駅 徒歩3分,月給45万円～,52分前,CREATIVE JOB
パーソルエクセルHRパートナーズ株式会社,Webシステム開発エンジニア,大阪府 大阪市 北区,年収500万円～750万円,15日前,paiza転職
株式会社キーマネジメントソリューションズ,WEBシステム開発エンジニア,大阪府 大阪市 堺筋本町駅 徒歩4分,年収380万円～500万円,12日前,U29JOB
アステック株式会社,プロジェクトリーダー／Webエンジニア PL・PM候補／クラウド関連システムの受託開発,大阪府 吹田市 江坂駅,年収470万円～650万円,公開していません,レバテックキャリア
株式会社オータム,未経験からWEBエンジニアに,大阪府 大阪市 北区,月給19万円～40万円,公開していません,株式会社オータム
株式会社ジークス,Webシステムエンジニア,大阪府 大阪市 肥後橋駅 徒歩1分,年収400万円～600万円,公開していません,paiza転職
合同会社DREAM,自社サービスの開発に携わるWebエンジニア募集,大阪府 大阪市 都島区,月給22万円～45万円,8時間前,合同会社DREAM
株式会社ヒューガン,設計開発エンジニア WEB・業務系 組込み系,大阪府 大阪市,年収360万円～450万円,7日前,かんたん応募
株式会社サーバーワークス,Webサービス開発エンジニア,大阪府 大阪市 梅田駅,年収350万円～750万円,23時間前,doda
株式会社スタートアップテクノロジー,Webエンジニア クライアントワークをアジャイル開発で,大阪府,年収500万円～800万円,公開していません,Spring転職エージェント
合同会社NET-R,WEBエンジニア／WEBデザイン,大阪府 大阪市 北区,月給25万円～40万円,公開していません,合同会社NET-R
株式会社クリエイティブヒーローズ,Webエンジニア／フルリモート／上流工程も経験可能,大阪府 大阪市 大阪駅,年収350万円～600万円,公開していません,doda
akippa株式会社,Webエンジニア 会員数230万人超え／駐車場シェアサービス／残業少なめ,大阪府 大阪市 大阪難波駅,公開していません,公開していません,レバテックキャリア
REMODELA株式会社,WEBアプリ開発エンジニア 100%自社開発／Webアプリ／上流工程から携われる,大阪府 大阪市 中崎町駅 徒歩5分,"年収550万円～1,200万円",11時間前,Green
株式会社エムワイコーポレーション,WEBアプリ開発エンジニア／WLBよく働きやすい環境,大阪府 大阪市 北区,年収400万円～,3日前,リクルートエージェント
株式会社maPs,未経験者歓迎!WEBデザイン／エンジニアへステップアップ可能／プライベートと仕事の両立,大阪府 大阪市 北区,月給23万円～35万円,公開していません,株式会社maPs
株式会社Rise UP,Webエンジニア,大阪府 大阪市 西区,年収532万円～840万円,公開していません,doda
株式会社メディアテック,WEBエンジニア,大阪府 大阪市 中央区,年収380万円～550万円,公開していません,doda
有限会社NITコンサルタント,Webエンジニア,大阪府 大阪市 西区,年収240万円～600万円,公開していません,有限会社NITコンサルタント
株式会社ケイアンドケイコーポレーション,UIエンジニア WEBデザイナー／リモート勤務可／残業10H／自社サービス,大阪府 大阪市 浪速区,年収440万円～,12日前,リクルートエージェント
TIS株式会社,webアプリエンジニア／国内大手広告会社のtoC向けシステム開発,大阪府 大阪市 大江橋駅,年収500万円～700万円,19日前,doda
株式会社ヨシダ,WEBエンジニア／WEBデザイン,大阪府 大阪市 都島区,月給24万円～48万円,公開していません,株式会社ヨシダ
株式会社アウラ,Webエンジニア／プログラマ,大阪府 大阪市 天神橋筋六丁目駅,"時給1,000円～",公開していません,株式会社アウラ
株式会社ブレイカーズ,経験0でもこれからスキル実績作れます。Webエンジニア,大阪府 大阪市 心斎橋駅,月給20万円～70万円,1日前,株式会社ブレイカーズ
株式会社エイチームフィナジー,自社サービスWeb開発エンジニア／リモートワーク／企画等上流工程も有／東証一部上場グループ,大阪府 大阪市 大阪駅,年収360万円～550万円,公開していません,doda
株式会社YUZURIHA,WEBアプリケーションエンジニア プライム案件100%／挑戦できる環境,大阪府 大阪市 西区,年収400万円～600万円,公開していません,doda
マンパワーグループ株式会社,Webアプリ開発エンジニア,大阪府 大阪市 中央区,年収310万円～996万円,12日前,paiza転職
株式会社リクルートR&Dスタッフィング,Web開発エンジニア 年間休日120日／賞与2回／家賃5割負担の住宅手当アリ,大阪府,月給20万円～44万円,7日前,エン転職
ヤフー株式会社,Webエンジニア／アプリケーションエンジニア,大阪府 大阪市 大阪駅,年収400万円,公開していません,IMAGICA DIGITALSCAPE
株式会社エス・エス・シービジネスサポート,Webデザイナー、UIエンジニア,大阪府 大阪市 西区,"月給21万200円～33万7,950円",公開していません,株式会社エス・エス・シービジネスサポート
住友電工情報システム株式会社,Web系システムエンジニア,大阪府 大阪市 新大阪駅,年収406万円～759万円,13日前,doda
応用技術株式会社,WEB面接可 アプリケーションエンジニア ～自社内開発・自社サービスあり～,大阪府 大阪市 梅田駅,年収400万円～700万円,12日前,doda
株式会社Just.Assist,Web系システムエンジニア,大阪府,年収375万円～675万円,23日前,doda
ユニティ株式会社,Web開発エンジニア,大阪府 大阪市 淀川区,年収400万円～700万円,21日前,doda
株式会社メクゼス,Webデザイナー・エンジニア／PL・SE／RPA／Bi・Ai・IoT、等,大阪府 大阪市 本町駅,年収350万円～600万円,14日前,doda
ロジカル・アーツ株式会社,Webアプリケーションエンジニア,大阪府 大阪市 本町駅,年収300万円～850万円,12日前,doda
株式会社D‐design,web・業務系開発エンジニア,大阪府,年収308万円～588万円,12日前,doda
トランス･コスモス株式会社,Webエンジニア,大阪府 大阪市 肥後橋駅 徒歩7分,年収500万円～700万円,1時間前,CREATIVE JOB
クオリティソフト株式会社,大阪／Webサーバサイドエンジニア,大阪府 大阪市 堺筋本町駅,年収582万円～796万円,12日前,doda
株式会社パソナテック,Web系システム開発エンジニア,大阪府 大阪市 新大阪駅,年収400万円～800万円,公開していません,doda
株式会社カスタムジャパン,Web・クラウドエンジニア 二輪&四輪パーツ,大阪府 大阪市 日本橋駅 徒歩1分,年収600万円～800万円,8日前,doda
アイレット株式会社,Webアプリエンジニア,大阪府 大阪市 北区,年収500万円～700万円,22日前,doda
株式会社ネクストビート,Webアプリケーションエンジニア,大阪府 大阪市 中津駅 徒歩3分,年収500万円～840万円,19日前,doda
株式会社ブレーンナレッジシステムズ,スマホ用Webシステム開発エンジニア,大阪府,年収400万円～550万円,公開していません,doda
株式会社ジェーエムエーシステムズ,Webアプリケーション開発エンジニア,大阪府 大阪市 淀屋橋駅,年収530万円～960万円,22日前,doda
株式会社エムティーアイ,WEBエンジニア,大阪府,年収450万円～600万円,公開していません,Spring転職エージェント
株式会社フューチャーショップ,これからのECの姿を作るWebエンジニア,大阪府 大阪市 大阪駅 徒歩5分,年収350万円～600万円,19時間前,CREATIVE JOB
株式会社i-plug,WEBアプリケーションエンジニア,大阪府 大阪市 西中島南方駅,"年収560万円～1,000万円",公開していません,doda
エックスサーバー株式会社,Web開発エンジニア／平均残業月2H以下／ライフスタイルに合わせて選べる勤務体系,大阪府 大阪市 大阪駅,年収400万円～700万円,公開していません,doda
株式会社NTTスマイルエナジー,Webサービス開発エンジニア NTT西日本×オムロン／脱炭素に貢献,大阪府 大阪市 中央区,年収550万円～750万円,12日前,doda
株式会社レポハピ,Webサービス開発エンジニア／急成長中のスタートアップ,大阪府 大阪市 北区,年収400万円～700万円,14日前,doda
SuprieveHoldings株式会社,マークアップエンジニア／コーダー／WEBデザイナー,大阪府 大阪市 大阪駅,月給25万円～60万円,公開していません,かんたん応募
株式会社BeForward,web・業務系エンジニア,大阪府 大阪市 淀屋橋駅,年収350万円～600万円,公開していません,doda
株式会社パワーハウス,Web・オープン系エンジニア,大阪府 大阪市 本町駅 徒歩3分,年収320万円～600万円,2日前,Green
ケントシステム株式会社,インフラエンジニア／Webデザイナー／オフィス系 PM 開発·インフラ不問 大手案件多数,大阪府 大阪市 堺筋本町駅 徒歩7分,月給20万円～50万円,26日前,ケントシステム株式会社
トゥモローゲート株式会社,WEBエンジニア,大阪府 大阪市 心斎橋駅 徒歩3分,年収300万円～700万円,公開していません,U29JOB
株式会社フォー・クオリア 大阪オフィス,WEB・アプリ開発エンジニア,大阪府 大阪市 堺筋本町駅 徒歩1分,年収400万円～700万円,26日前,type
バルテス株式会社,クオリティエンジニア Webシステム系 PL・PM,大阪府 大阪市 西区,"年収400万円～1,000万円",7日前,かんたん応募
株式会社ステークホルダーコム,WEB開発エンジニア～教育系システム開発に強み／アプリ開発黎明期からの実績多数～,大阪府 大阪市 本町駅,年収306万円～700万円,公開していません,doda
Sky株式会社,Web系開発エンジニア,大阪府 大阪市 淀川区,月給53万円～59万円,24日前,doda
AXIS合同会社,WEBデザイナー WEB制作／WEBデザイン エンジニア職,大阪府 大阪市 北区,"時給1,400円～3,800円",公開していません,AXIS合同会社
アクサス株式会社,開発エンジニア／Web業務システムやサイト開発、スマートフォンアプリ開発など,大阪府 大阪市 大阪駅,年収420万円～720万円,21日前,Ｔジョブ
株式会社GSIもしくは、大阪府内顧客先,未経験からWEBエンジニアに!／転勤無し／最大4ヵ月の研修制度有,大阪府 大阪市 本町駅,月給21万円～,公開していません,株式会社GSI
ノルディア株式会社,Web系アプリケーション開発エンジニア,大阪府 大阪市,年収287万円～387万円,12日前,doda
アイテック阪急阪神株式会社,Webシステムエンジニア,大阪府 大阪市 野田阪神駅,年収400万円～700万円,22日前,doda
株式会社テクノクリエイティブ,Web・オープン系システムエンジニア,大阪府 大阪市 堺筋本町駅,年収370万円～700万円,公開していません,doda
株式会社デジタルビジョン,Web・オープン系開発エンジニア,大阪府 大阪市 淀屋橋駅 徒歩3分,年収400万円～700万円,公開していません,paiza転職
株式会社サイバーエージェント,フロントエンドエンジニア／Webフロントエンジニア Reactを用いたWebアプリ開発経験を活かせる,大阪府 大阪市 大阪駅,"年収450万円～1,200万円",公開していません,レバテックキャリア
ソプラ株式会社,Web・業務系システムエンジニア,大阪府 大阪市 北新地駅,年収340万円～600万円,4日前,doda
株式会社ウイングノア,Webサービスエンジニア,大阪府 大阪市 北区,月給30万円～50万円,公開していません,株式会社ウイングノア
株式会社DENTAQ SYSTEM,webソフトウェア開発／エンジニアにとって働きやすい環境,大阪府 大阪市 本町駅,年収250万円～750万円,1日前,doda
トランスコスモス株式会社 DEC統括,Webシステム開発エンジニア,大阪府 大阪市 西区,年収380万円～550万円,18日前,paiza転職
TIPSシステム株式会社,Webオープン系エンジニア 大阪,大阪府 大阪市 南森町駅 徒歩6分,年収350万円～650万円,11時間前,Green
株式会社新日本ニーズ,オープン・WEB系システムエンジニア,大阪府 大阪市 肥後橋駅,"月給25万5,000円～",公開していません,かんたん応募
アビームシステムズ株式会社,業務アプリケーション ITコンサルタント／アプリケーション エンジニア／Web エンジニア,大阪府,年収420万円～860万円,5日前,Spring転職エージェント
セントラルエンジニアリンググループ,WEBサイト開発エンジニア,大阪府 大阪市 本町駅,月給23万円～32万円,4時間前,セントラルエンジニアリンググループ
Robotシステム株式会社,自社WEBサービスのバックエンドエンジニア 残業20h以内,大阪府 大阪市 西中島南方駅,"年収600万円～1,080万円",公開していません,doda
株式会社パスコ,Web開発エンジニア,大阪府 大阪市 難波駅,年収450万円～650万円,公開していません,doda
永野設備工業株式会社,Webアプリケーションエンジニア,大阪府 岸和田市 東岸和田駅 徒歩10分,年収400万円～600万円,公開していません,paiza転職
株式会社ユニクエスト,自社WEBアプリのリードエンジニア,大阪府 大阪市 肥後橋駅,年収600万円～850万円,5日前,doda
アクティス・ジャパン株式会社,関西エリア／高還元 WEB系開発システムエンジニア SE／PG,大阪府 大阪市 本町駅 徒歩3分,年収350万円～720万円,公開していません,Green
ジャパンキャスト株式会社,WEBエンジニア／未経験歓迎／リモート案件あり／年休125日,大阪府 大阪市 肥後橋駅 徒歩3分,月給20万円～50万円,公開していません,doda
株式会社KYOSO,web開発エンジニア,大阪府 大阪市 本町駅,年収407万円～728万円,19日前,doda
株式会社グリーンウェイズ,Webエンジニア／年間休日130日以上・経験を活かせる・案件多数あり,大阪府 大阪市 北区,月給26万円～60万円,7日前,かんたん応募
株式会社アクロビジョン,ITエンジニア／Web面接1回／充実の研修期間／給与高額還元,大阪府 大阪市 西区,月給24万円～,27日前,doda
株式会社Colobiz,システムエンジニア Webアプリケーションの構築、既存サービスの保守／管理、社内システム開発など,大阪府 大阪市 桜川駅,年収264万円～600万円,公開していません,レバテックキャリア
株式会社クロノス,WEBエンジニア,大阪府 大阪市 本町駅 徒歩3分,年収300万円～600万円,公開していません,キャリコネ転職
株式会社カイテクノロジー,Webオープン系エンジニア,大阪府 大阪市 新大阪駅,年収420万円～600万円,公開していません,doda
日本メカトロン株式会社,WEBエンジニア／経験浅い方も歓迎!育成環境,大阪府,年収240万円～360万円,13日前,リクルートエージェント
株式会社レッツアイ,Webプログラマー／システムエンジニア,大阪府 大阪市 本町駅,"時給1,400円～1,500円",公開していません,Let's i
株式会社ボイス,Webエンジニア,大阪府,年収450万円～900万円,1日前,type
株式会社ドリームジャック,Web系エンジニア,大阪府 大阪市 西中島南方駅 徒歩5分,月給25万円～50万円,1日前,type
株式会社スマレジ,WEBアプリ開発エンジニア／開発年数・言語不問／面接1回,大阪府 大阪市 本町駅,月給25万円～57万円,22日前,doda
株式会社シー・エス・イー,Web・モバイルアプリ開発エンジニア 社内請負開発 在宅勤務可,大阪府 大阪市 肥後橋駅,年収350万円～550万円,25日前,doda
HappyLifeCreators株式会社,VR・AR技術が得意なITスタートアップでギークなWebエンジニア,大阪府 大阪市 西中島南方駅 徒歩1分,月給34万円～,11日前,エンジニアHubキャリア
株式会社ワタナベ,Webデザイナー／エンジニア職,大阪府 大阪市 都島区,月給25万円～48万円,26日前,株式会社ワタナベ
シルバーエッグ・テクノロジー株式会社,Webエンジニア,大阪府 吹田市 江坂駅 徒歩1分,年収450万円～750万円,22時間前,U29JOB
株式会社トライト,大阪本社勤務 自社メディアのWEBエンジニア,大阪府 大阪市 東梅田駅 徒歩1分,"年収550万円～1,100万円",1日前,Green
アイ・エイ・ジェイ株式会社,上流工程に特化 WEB開発エンジニア／PL 年間休124日,大阪府 大阪市,年収400万円～700万円,6日前,リクナビNEXT
株式会社ジェイオンライン,WEBシステムエンジニア・プログラマー募集,大阪府 大阪市 梅田駅 徒歩7分,月給25万円～45万円,11日前,Find Job!
トランスコスモス株式会社,Webエンジニア,大阪府 大阪市 肥後橋駅 徒歩9分,年収500万円～700万円,23時間前,U29JOB
株式会社ファサードパターン,WEBエンジニア／第2新卒歓迎／週休3日制導入検討中／ユニークな制度多数,大阪府 大阪市 北区,年収350万円～544万円,3日前,リクルートエージェント
株式会社ヒューマンウェイブ,Web・オープン系システムエンジニア／通信・インターネット・ソフトウェア,大阪府 大阪市 心斎橋駅,月給17万円～45万円,4日前,バイトルPRO
株式会社シェアコネクト,Webサービス系エンジニア・プログラマ,大阪府 大阪市 中津駅,年収400万円～700万円,公開していません,かんたん応募
楽天グループ株式会社,WEBアプリケーションエンジニア,大阪府 大阪市 肥後橋駅 徒歩2分,"年収500万円～1,000万円",公開していません,U29JOB
株式会社アライズ,Webエンジニア,大阪府 大阪市 大阪駅 徒歩5分,"月給23万円～33万4,500円",5日前,type
パーソルエクセルHRパートナーズ株式会社 テクニ...,Web・オープン系システムエンジニア／サービス,大阪府 大阪市 大国町駅 徒歩5分                                                                                                                                                                その他 (8),"時給2,400円～2,500円",4日前,バイトルPRO
株式会社ポテンシャルユナイテッド,WEBエンジニア、社内SE,大阪府 大阪市 天満橋駅 徒歩5分,年収400万円～680万円,公開していません,paiza転職
株式会社アリベル,WEB系・オープン系エンジニア ストレス負荷が無い人間関係とワークライフバランスが強み,大阪府,年収400万円～800万円,公開していません,かんたん応募
株式会社ブイキューブ,プロジェクトマネージャー・Webエンジニア,大阪府 大阪市 堺筋本町駅 徒歩1分,年収480万円～900万円,20時間前,U29JOB
株式会社リプロス,SE システム開発 WEBエンジニア 100%プライム案件・自社内開発のPL／PM経験者募集,大阪府 大阪市 天神橋筋六丁目駅 徒歩4分,"月給34万6,000円～47万8,000円",公開していません,株式会社リプロス
PCI-NK-プロジェクト,新規設立のWEB制作会社での制作業務全般／WEBエンジニア,大阪府 茨木市 茨木市駅,月給20万円～,公開していません,PCI-NK-プロジェクト
アデコ株式会社,WEBエンジニア,大阪府 大阪市 大阪梅田駅 徒歩5分,"時給2,500円～",14日前,Adecco 派遣
株式会社トライシード,自社サービスのWebエンジニア,大阪府 大阪市 大阪天満宮駅,年収350万円～500万円,18日前,かんたん応募
株式会社エクス,WEBアプリエンジニア 生産管理システム シェアトップクラス! 働きやすい環境と,大阪府,年収344万円～615万円,18日前,キャリフレ
株式会社AUTOHUB,Web・オープン系システムエンジニア／Web／IT,大阪府 泉大津市 泉大津駅 バス10分,月給30万円～,5日前,バイトルPRO
シーズファイブ株式会社,ITエンジニア Web・アプリ開発／インフラ運用・構築 在宅,大阪府 大阪市,月給23万円～100万円,5日前,リクナビNEXT
株式会社クリエーション・ビュー,フルリモート勤務／web系システム開発エンジニア／賞与年2回,大阪府 大阪市 北区,月給25万円～50万円,27日前,doda
株式会社ミツエーリンクス,Webオープン系／システムエンジニア,大阪府 大阪市 西中島南方駅 徒歩2分,公開していません,9時間前,Green
GIVEXTEND,WEB・業務系エンジニア PL／PL候補 WEB面接OK,大阪府 大阪市,月給30万円～50万円,公開していません,GIVEXTEND
株式会社ファイン,自社プロダクトのWEBエンジニア／残業月10h程／リモート可,大阪府 大阪市 本町駅 徒歩1分,月給23万円～50万円,公開していません,doda
運営元 株式会社CLAYPLUS／大阪府 採用窓口,Webサービス系エンジニア・プログラマ,大阪府 大阪市 北区,年収400万円～700万円,7日前,かんたん応募
株式会社センティリオンシステム,大阪・webエンジニア Google社パートナー／リモート可 SIer出身者も歓迎,大阪府 大阪市 中央区,年収350万円～650万円,13日前,リクルートエージェント
株式会社TAPP,バックエンドエンジニア 不動産×webマーケで300%成長のベンチャー 服装自由,大阪府 大阪市 大阪駅,"年収520万円～1,000万円",公開していません,doda
株式会社ジンジブ,アプリ・Webエンジニア,大阪府 大阪市 堺筋本町駅 徒歩2分,年収480万円～600万円,6日前,Green
株式会社ワークポート,株式会社NTTスマイルエナジー／Webサービスエンジニア／403630882,大阪府 大阪市 堺筋本町駅 徒歩4分,年収500万円～800万円,12日前,Find Job!
株式会社セカンド,ワクワクしてみませんか?0からWEBエンジニアとしてのキャリアを歩む,大阪府 大阪市 南森町駅,月給20万円～40万円,8時間前,株式会社セカンド
ヒューマンソフト株式会社,Web・オープン系システムエンジニア／Web／IT,大阪府 大阪市 本町駅,公開していません,公開していません,バイトルPRO
株式会社マイナビワークス,梅田×2500円～↑有名IT企業でWEBエンジニア 3名募集,大阪府 大阪市 梅田駅 徒歩6分,"時給2,500円",18日前,マイナビスタッフ 派遣
株式会社khronos,Web・オープン系システムエンジニア／通信・インターネット・ソフトウェア,大阪府 大阪市 西中島南方駅 徒歩2分,月給24万円～32万円,公開していません,バイトルPRO
日本ヘルスケア・マーケティング株式会社,Webサービス系エンジニア・プログラマ31127,大阪府 大阪市 北区,年収400万円～700万円,21日前,かんたん応募
株式会社アレグロマジック,Webエンジニア 居住地制限無 月平均残業10HでWLB充実,大阪府 大阪市 港区,年収350万円～500万円,18日前,リクルートエージェント
株式会社フューチャースコープ,WEB開発エンジニア／大阪 自社開発のエンジニアとして成長したい方必見,大阪府 大阪市 浪速区,年収300万円～500万円,13日前,リクルートエージェント
株式会社マイナビEdge,総合エンジニアリングパイオニア企業のWeb開発系エンジニア／マイナビグループ,大阪府 大阪市 本町駅,年収310万円～,17日前,マイナビジョブ20's
TDCソフト株式会社,Web系システムエンジニア,大阪府,年収357万円～598万円,公開していません,Spring転職エージェント
中央システムサービス株式会社,Web・オープン系システムエンジニア／Web／IT,大阪府 大阪市 西大橋駅 徒歩3分,月給20万円～,公開していません,バイトルPRO
株式会社アルテクス,WEB系・言語系エンジニア,大阪府 大阪市 西中島南方駅 徒歩7分,月給23万円～38万円,公開していません,ハローワーク淀川
株式会社インターテクノ,経験者歓迎のWEBアプリ開発 システムエンジニア,大阪府 大阪市 新大阪駅 徒歩5分,"時給2,500円",28日前,ジョブルックKansai
株式会社電通デジタル,webデザイナー／フロントエンドエンジニア,大阪府 大阪市 北区,"年収450万円～1,000万円",公開していません,株式会社電通デジタル
株式会社ビジネスブレーン,Webエンジニア／自社内勤務／月給35万円以上／完全週休2日,大阪府 大阪市 西中島南方駅 徒歩5分,月給35万円～42万円,25日前,doda
アルカディア・システムズ株式会社,オープン・WEB系エンジニア プライム案件有,大阪府 大阪市 淀川区,年収300万円～600万円,公開していません,パソナキャリア
株式会社EMI,Webデザイナー／エンジニア,大阪府 大阪市 北区,"時給1,500円～4,000円",公開していません,株式会社EMI
Vareal株式会社,Webシステムエンジニア ～リモートOK／受託・自社内開発／Rubyのフルスタック開発が強み,大阪府,年収400万円～700万円,24日前,Vareal株式会社
株式会社キングプリンターズ,WEBエンジニア,大阪府 大阪市 御幣島駅 徒歩7分,月給22万円～40万円,11日前,U29JOB
マインドフリー株式会社,Webアプリケーションエンジニア,大阪府 大阪市 北浜駅,年収400万円～600万円,10日前,Green
株式会社アクターリアリティー,Web・オープン系システムエンジニア／製造・流通・商社・メーカーなど,大阪府 大阪市 京橋駅 徒歩4分,月給25万円～45万円,4日前,バイトルPRO
株式会社B・P・S,今月応募者に入社祝金30万支給 業務、オープン・Web系エンジニア,大阪府 大阪市 大阪駅 徒歩10分,月給27万円～50万円,公開していません,PROSEEK
株式会社インサイト,web系開発エンジニア,大阪府 豊中市 千里中央駅 徒歩5分,月給20万円～,公開していません,株式会社インサイト
Tryce tech株式会社,”ゲーム好き必見”WEBエンジニア／プログラマー,大阪府 大阪市 北区,月給20万円～50万円,公開していません,Tryce tech株式会社
In.Te株式会社,オープン系・WEB系エンジニア,大阪府,年収280万円～500万円,公開していません,パソナキャリア
シビレ株式会社,大阪に新拠点も。創造的な活動にフォーカスできる社会へ!Webアプリケーションエンジニア,大阪府 大阪市 大阪駅 徒歩5分,月給30万円～,公開していません,シビレ株式会社
クローバーラボ株式会社,Webエンジニア／アプリケーションエンジニア,大阪府 大阪市 中津駅 徒歩2分,年収280万円,公開していません,IMAGICA DIGITALSCAPE
DiCE JAPAN株式会社,Web・オープン系システムエンジニア／通信・インターネット・ソフトウェア,大阪府 大阪市 梅田駅 徒歩5分,"時給1,000円～1,200円",23日前,バイトルPRO
株式会社KIDA,WEBアプリエンジニア,大阪府 大阪市 福島区,月給25万円～,6日前,株式会社KIDA
株式会社フレーム,業界未経験歓迎 IT技術を身に付けたい方／SE／エンジニア／Web／開発／インフラエンジニア,大阪府 大阪市 大阪駅,月給25万円～40万円,8時間前,株式会社フレーム
株式会社ハート・オーガナイゼーション,Webエンジニア,大阪府 大阪市 新大阪駅 徒歩3分,年収450万円～800万円,公開していません,paiza転職
ビートテック株式会社,Webアプリ開発エンジニア エンジニアファーストとワークライフバランスを実現する,大阪府,年収324万円～720万円,18日前,キャリフレ
株式会社ネットオン,自社サービス開発Webシステムエンジニア,大阪府 大阪市 梅田駅,月給21万円～,公開していません,株式会社ネットオン
株式会社ウィファブリック,自社開発WEBエンジニア 新しい形のアパレルECアウトレットモールの構築と運用,大阪府 大阪市 本町駅 徒歩7分,年収400万円～800万円,公開していません,Green
株式会社アイスタンダード,Web開発エンジニア,大阪府,年収420万円～800万円,公開していません,paiza転職
株式会社エクシオジャパン,プログラマー WEBアプリケーション開発エンジニア,大阪府 大阪市 大阪駅,年収800万円,公開していません,株式会社エクシオジャパン
株式会社シーティープランニング,WEB系システムエンジニア,大阪府 大阪市 天王寺駅 徒歩4分,年収422万円～554万円,6日前,Green
MARQS株式会社,Webデザイナー、UIエンジニア,大阪府 大阪市 心斎橋駅 徒歩3分,月給25万円～40万円,公開していません,MARQS株式会社
株式会社ラミティス,プログラマー、システムエンジニア、インフラエンジニア、ヘルプデスク等、ITエンジニア全般 WEB,大阪府,月給21万円～36万円,27日前,株式会社ラミティス
株式会社spunto,SE／インフラエンジニア WEB系SE 賞与3回 厚労省認定ホワイト企業,大阪府 大阪市 大阪駅 徒歩8分,月給28万円～,公開していません,株式会社spunto
株式会社アイエスサービス,システムエンジニア Web系・オープン系,大阪府 大阪市 堺筋本町駅 徒歩5分,年収360万円～860万円,2日前,Green
バルテス・モバイルテクノロジー株式会社,Web開発エンジニア,大阪府 大阪市 西区,年収400万円～600万円,公開していません,paiza転職
株式会社SHIFT,Webデザイナー／フロンドエンドエンジニア,大阪府 大阪市 中央区,年収400万円～700万円,公開していません,paiza転職
SGフィルダー株式会社,安定企業でスキルアップを目指すWeb・オープン系エンジニア,大阪府 大阪市 鶴見区,月給25万円～35万円,公開していません,かんたん応募
株式会社パイ・アール,完全自社開発!webエンジニア／大阪／転勤なし,大阪府 大阪市 天満橋駅,月給24万円～30万円,公開していません,株式会社パイ・アール
株式会社PPFパートナーズ,オープン系・Web系システムエンジニア,大阪府,年収300万円～500万円,公開していません,Aidem Smart Agent 転職
株式会社金剛情報システム,Web・オープン系エンジニア,大阪府 大阪市 中央区,月給20万円～60万円,公開していません,株式会社金剛情報システム
株式会社エースラボ,Webコーダー・フロントエンドエンジニア,大阪府 大阪市 天神橋筋六丁目駅 徒歩3分,月給22万円～,公開していません,株式会社エースラボ
ブランシェス株式会社,イオングループで働く WEBエンジニア・ECサイト運営,大阪府 吹田市 江坂駅 徒歩7分,月給25万円～35万円,21時間前,リクナビNEXT
株式会社NYKシステムズ,WEBアプリ開発エンジニア／プログラマ 完全自社開発／自社3DCADソフト「Rebro」,大阪府 大阪市 北区,"年収500万円～1,050万円",6時間前,リクルートエージェント
GRASグループ株式会社,Webアプリエンジニア,大阪府,年収400万円～700万円,12時間前,べティ
株式会社Savior,Webシステム開発・運用エンジニア,大阪府 大阪市 本町駅 徒歩5分,"月給25万1,000円～32万6,200円",公開していません,株式会社Savior
株式会社ロックウェーブ,WEBエンジニア,大阪府 大阪市 新大阪駅 徒歩5分,"月給45万8,000円～",1日前,U29JOB
株式会社ルーシッドテック,Webサービス系エンジニア・プログラマ,大阪府 大阪市 西区,年収400万円～500万円,3日前,かんたん応募
株式会社アウトソーシングテクノロジー,WEBアプリケーションエンジニア,大阪府 大阪市 北区,年収320万円～600万円,1時間前,ワークポート
株式会社UPMILLS,〜60万／Webエンジニア／Python／Java／PHP,大阪府 吹田市 江坂駅,月給～60万円,1日前,modis
株式会社Standard,大阪／Webエンジニア 雇止め実績なし!自分の技術を直接会社に反映できる,大阪府 吹田市,年収350万円～600万円,6時間前,リクルートエージェント
株式会社ラフール,Webアプリエンジニア,大阪府,月給45万円～59万円,1日前,エンジニアHubキャリア
株式会社トリニティーホールディングス-人事部 株...,WEBエンジニア,大阪府 大阪市 西区,月給24万円～45万円,1日前,株式会社トリニティーホールディングス-人事部
株式会社パン・クリスタル,Web・オープン系システムエンジニア／通信・インターネット・ソフトウェア,大阪府 大阪市 西中島南方駅 徒歩3分,月給25万円～50万円,23時間前,バイトルPRO
株式会社パリエ,システムエンジニア アプリ・WEBシステムの開発,大阪府 門真市,"時給2,500円～3,000円",18時間前,かんたん応募
株式会社リモハブ,WEBアプリエンジニア,大阪府 吹田市 江坂駅 徒歩6分,年収500万円～800万円,23時間前,U29JOB
株式会社Fittio,テストエンジニア／WEB開発,大阪府,"時給1,800円～",5日前,Fittio
株式会社オズソフトコンサルタンツ,Web・オープン系システムエンジニア／Web／IT,大阪府 大阪市 肥後橋駅 徒歩3分,月給23万円～,17時間前,バイトルPRO
ヘイズ・スペシャリスト・リクルートメント・ジャパ...,ほぼ在宅勤務 AI関連企業でのWebエンジニア,大阪府 吹田市 江坂駅 徒歩3分,"時給2,600円～2,900円",6日前,エン派遣
運営元 株式会社CLAYPLUS大阪府 応募窓口,Webサービス系エンジニア・プログラマ,大阪府 大阪市 北区,年収450万円～850万円,7日前,かんたん応募
エイビースタッフ株式会社,WEBアプリケーションエンジニア,大阪府 堺市 北区                                                                                                                                                                その他 (6),月給21万円～44万円,7日前,かんたん応募
運営元 株式会社CLAYPLUS／大阪府 求人窓口,Webサービス系エンジニア・プログラマ,大阪府 大阪市 西区,年収400万円～500万円,7日前,かんたん応募
運営元 株式会社CLAYPLUS大阪府 窓口,Webサービス系エンジニア・プログラマ,大阪府 大阪市 大阪駅,年収350万円～450万円,7日前,かんたん応募
株式会社LUXAS,WEBアプリケーションエンジニア,大阪府 豊中市,月給21万円～44万円,8日前,かんたん応募
株式会社夢テクノロジー,webエンジニア,大阪府 大阪市 中央区,月給22万円～40万円,3日前,株式会社夢テクノロジー
運営元 株式会社CLAYPLUS／大阪府 転職窓口,Webサービス系エンジニア・プログラマ,大阪府 大阪市 北区,年収350万円～800万円,7日前,かんたん応募
日本ウェブサービス株式会社,WEBオープン系システムエンジニア／賞与3回,大阪府 大阪市 大阪駅,年収400万円～800万円,7日前,マイナビジョブ20's
株式会社EN,メーカー系などのWEB開発やアプリ開発エンジニア,大阪府 大阪市 新大阪駅,年収400万円～600万円,6日前,株式会社EN
株式会社デジタルブロックス,ITエンジニア Web・オープン系開発,大阪府 大阪市 北区,年収500万円～700万円,7日前,かんたん応募
株式会社上武,Webアプリケーションエンジニア,大阪府 大阪市 天満橋駅 徒歩3分,年収350万円～600万円,6日前,U29JOB
株式会社エービーシステム,Web系開発エンジニア,大阪府 大阪市 大阪天満宮駅 徒歩2分,月給28万円～50万円,8日前,type
株式会社日本AIコンサルティング,WEBエンジニア 将来のCTO候補 SaaSプロダクト開発,大阪府 吹田市,年収500万円～700万円,12日前,リクルートエージェント
株式会社GREETING WORKS,WEBエンジニア ～ユーザーの声からやりがいに～,大阪府 大阪市 西区,年収400万円～600万円,13日前,リクルートエージェント
Chatwork株式会社,Webフロントエンドエンジニア,大阪府 大阪市 北区,"年収500万円～1,000万円",11日前,パソナキャリア
株式会社オノフ,Webエンジニア 企業のWebシステム開発業務／大手案件実績多数,大阪府 大阪市 西区,年収450万円～768万円,13日前,リクルートエージェント
株式会社パナR&D,WEB面接可／ITエンジニア・関西 無期雇用派遣／キャリア支援有,大阪府,年収360万円～700万円,13日前,リクルートエージェント
インフォメーションサービスフォース株式会社,Webアプリケーションエンジニア～SES事業拡大メンバー募集～,大阪府 大阪市 西区,年収300万円～600万円,11日前,リクルートエージェント
株式会社ナスピア,業界未経験者OK WEBエンジニア職／教育×DX／働きやすい環境,大阪府 大阪市 北区,年収350万円～500万円,13日前,リクルートエージェント
株式会社メイテック,エンジニア未経験未就業の方 エンジニア／WEB面接可／無期雇用派遣,大阪府,年収400万円～500万円,12日前,リクルートエージェント
ミーレ・ジャパン株式会社,フィールドサービスエンジニア WEB面接可／社用車支給,大阪府 大阪市 住之江区,年収400万円～500万円,13日前,リクルートエージェント
株式会社NTTデータMSE,アプリケーション開発エンジニア WEB面接可,大阪府 大阪市 淀川区,年収480万円～650万円,13日前,リクルートエージェント
コベルコソフトサービス株式会社,Web・オープン系開発エンジニア 日本IBM×神戸製鋼の系列,大阪府,年収461万円～556万円,12日前,リクルートエージェント
グローバルライフサイエンステクノロジーズジャパン...,大阪／フィールドエンジニア／WEB面接可 米国ダナハーグループ／夜間休日呼出無,大阪府 大阪市 福島区,年収400万円～700万円,13日前,リクルートエージェント
ダイキン・ザウアーダンフォス株式会社,品質エンジニア／WEB面接可,大阪府 摂津市,年収400万円～500万円,13日前,リクルートエージェント
株式会社ミウラ,WEB面接可 インフラエンジニア NTTグループ案件,大阪府 大阪市 西区,年収400万円～600万円,13日前,リクルートエージェント
株式会社エスユーエス,大阪／エリア限定 Web開発エンジニア ポテンシャル採用／東証グロース上場,大阪府 大阪市 北区,年収350万円～500万円,13日前,リクルートエージェント
ジャパニアス株式会社,WEB・アプリ開発システムエンジニア,大阪府,年収300万円～400万円,12日前,U29JOB
株式会社クボタ,農業向けWebアプリケーションエンジニア,大阪府 堺市,年収450万円～850万円,12日前,リクルートエージェント
株式会社アスリード,WEB面接可 インフラエンジニア 大手企業がメイン!在宅勤務実績あり,大阪府,年収350万円～630万円,13日前,リクルートエージェント
株式会社ボールド,システムエンジニア、webエンジニア,大阪府 大阪市 大阪駅,年収400万円～756万円,15日前,paiza転職
株式会社ニューズピックス,Webアプリケーションエンジニア ソーシャル経済メディア「NewsPicks」,大阪府,"年収615万円～1,000万円",18日前,リクルートエージェント
株式会社コアコンセプト・テクノロジー,大阪 Webエンジニア／リーダー候補 平均年収600万以上／2021年グロース上場,大阪府 大阪市 淀川区,年収400万円～800万円,13日前,リクルートエージェント
山喜株式会社,WEBエンジニア,大阪府 大阪市 玉造駅 徒歩5分,月給20万円～25万円,18日前,山喜株式会社
株式会社Branding Engineer,フルリモート! Web開発エンジニア募集 モダンな環境,大阪府 大阪市 梅田駅 徒歩5分,"時給2,200円～",23日前,エン派遣
株式会社ノース,Web・オープン系システムエンジニア／Web／IT,大阪府 大阪市 淀川区,"月給32万1,000円～",15日前,バイトルPRO
株式会社ユーニック,家電配送サービス・搬入企業でのフロントエンドエンジニア「WEB」,大阪府 門真市,月給35万円～,25日前,株式会社ユーニック
オムロン株式会社,製造現場向けのアプリケーションエンジニア／WEB面接可,大阪府 大阪市 港区,年収450万円～800万円,18日前,リクルートエージェント
DiCEJAPAN株式会社,未経験から始めるプログラマーへの道。Web系ITエンジニア,大阪府 大阪市 肥後橋駅 バス85分,"月給18万1,500円～83万4,100円",8時間前,DiCEJAPAN株式会社
株式会社アクティブプランニング,IT・クリエイティブ Webエンジニア ECサイトでの開発／運用／保守,大阪府 大阪市 西区,年収400万円～600万円,21日前,株式会社アクティブプランニング
株式会社プラネット,WEBデザインエンジニア,大阪府 大阪市 北区,月給25万円～48万円,8時間前,株式会社プラネット
株式会社Varios,未経験OK 手に職つけるWEBエンジニア／土日祝休み,大阪府 堺市,月給25万円～,8時間前,株式会社Varios
ApexSolution合同会社,WEBデザイナー WEBデザイナーエンジニア,大阪府 大阪市 中央区,月給26万円～50万円,1時間前,ApexSolution合同会社
NOa Infinity株式会社,Webアプリ開発エンジニア,大阪府 大阪市 西区,月給20万円～70万円,8時間前,NOa Infinity株式会社
株式会社セフティライフ,Webサービス系エンジニア・プログラマ,大阪府 大阪市 北区,年収350万円～600万円,公開していません,かんたん応募
株式会社SALTO,web／オープン系開発エンジニア,大阪府 大阪市 中央区,年収450万円～600万円,10時間前,Green
日本アシスト株式会社,システムエンジニア Web系システム開発,大阪府 大阪市 大阪駅,年収300万円～550万円,公開していません,レバテックキャリア
コニカミノルタ株式会社,SE 自治体DX支援／システム構築・Webアプリ開発エンジニア／リモート可,大阪府 高槻市 高槻駅,"年収500万円～1,000万円",29日前,レバテックキャリア
ユニオンエタニティ株式会社,リードエンジニア・テックリード・Webエンジニア,大阪府 大阪市 四ツ橋駅 徒歩5分,年収500万円～750万円,9時間前,Green
株式会社Arriba,プログラマー・Web系エンジニア職募集!未経験者歓迎,大阪府 大阪市 北区,月給20万円～40万円,4日前,株式会社Arriba
SC-ConsultingLLC,SE アプリケーションエンジニア／プログラマ WEBアプリケーション 業務系アプリケーション,大阪府 大阪市 北区,月給28万円～70万円,1日前,SC-ConsultingLLC
株式会社プロシーズ,システムエンジニア Web／モバイル／インフラ 大阪勤務,大阪府 吹田市 江坂駅 徒歩3分,年収300万円～900万円,10時間前,Green
株式会社KOSHIKI,Webエンジニア EC領域でクライアントと共にビジネスを加速させませんか,大阪府 大阪市 難波駅 徒歩1分,年収420万円～550万円,10時間前,Green
株式会社ケーアンドエス,プログラマー・Web系エンジニア職募集!未経験者歓迎,大阪府 松原市                                                                                                                                                                その他 (4),月給20万円～40万円,6日前,株式会社ケーアンドエス
株式会社SPICA,プログラマー・Web系エンジニア職募集!未経験者歓迎,大阪府 大阪市 淀川区                                                                                                                                                                その他 (4),月給20万円～40万円,6日前,株式会社SPICA
株式会社エクセルライン,SE Web系・制御系 システムエンジニア／プログラマー Web系・制御系,大阪府 大阪市 北区,月給23万円～,6日前,株式会社エクセルライン
株式会社オールブルー,Webエンジニア 大阪,大阪府 大阪市,年収300万円～800万円,3日前,Green
株式会社カプコン,Web開発エンジニア 各種Webシステムの開発業務における要件定義から導入まで,大阪府 大阪市 天満橋駅,年収350万円～750万円,公開していません,レバテックキャリア
ビズネクストジャパン株式会社 エキスパートプラス,エンジニアスタッフ WEBやインフラなどのシステムの開発・サポート業務 ロボコン大会出場,大阪府 大阪市 北区,月給28万円～,5日前,ビズネクストジャパン株式会社エキスパートプラス
一般社団法人REGIE,プログラマー・Web系エンジニア職募集!未経験者歓迎,大阪府 大阪市 北区                                                                                                                                                                その他 (2),月給20万円～40万円,6日前,一般社団法人REGIE
株式会社ソフテムコム,オープン・Web系エンジニア,大阪府 大阪市 本町駅,年収400万円～700万円,公開していません,PROSEEK
ユーニス株式会社,WEB系エンジニア,大阪府 大阪市 中央区,年収380万円～520万円,公開していません,U29JOB
株式会社システナ,WEBアプリエンジニア ロボット・AI・IoT・スマホアプリ,大阪府,"月給23万5,000円",公開していません,U29JOB
株式会社グッド・フィール,Webエンジニア,大阪府 大阪市 梅田駅,年収400万円～550万円,公開していません,Geekly
株式会社トリックスター,WEBデザイナー、フロントエンジニア,大阪府 大阪市 堺筋本町駅 徒歩5分,"時給2,000円～2,400円",公開していません,しゅふJOB
マツダ株式会社,グローバルWebプラットフォームエンジニア／フルリモート,大阪府,年収400万円～900万円,公開していません,パソナキャリア
株式会社Bremen,WEBエンジニア職,大阪府 寝屋川市                                                                                                                                                                その他 (14),月給25万円～35万円,9日前,株式会社Bremen
株式会社日本取引所グループ,WEBエンジニア／自社サービス／次世代の取引所サービスを創出いただきます,大阪府,"年収600万円～1,000万円",公開していません,エン エージェント
合同会社春名,プログラマー・Web系エンジニア職募集!未経験者歓迎,大阪府 大阪市 中央区,月給20万円～40万円,6日前,合同会社春名
株式会社イマジカデジタルスケープ,Webエンジニア／アプリケーションエンジニア,大阪府 大阪市 西梅田駅 徒歩10分,"時給1,400円",公開していません,IMAGICA DIGITALSCAPE
株式会社Qukuri,Webアプリケーションエンジニア,大阪府 大阪市 本町駅 徒歩3分,月給30万円～45万円,4日前,ハローワーク大阪西
株式会社SOUNE,WEBデザイナー Webデザイナー／エンジニア,大阪府 大阪市 北区,月給25万円～45万円,5日前,株式会社SOUNE
株式会社フォーミラ,Webデザインエンジニア,大阪府 大阪市 淀川区,月給23万円～65万円,8日前,株式会社フォーミラ
AlphaSuperior株式会社,プログラマー・Web系エンジニア職募集!未経験者歓迎,大阪府 堺市 美原区                                                                                                                                                                その他 (2),月給20万円～40万円,12日前,AlphaSuperior株式会社
株式会社メディアタージ,Webエンジニア 裁量労働制／フルスタックエンジニア歓迎,大阪府 大阪市 堺筋本町駅,年収350万円～560万円,公開していません,レバテックキャリア
CrossCreation株式会社,プログラマー・Web系エンジニア職募集!未経験者歓迎,大阪府 大阪市 北区,月給18万円～22万円,12日前,CrossCreation株式会社
合同会社increase,WEBデザイナー／エンジニア／未経験歓迎,大阪府 大阪市 天王寺区,月給20万円～28万円,公開していません,かんたん応募
株式会社Y&K Narita Internati...,webプログラマー システムエンジニア 完全在宅ワーク,大阪府 大阪市,"月給30万6,051円～55万1,479円",公開していません,かんたん応募
株式会社レタス,Webシステム開発・システムエンジニア・プログラマー,大阪府 大阪市 北浜駅 徒歩2分,月給22万円～50万円,15日前,株式会社レタス
株式会社UKnet,Web系システムエンジニア,大阪府 大阪市 天満橋駅 徒歩5分,月給20万円～,14日前,株式会社UKnet
株式会社ライズサービス,WEBエンジニア・SE,大阪府 大阪市 本町駅 徒歩4分,月給30万円～46万円,公開していません,株式会社ライズサービス
タクト株式会社,プログラマー オープン・WEB系エンジニア これまでの経験に応じたお仕事をしていただきます,大阪府 大阪市 堺筋本町駅 徒歩5分,"月給18万2,000円～25万円",14日前,タクト株式会社
アステツク株式会社,WEBエンジニア クラウド／AI／フレックス／転勤無,大阪府,年収500万円～700万円,公開していません,Spring転職エージェント
シャープ株式会社,AIoT家電Webアプリケーション システムエンジニア,大阪府 八尾市 久宝寺駅,年収400万円～750万円,公開していません,シャープ株式会社
株式会社ジー・コミュニケーション,WEBエンジニア 大阪,大阪府 貝塚市 森駅 徒歩4分,年収350万円～600万円,9日前,Green
株式会社インフォアライブ,WEB系開発エンジニア,大阪府 吹田市 江坂駅 徒歩1分,年収300万円～700万円,9日前,Green
Fandy合同会社,プログラマー・Web系エンジニア職募集!未経験者歓迎,大阪府 大阪市 北区,月給20万円～40万円,20日前,Fandy合同会社
株式会社ビーネックステクノロジーズ,Webシステムのリバースエンジニアリング,大阪府 大阪市 西区,月給21万円～50万円,公開していません,株式会社ビーネックステクノロジーズ
株式会社アドカン,WEB系エンジニア,大阪府 大阪市 淀屋橋駅 徒歩6分,月給24万円～40万円,25日前,ハローワーク大阪東
株式会社YOLO JAPAN,WEBエンジニア,大阪府 大阪市 新今宮駅 徒歩2分,"年収350万円～1,000万円",12日前,Green
株式会社アイティープランニング,WEBエンジニア,大阪府 大阪市 肥後橋駅 徒歩1分,月給20万円～,26日前,株式会社アイティープランニング
株式会社ミライズワークス,Webディレクター・Webデザイナー・エンジニア マネジャー候補,大阪府 大阪市 中央区,年収420万円～600万円,11日前,Green
有限会社ティーティーデザイン 有限会社TTDes...,Webエンジニア・HTMLコーダー,大阪府 大阪市 扇町駅 徒歩5分,月給25万円～35万円,26日前,有限会社ティーティーデザイン
株式会社テクノスフィア,webオープン系開発エンジニア,大阪府 大阪市 新大阪駅 徒歩3分,"月給23万2,000円～69万5,000円",21日前,ハローワーク淀川
株式会社京信システムサービス,Web・オープン系システムエンジニア／通信・インターネット・ソフトウェア,大阪府,月給25万円～45万円,公開していません,バイトルPRO
アクティオサポート株式会社,Webディレクター、システムエンジニア、データ入力、タイピング,大阪府 大阪市 谷町四丁目駅 徒歩5分,"時給1,500円～",公開していません,バイトル
株式会社アイダックス,Web系システム開発エンジニア,大阪府 大阪市 谷町四丁目駅 徒歩3分,月給19万円～33万円,25日前,ハローワーク大阪東
株式会社コンビーズ,リーダー／Webエンジニア／新サービス／自社サービス20000社以上ご利用,大阪府 大阪市 北新地駅 徒歩3分,年収420万円～620万円,14日前,Green
合同会社A×C,WEBデザイン／WEBエンジニア・完全週休二日制・土日祝休み・プライベート充実,大阪府 大阪市 福島区,月給25万円～38万円,公開していません,合同会社A×C
株式会社パートナー,Web・オープン系システムエンジニア／通信・インターネット・ソフトウェア,大阪府 高槻市 高槻駅                                                                                                                                                                その他 (3),月給22万円～60万円,公開していません,バイトルPRO
株式会社エス・アイ・エス,SE WEB系エンジニア・プログラマー 業務系アプリケーション開発／有給休暇取得率70%以上,大阪府 大阪市 JR難波駅,月給21万円～35万円,公開していません,株式会社エス・アイ・エス
株式会社日本ピュアシステム,業務系アプリエンジニア Webエンジニア,大阪府 大阪市 本町駅 徒歩5分,年収350万円～650万円,公開していません,paiza転職
キャル株式会社,Web系開発エンジニア,大阪府 大阪市 心斎橋駅 徒歩1分,月給25万円～50万円,公開していません,ハローワーク大阪西
日本エクサシステム株式会社,Web・オープン系システムエンジニア／通信・インターネット・ソフトウェア,大阪府 大阪市 西中島南方駅 徒歩5分,"月給24万1,000円～63万7,000円",公開していません,バイトルPRO
カイロスマーケティング株式会社,WEBアプリ開発エンジニア,大阪府,年収420万円～,公開していません,カイロスマーケティング株式会社
TRASP株式会社,マークアップエンジニア／Webコーダー マネージャー候補,大阪府 大阪市 南森町駅,年収360万円～700万円,公開していません,レバテックキャリア
ESシステム株式会社,Web・オープン系システムエンジニア／Web／IT,大阪府 大阪市 扇町駅 徒歩3分,月給30万円～50万円,公開していません,バイトルPRO
株式会社ソフトサービスライフケア,Web・オープン系システムエンジニア／通信・インターネット・ソフトウェア,大阪府 大阪市 大阪ビジネスパーク駅,年収350万円～600万円,公開していません,バイトルPRO
プロシスタ株式会社,Webデザイナー・UIエンジニア,大阪府 大阪市 新大阪駅 徒歩8分,"月給19万775円～43万5,900円",29日前,プロシスタ株式会社
株式会社ビー・グルーヴ,Web・オープン系システムエンジニア／Web／IT,大阪府 大阪市 大阪駅,月給35万円～40万円,公開していません,バイトルPRO
NUシステムズ株式会社,Web・オープン系システムエンジニア／Web／IT,大阪府 大阪市 心斎橋駅 徒歩2分,月給20万円～45万円,公開していません,バイトルPRO
株式会社ケー・エス・ディー,Web・オープン系システムエンジニア／通信・インターネット・ソフトウェア,大阪府 大阪市 心斎橋駅 徒歩7分,年収450万円～650万円,公開していません,バイトルPRO
フィット産業株式会社,Web系システムエンジニア,大阪府 大阪市 新大阪駅,月給26万円～46万円,公開していません,ハローワーク淀川
株式会社都商,WEBエンジニア募集,大阪府 大阪市 大阪駅,月給20万円～100万円,公開していません,PROSEEK
株式会社京都システム技研,経験者歓迎 WEB系アプリ開発エンジニア,大阪府,"月給23万5,000円～45万円",公開していません,PROSEEK
株式会社エボラブルアジアエージェント,Webアプリケーションエンジニア,大阪府 大阪市 中央区,月給23万円～,公開していません,株式会社エボラブルアジアエージェント
リスタートソリューション合同会社,研修付き!ITエンジニア、プログラマー／ウェブライター大募集,大阪府 大阪市 大阪駅 徒歩8分,月給20万円～70万円,公開していません,かんたん応募
ヴァイタル・インフォメーション 株式会社,Web開発エンジニア,大阪府 大阪市 本町駅 徒歩3分,月給23万円～45万円,公開していません,ハローワーク大阪東
テトラコマンド株式会社,WEBエンジニア,大阪府 大阪市 中津駅 徒歩5分,月給23万円,公開していません,テトラコマンド株式会社
IKTEL株式会社,未経験WEBエンジニア／地方勤務可,大阪府 大阪市 天王寺駅 徒歩0分,月給20万円～60万円,公開していません,IKTEL株式会社
株式会社パートナーズ,WEBフロントエンドエンジニア,大阪府 大阪市 新大阪駅 徒歩3分,月給25万円～40万円,公開していません,ハローワーク豊橋
日本インターシステムズ株式会社,Web系システム開発エンジニア,大阪府 大阪市 北新地駅 徒歩1分,月給21万円～25万円,公開していません,ハローワーク梅田
株式会社リードエックス,Webデザイナー、UIエンジニア,大阪府 大阪市 北区,"日給1万円～1万5,000円",公開していません,株式会社リードエックス
関西ビジネスインフォメーション株式会社,エネルギー事業企業のシステムエンジニア／WEBサービス開発エンジニア,大阪府 大阪市 淀屋橋駅 徒歩5分,年収462万円～591万円,公開していません,マイナビジョブ20's
株式会社Crescent,プログラマー・Web系エンジニア職募集!未経験者歓迎,大阪府 大阪市 北区,月給20万円～40万円,公開していません,株式会社Crescent
株式会社スマイル,Webデザイナー、UIエンジニア,大阪府 大阪市 淀屋橋駅,月給25万円～35万円,公開していません,株式会社スマイル
株式会社ワサビ,WEB系システム開発エンジニア／PHPプログラマー 急募,大阪府 大阪市 大阪駅,月給30万円～60万円,公開していません,ハローワーク梅田
株式会社Ligato,プログラマー・Web系エンジニア職募集!未経験者歓迎,大阪府 大阪市 北区,月給20万円～40万円,公開していません,株式会社Ligato
株式会社エーアイスミス,WEBエンジニア,大阪府 大阪市 東梅田駅 徒歩1分,月給20万円～50万円,公開していません,ハローワーク梅田
グリーンシステム株式会社,Web系システム開発エンジニア,大阪府 大阪市 大阪駅 徒歩5分,月給30万円～50万円,公開していません,ハローワーク梅田
株式会社ユアスタイル,WEB系システムエンジニア・プログラマー,大阪府 大阪市 大阪天満宮駅,月給30万円～50万円,公開していません,ハローワーク梅田
株式会社リープ,WEB系エンジニア,大阪府 大阪市 阿波座駅 徒歩7分,"月給25万円～45万8,000円",公開していません,ハローワーク大阪西
株式会社ゲート,WEBデザインフロントエンドエンジニア,大阪府 堺市 東区,月給26万円～55万円,公開していません,株式会社ゲート
株式会社ビーニー,Webデザイナー、UIエンジニア,大阪府 大阪市 中央区,"時給1,000円～1,500円",公開していません,株式会社ビーニー
Like合同会社,Webデザイナー、UIエンジニア,大阪府 貝塚市,"時給1,000円～1,500円",公開していません,Like合同会社
株式会社ソフトハート,WEBエンジニア,大阪府 大阪市 大阪駅 徒歩5分,年収250万円～500万円,公開していません,U29JOB
Tree Financial株式会社,未経験OK!手に職つけられるWEBエンジニア,大阪府 堺市,月給25万円～,公開していません,Tree Financial株式会社
株式会社ZIQCOM,Webエンジニア,大阪府 大阪市 西中島南方駅,"月給20万5,000円～22万円",公開していません,ハローワーク淀川
株式会社クリエイション,web オープン系システムエンジニア,大阪府 大阪市 南森町駅,"月給19万円～30万8,000円",公開していません,ハローワーク梅田
TISソリューションリンク株式会社,WEB系システムエンジニア,大阪府 大阪市 淀屋橋駅 徒歩5分,年収350万円～600万円,公開していません,U29JOB
株式会社アッドワン,Webエンジニア,大阪府 大阪市 淀屋橋駅 徒歩5分,"月給21万560円～35万6,940円",公開していません,ハローワーク梅田
株式会社麻布管理,Web・アプリ・ITエンジニア／研修制度整っております! オンラインでの面接OK,大阪府 大阪市 北区,月給25万円～,公開していません,株式会社麻布管理
山陽ファースト株式会社,WEBエンジニア,大阪府 大阪市 大阪上本町駅 徒歩3分,年収450万円～650万円,公開していません,Green
株式会社VALT,Webデザイナー、UIエンジニア,大阪府 大阪市 天満橋駅 徒歩5分,月給15万円～25万円,公開していません,株式会社VALT
株式会社PASS THE BATON,WEBエンジニア システム開発／業界に変革をもたらす自社サービス,大阪府 大阪市 西区,月給25万円～,公開していません,株式会社PASS THE BATON
アバンテック株式会社,WEB系システムエンジニア,大阪府 大阪市 長堀橋駅 徒歩3分,"月給23万1,125円～42万円",公開していません,ハローワーク大阪西
株式会社GSC,WEBアプリケーションエンジニア,大阪府 大阪市 西中島南方駅 徒歩5分,月給20万円～30万円,公開していません,株式会社GSC
株式会社Deftribe,Webデザイナー・UIエンジニア,大阪府 大阪市 心斎橋駅 徒歩3分,月給25万円～,公開していません,株式会社Deftribe
フューチャー・アンティークス株式会社,未経験・独学可 Webオープン系エンジニア,大阪府 大阪市 西梅田駅 徒歩3分,"月給20万5,000円～",公開していません,フューチャー・アンティークス株式会社
株式会社ラージ,Webデザイナー、UIエンジニア,大阪府 大阪市 中央区,月給20万円～30万円,公開していません,株式会社ラージ
株式会社伸和トータルエンジニアリング／開発センター,WEB系システムエンジニア,大阪府 大阪市 大阪天満宮駅 徒歩6分,月給20万円～,公開していません,株式会社伸和トータルエンジニアリング
アイオステクノロジー株式会社,Webエンジニア 経験者 オンライン面接実施中,大阪府 大阪市 難波駅,月給22万円～55万円,公開していません,アイオステクノロジー株式会社
株式会社with,Webサービス系エンジニア・プログラマ,大阪府 大阪市 大阪駅 徒歩15分,年収550万円～700万円,公開していません,株式会社with
株式会社HATCH,Webデザイナー、UIエンジニア,大阪府 大阪市 中央区,月給20万円～30万円,公開していません,株式会社HATCH
株式会社トライアンフ 東京オフィス,サービスエンジニア Web面接可,大阪府 大阪市 阿波座駅 徒歩2分,月給20万円～,公開していません,株式会社トライアンフ
株式会社YCMリアルエステートインターナショナル,ゲームテスター／デバッガー Web・アプリ・ITエンジニア,大阪府 大阪市 北区,月給25万円～,公開していません,株式会社YCMリアルエステートインターナショナル
株式会社ファイブステージ,Webデザイナー、UIエンジニア,大阪府 大阪市 なんば駅,"時給1,500円～3,000円",公開していません,株式会社ファイブステージ
株式会社JIRITA,社内WEBエンジニア,大阪府 大阪市 中崎町駅,年収300万円～350万円,公開していません,株式会社JIRITA
株式会社FAN・DREAM,クオリティエンジニア／Webシステム／PL・PMbt n,大阪府 大阪市 本町駅 徒歩3分,"月給33万円～83万3,000円",公開していません,株式会社FAN・DREAM
株式会社SNJAPAN,急募!ゲーム・webエンジニア大募集,大阪府 大阪市 北区,月給25万円～40万円,公開していません,株式会社SNJAPAN
株式会社フレワーク,プログラマー Webエンジニア,大阪府 大阪市 北区,月給23万円～35万円,公開していません,株式会社フレワーク
アンクラージェ株式会社,Web・オープン系エンジニア 未経験,大阪府 大阪市 本町駅 徒歩4分,月給20万円～28万円,公開していません,アンクラージェ株式会社
株式会社アイアンドディハヤト,有料職業紹介要員 ソフトウェア開発エンジニア／Web・オープン系または制御系／独立系SI／大阪勤務,大阪府,月給30万円～54万円,27日前,株式会社アイアンドディハヤト
株式会社アスパーク,機械設計エンジニア WEB面接実施中 年間休日120日以上／資格取得補助制度あり／転勤なし,大阪府 大阪市 梅田駅 徒歩5分,月給22万円～52万円,公開していません,株式会社アスパーク
株式会社Her's 大阪府,組み込み／制御系システム／スマホアプリ／Webシステム開発システムエンジニア,大阪府 大阪市 大阪駅,年収400万円～500万円,公開していません,株式会社Her's
株式会社グラント,オープン・WEB系エンジニア,大阪府 大阪市 大阪天満宮駅,月給26万円～40万円,公開していません,株式会社グラント
株式会社RIZE,スキル・知識0から始めるWEBエンジニア,大阪府 高槻市,月給20万円～25万円,公開していません,株式会社RIZE
株式会社FAN・DREAM 大阪オフィス,クオリティエンジニア／WEBシステム／PL・PM Va,大阪府 大阪市 本町駅 徒歩5分,月給33万円～83万円,公開していません,株式会社FAN・DREAM
株式会社ティルトローター,マークアップエンジニア・ WEBプログラマ,大阪府 大阪市 大国町駅 徒歩5分,月給28万円～,公開していません,株式会社ティルトローター
株式会社リーベルタース,業界未経験歓迎／安心して始められる研修あり／システムエンジニア／Webシステムアプリのプログラミング,大阪府 大阪市 北区,月給30万円～60万円,公開していません,株式会社リーベルタース
カーポートマルゼン住之江オフィス,Webデザイナー、UIエンジニア,大阪府 大阪市 住之江区,"月給19万6,000円～35万円",公開していません,株式会社カーポートマルゼン
株式会社ZERO-ONE 大阪,Webデザイナー、UIエンジニア,大阪府 吹田市 吹田駅 徒歩7分,月給23万円～30万円,公開していません,株式会社ZERO-ONE
ヴァイタル・インフォメーション株式会社,WEB／オープン系 エンジニア,大阪府 大阪市 本町駅 徒歩3分,"月給20万5,000円～40万円",公開していません,ヴァイタル・インフォメーション株式会社大阪本部
株式会社ネクステージ,SE Webシステムエンジニア キャリアに応じたWebアプリケーションなどの開発に従事していただきま...,大阪府 大阪市 大阪駅 徒歩7分,月給24万円～35万円,公開していません,株式会社ネクステージ
株式会社ミライアル,IT系派遣職 WEB系／業務系エンジニア,大阪府 大阪市 西長堀駅,月給20万円～60万円,公開していません,株式会社ミライアル
株式会社オンデーズ,WEBアプリケーションエンジニア,大阪府 大阪市 中央区,月給25万円,公開していません,専門学校の就活 Career Map
株式会社ドイコンピュータマネージメント,2023 新卒採用 情報処理,大阪府,"月給19万9,000円～22万円",公開していません,リクナビ2023
株式会社ピーエスシー,2023 新卒採用 インターネット関連,大阪府,"月給21万480円～22万1,860円",公開していません,リクナビ2023
株式会社フラスコ100cc,2023 新卒採用 専門店／スポーツ用品,大阪府 大阪市 中央区,月給20万800円,公開していません,リクナビ2023
株式会社インタークエスト,2023 新卒採用 ソフトウェア,大阪府 大阪市 中央区,"月給22万円～25万5,000円",公開していません,リクナビ2023
富士インフォックス・ネット株式会社,2023 新卒採用 情報処理,大阪府,月給23万円～30万円,公開していません,リクナビ2023
株式会社キャリア・ブレスユー,ITエンジニア／未経験可!知識学歴不問／残業なし／在宅勤務可,大阪府 大阪市 中央区,月給22万円～32万円,21日前,doda
株式会社リレーションズ,WEB制作アシスタント,大阪府 大阪市 北区,"時給1,000円",28日前,かんたん応募
株式会社ロックハーツ,総合職,大阪府 大阪市 中央区,"月給36万円～46万5,000円",20時間前,マイナビ転職
OWNDAYS株式会社,2023 新卒採用 専門店／服飾雑貨・繊維製品・貴金属,大阪府,月給21万円～25万円,5日前,リクナビ2023
株式会社スマートバリュー,技術職,大阪府 大阪市 淀屋橋駅 徒歩5分,月給22万円～,11日前,株式会社スマートバリュー
株式会社Nota,スケーラビリティエンジニア,大阪府,"年収600万円～1,000万円",19日前,Spring転職エージェント
株式会社システム・サイエンス,2023 新卒採用 ソフトウェア,大阪府,月給20万円～21万円,12日前,リクナビ2023
株式会社Aiming,Ruby on Railsプログラマー／エンジニア,大阪府,年収350万円～800万円,公開していません,Spring転職エージェント
KINTOテクノロジーズ株式会社,マイクロサービスアーキテクチャを活用する新サービス「KINTO FACTORY」開発アプリエンジニア,大阪府,"年収490万円～1,300万円",18日前,Spring転職エージェント
パーソルエクセルHRパートナーズ株式会社キャリア...,SE・プログラマー,大阪府 大阪市 四天王寺前夕陽ケ丘駅 徒歩5分                                                                                                                                                                その他 (54),"時給2,600円～2,800円",26日前,かんたん応募
ユニファ株式会社,Rubyエンジニア,大阪府,年収450万円～900万円,公開していません,Spring転職エージェント
DXCテクノロジー・ジャパン株式会社,Webアプリケーション／データ連携などのアプリケーション・リーダ／エンジニア,大阪府,"年収600万円～1,000万円",18日前,Spring転職エージェント
株式会社かんでんジョイナス,広告制作ディレクターのお仕事,大阪府 大阪市 肥後橋駅 徒歩7分,"時給1,700円",公開していません,株式会社かんでんジョイナス
Wematch,アプリ開発,大阪府 大阪市 梅田駅,年収450万円～600万円,5日前,かんたん応募
Micoworks株式会社,バックエンドエンジニア,大阪府,"年収700万円～1,300万円",18日前,Spring転職エージェント
株式会社ゲオネットワークス,ゲオグループの自社WEBサイト開発に関わる上流システムエンジニア,大阪府,年収400万円～600万円,19日前,Spring転職エージェント
パナソニックコネクト株式会社,映像ソリューションにおけるアプリケーション開発エンジニア,大阪府,年収700万円～900万円,7日前,Spring転職エージェント
株式会社I2C WEST,2023 新卒採用 インターネット関連,大阪府 大阪市 北区,"月給21万3,600円～28万円",公開していません,リクナビ2023
株式会社アイリッジ,サーバサイドエンジニア:リーダー候補・PL／LINEミニアプリ,大阪府,"年収500万円～1,000万円",公開していません,Spring転職エージェント
株式会社ナレッジラボ,フルスタックエンジニア／リーダー候補,大阪府 大阪市 淀屋橋駅 徒歩4分,"年収600万円～1,200万円",公開していません,paiza転職
株式会社ITP,2023 新卒採用 広告,大阪府,"月給18万8,000円～25万2,780円",公開していません,リクナビ2023
株式会社iDA,ファッション求人数最大 iDAが販売・専門職スタッフ募集,大阪府 大阪市 梅田駅,年収300万円～,16日前,iDA
株式会社データ・エージェンシー,"市場価値の高い ""データエンジニア""へキャリアチェンジ",大阪府,年収400万円～800万円,公開していません,かんたん応募
株式会社テラスカイ,大阪／クラウドインテグレーションエンジニア 国内TOPクラスの技術力を保有,大阪府,年収400万円～840万円,13日前,リクルートエージェント
コンピューターサイエンス株式会社,アプリケーションエンジニア,大阪府,年収350万円～600万円,公開していません,Spring転職エージェント
西日本電信電話株式会社,スマートアグリ 新領域ビジネス開発戦略および開発支援担当,大阪府 大阪市 京橋駅 徒歩5分,年収450万円～800万円,公開していません,タイズ
SBIインシュアランスグループ株式会社,社内SE 月平均残業5～10時間／SBIグループ／IT積極投資中,大阪府 大阪市 大阪駅,年収400万円～600万円,24日前,doda
株式会社ストーム,SE,大阪府 大阪市 天満橋駅 徒歩7分,月給22万円～35万円,26日前,type
CFL株式会社,建設クラウドのセキュリティエンジニア,大阪府 大阪市 淀川区,"年収600万円～1,000万円",公開していません,マイナビ転職
株式会社たたかうWEB,SNSマーケティングシステム開発,大阪府,月給60万円,公開していません,かんたん応募
株式会社エーティーエス,即日開始／在宅勤務と併用／ガス会社向けWeb制作業務,大阪府 大阪市,"時給1,400円～1,600円",27日前,テクパス
株式会社ハイドロ総合技術研究所,PL／PMエンジニア 大阪,大阪府 大阪市 渡辺橋駅 徒歩1分,年収600万円～800万円,1日前,Green
株式会社夢プロエンジ,エンジニア系総合職／ミドル層積極採用,大阪府,月給25万円～60万円,2時間前,doda
パーソルテンプスタッフ株式会社,6か月後に正社員↑年収385万以上 フロントエンドエンジニア,大阪府 大阪市 肥後橋駅 徒歩10分,"時給2,000円～2,500円",24日前,ジョブチェキ！
DXHR株式会社,Webアプリケーション開発,大阪府 大阪市 新大阪駅,年収500万円～,公開していません,Javaキャリ
株式会社マクロテクノス,システム開発技術部,大阪府 大阪市 肥後橋駅 徒歩3分,年収350万円～559万円,公開していません,paiza転職
ARアドバンストテクノロジ株式会社,2023 新卒採用 ソフトウエア,大阪府 大阪市 大阪駅 徒歩9分,月給24万720円～28万220円,公開していません,キャリタス就活2023
株式会社ウェム,全員が年収UP ITエンジニア・SE・PG,大阪府 大阪市 中央区,月給24万円～,5日前,リクナビNEXT
株式会社リベラルセンス,ゼロからIT業界へ!Webやゲーム・アプリを創るエンジニア,大阪府 大阪市,月給18万円～80万円,7日前,リクナビNEXT
株式会社レスタス,大阪／Ruby on Rails／実務未経験可 バックエンドエンジニア,大阪府 大阪市 肥後橋駅 徒歩3分,年収345万円～420万円,24日前,Green
株式会社askme,ITエンジニア 完全自社内開発&99%直取引の好環境で活躍,大阪府 大阪市 本町駅 徒歩2分,月給28万円～50万円,公開していません,マイナビ転職
サングローブ株式会社,完全反響Web提案営業 未経験OK／オープニング 充実の研修制度あり／年休130日／土日祝休み,大阪府 大阪市 北区,月給35万円～,1日前,エン転職
ヒューコムサービス株式会社,システムエンジニア,大阪府 大阪市 天満橋駅,年収252万円～540万円,公開していません,ヒューコムサービス株式会社
株式会社Great Navigation,未経験・経験とも歓迎／前職給保証／開発エンジニア／20名採用,大阪府,月給25万円～85万円,1日前,doda
フルタニ産業株式会社,SE・PL 定着率抜群 長く働ける職場をお探しなら,大阪府 大阪市 西大橋駅 徒歩2分,月給25万円～45万円,公開していません,PROSEEK
アスリート×人材ビジネス企業,社内SE,大阪府,年収450万円～650万円,11日前,type 転職エージェント
株式会社SICデジタル,開発エンジニア,大阪府 吹田市 江坂駅 徒歩6分,年収350万円～550万円,公開していません,paiza転職
ユニファイド・サービス株式会社,プログラマー PG,大阪府 大阪市 肥後橋駅 徒歩4分,年収350万円～400万円,1日前,Green
株式会社ビーアイテイ,ECサイト構築,大阪府 大阪市 肥後橋駅,月給20万円～,1日前,株式会社ビーアイテイ
株式会社ライトコード,リーダー・PM／バックエンドエンジニア／フルリモート／フルフレックス,大阪府 大阪市 北区,年収500万円～800万円,12日前,リクルートエージェント
株式会社identity,フリーランス／Maya／Photoshop／テクニカルアーティスト／大阪勤務,大阪府 大阪市 大阪駅,月給35万円～45万円,1日前,modis
株式会社TheNewGate,ITエンジニア,大阪府 大阪市 阿倍野区,月給25万円～50万円,5日前,type
運営元 株式会社CLAYPLUS／大阪府 応募窓口,業務系アプリケーションエンジニア・プログラマ,大阪府 大阪市 北区,年収300万円～600万円,7日前,かんたん応募
