枚方市役所 子ども未来部 公立保育幼稚園課,特別支援加配員,大阪府 枚方市,"時給1,243円",7日前,Ｅしごとぱど
パドマ幼稚園,幼稚園教諭,大阪府 大阪市 日本橋駅,"月給23万4,000円",3日前,医療・介護・福祉・保育biz
株式会社明日香,幼稚園教諭 バス添乗業務 短時間・扶養内勤務OK・北大阪急行 千里中央よりバス,"大阪府 吹田市                                                                                                                    




株式会社明日香の求人
をすべて見る","時給1,100円～1,200円",5日前,ずっと保育士
みつや・めぐみ幼稚園,保育士,大阪府 大阪市 神崎川駅 徒歩10分,"時給1,200円",公開していません,イーアイデム
認定こども園鴻池学園幼稚園,幼稚園教諭 保育士 子育て支援員,大阪府 東大阪市 鴻池新田駅 徒歩4分,"時給1,100円～",8日前,イーアイデム
ひかりのくに株式会社 キッズスタッフ,保育士・幼稚園教諭・学童保育指導員,大阪府 豊中市 豊中駅 徒歩7分,"時給1,250円～",公開していません,はたらこねっと
認定こども園鴻池幼稚園,幼稚園教諭,大阪府 東大阪市 鴻池新田駅 徒歩4分,月給14万円～,8日前,イーアイデム
アスカグループ,茨木みのり幼稚園での幼稚園教諭のお仕事,大阪府 茨木市,"月給19万6,000円～",1日前,アスカグループ
学校法人大阪慈光学園 認定こども園中野幼稚園,保育補助 預かり保育 調理員,大阪府 大阪市 針中野駅,"時給1,100円～",3日前,タウンワーク
学校法人極楽寺学園 錦渓幼稚園,幼稚園教諭,大阪府 河内長野市 河内長野駅 車4分,"月給17万6,000円～",12時間前,Ｅしごとぱど
学校法人サント・アンゼロ学院,幼稚園教諭／フリー／カトリックさゆり幼稚園,大阪府 吹田市 山田駅 徒歩12分,"月給20万8,000円～21万300円",20日前,ほいとも大阪
認定こども園 和泉チャイルド幼稚園,保育教諭／幼稚園教諭／認定こども園,大阪府 和泉市 信太山駅 徒歩12分,月給21万円～29万円,2日前,認定こども園 和泉チャイルド幼稚園
茨木高美幼稚園,栄養士,大阪府 茨木市 茨木市駅 徒歩10分,"月給19万5,000円～",4日前,かんたん応募
南幼稚園,幼稚園教諭／幼稚園,大阪府 寝屋川市 萱島駅,"月給17万2,956円",公開していません,保育士ワーカー
ひかりのくに株式会社,保育士 幼稚園教諭 駅徒歩7分／フリーの保育補助／1250円／ブランクOK,"大阪府 豊中市 豊中駅 徒歩7分                                                                                                                    




ひかりのくに株式会社の求人
をすべて見る","時給1,250円～",15日前,ひかりのくに株式会社
学校法人天満学園,幼稚園教諭／担任／太成学院天満幼稚園,大阪府 大阪市 扇町駅 徒歩6分,月給19万円,公開していません,ほいとも大阪
南港幼稚園,学生アルバイト／保育補助／週1日・月2回・2時間～短期OK,大阪府 大阪市 ポートタウン東駅 徒歩5分,時給992円,公開していません,かんたん応募
学校法人大阪聖心学院 新森幼稚園,"保育士,幼稚園教諭／補助",大阪府 大阪市 森小路駅 徒歩1分,月給18万円,20日前,ほいとも大阪
ラ・サンテ幼稚園,幼稚園教諭スタッフ,大阪府 吹田市 江坂駅 徒歩12分,"月給19万1,000円～",公開していません,イーアイデム
学校法人鴻池学園認定こども園鴻池学園幼稚園,保育補助職員,大阪府 東大阪市 鴻池新田駅 徒歩4分,"時給1,100円～1,500円",16日前,イーアイデム
ベルサンテスタッフ株式会社,"幼稚園教諭 時給1,310円～",大阪府 摂津市 摂津駅                                                                                                                                                                その他 (2),"時給1,310円～",公開していません,ほいくコレクション
学校法人喜連学園,幼稚園教諭／喜連幼稚園,大阪府 大阪市 喜連瓜破駅 徒歩10分,月給17万円～,公開していません,保育のお仕事
学校法人岡辻学園 山手幼稚園,保育士／幼稚園,大阪府 吹田市 吹田駅,年収420万円～,公開していません,保育士ワーカー
株式会社アスカクリエート,幼稚園教諭／英明幼稚園住之江,大阪府 大阪市 北加賀屋駅 徒歩10分,"時給1,200円",6日前,株式会社アスカクリエート
学校法人堺東学園,幼稚園教諭／堺東幼稚園,大阪府 堺市 堺東駅,"月給19万円～19万5,000円",公開していません,保育のお仕事
大阪信愛学院幼稚園,幼稚園教諭スタッフ,大阪府 大阪市 新森古市駅 徒歩8分,"月給17万4,700円～29万1,700円",公開していません,イーアイデム
学校法人中央なにわ幼稚園,保育士,大阪府 大阪市 松屋町駅 徒歩10分,"月給21万7,000円～22万2,000円",11日前,ほいてん
学校法人朝陽学院 朝陽幼稚園,"保育士,幼稚園教諭／担任",大阪府 大阪市 東天下茶屋駅 徒歩7分,"月給19万4,000円～",公開していません,ほいとも大阪
学校法人茨木学園 茨木みのり幼稚園,幼稚園教諭／担任,大阪府 茨木市 南茨木駅 徒歩10分,"月給19万4,000円",20日前,ほいとも大阪
小規模保育事業・京町堀バンビ,保育士／幼稚園教諭,大阪府 大阪市 阿波座駅 徒歩4分,"時給1,200円～1,500円",8日前,イーアイデム
長尾幼稚園,保育士,大阪府 枚方市 長尾駅 徒歩10分,"時給1,350円～",11日前,ほいてん
学校法人帝塚山学院,幼稚園教諭／担任／幼稚園,大阪府 大阪市 帝塚山三丁目駅,"月給27万2,000円",公開していません,ほいとも大阪
学校法人後藤学園 中央幼稚園,幼稚園教諭／幼稚園,大阪府 堺市 北区,"時給1,200円",公開していません,保育士ワーカー
学校法人法泉寺学園,幼稚園教諭／認定こども園粟生幼稚園,大阪府 茨木市 彩都西駅 車6分,"月給17万9,000円～",公開していません,保育士バンク!
幼稚園型認定こども園 寺方幼稚園,"学生アルバイト／保育補助／時給1,000円／週1日・月2回・2時間～短期OK「大0063-1」",大阪府 守口市 守口市駅 徒歩15分,"時給1,000円～",公開していません,かんたん応募
南恩加島幼稚園,幼稚園教諭,大阪府 大阪市 津守駅 徒歩15分,公開していません,3日前,医療・介護・福祉・保育biz
学校法人山崎学園 山崎幼稚園,幼稚園教諭／幼稚園,大阪府 島本町,"時給1,000円",公開していません,保育士ワーカー
ベルサンテ株式会社,幼稚園教諭,大阪府 枚方市 牧野駅                                                                                                                                                                その他 (51),"時給1,130円",6日前,イーアイデム
学校法人冨田学園 ほしだ幼稚園,幼稚園教諭／幼稚園,大阪府 交野市,"時給1,000円～1,200円",公開していません,保育士ワーカー
学校法人後藤学園,幼稚園教諭／担任／中央幼稚園,大阪府 堺市 新金岡駅,月給21万円～,公開していません,ほいとも大阪
カトリックさゆり幼稚園,"学生アルバイト／保育補助／時給1,000円／週1日・月2回・2時間～短期OK「大0266-1」",大阪府 豊中市 千里中央駅,"時給1,000円～",公開していません,かんたん応募
学校法人昭和幼稚園,保育教諭／認定こども園 昭和幼稚園,大阪府 大阪市 大正駅 徒歩14分,"月給18万3,000円",公開していません,保育のお仕事
学校法人牧野学園,幼稚園教諭／牧野幼稚園,大阪府 枚方市 牧野駅 徒歩4分,"時給1,100円",公開していません,保育士バンク!
株式会社アスカ大阪支店,保育士・幼稚園教諭,大阪府 箕面市 桜井駅 徒歩7分                                                                                                                                                                その他 (333),"時給1,200円",9日前,株式会社アスカ大阪支店
桃の里幼稚園,調理師,大阪府 東大阪市 徳庵駅 バス15分,"月給19万5,000円～",4日前,かんたん応募
東百舌鳥幼稚園,保育士,大阪府 堺市 なかもず駅 徒歩20分,"月給22万円～22万5,000円",11日前,ほいてん
学校法人林学園 千寿幼稚園,幼稚園教諭／千寿幼稚園,大阪府 大阪市 千林駅 徒歩3分,"月給19万2,000円",公開していません,保育のお仕事
学校法人妙光学園みつや・めぐみ幼稚園,保育士,大阪府 大阪市 神崎川駅 徒歩11分,"時給1,450円～",11日前,ほいてん
学校法人成晃学院 摂津ひかり幼稚園,保育教諭／幼稚園,大阪府 摂津市 南摂津駅 徒歩12分,月給17万170円～27万円,公開していません,保育士ワーカー
茶山台幼稚園,保育士,大阪府 堺市 泉ケ丘駅 徒歩15分,"月給22万1,629円～",11日前,ほいてん
中野幼稚園,幼稚園教諭,大阪府 大阪市 針中野駅 徒歩3分,"月給19万8,000円～",公開していません,イーアイデム
学校法人専宗学園 木川幼稚園,幼稚園教諭／担任,大阪府 大阪市 西中島南方駅,"月給18万2,000円～",15日前,ほいとも大阪
学校法人基督心宗学園 服部みどり幼稚園,幼稚園教諭／幼稚園,大阪府 豊中市 服部天神駅,"時給1,000円～",公開していません,保育士ワーカー
学校法人大阪初芝学園 はつしば学園幼稚園,幼稚園教諭／担任,大阪府 堺市 初芝駅,"月給19万6,600円～",公開していません,ほいとも大阪
千里丘学園幼稚園,幼稚園教諭、保育士,大阪府 茨木市 宇野辺駅 徒歩15分,"月給19万2,000円～",公開していません,バイトル
学校法人箕面自由学園,14時～18時30分／箕面自由学園幼稚園,大阪府 箕面市 桜井駅 徒歩7分,"時給1,200円",18日前,保育求人ガイド
学校法人清泉学園,幼稚園教諭／ひばり幼稚園,大阪府 和泉市 和泉府中駅,"月給22万5,000円～",公開していません,保育士バンク!
学校法人りんでん学園 りんでん幼稚園,幼稚園教諭／担任  補助,大阪府 茨木市 茨木市駅,月給20万円～,公開していません,ほいとも大阪
新金岡幼稚園,幼稚園教諭／補助  フリー,大阪府 堺市 新金岡駅 徒歩5分,"時給1,200円",公開していません,ほいとも大阪
学校法人トモエ学園,保育士／第2ローズ幼稚園,大阪府 枚方市 牧野駅 車10分,"時給1,000円",公開していません,保育士バンク!
学校法人松原学園,保育士／幼稚園型認定こども園松原ひかり幼稚園,大阪府 松原市 河内松原駅 徒歩9分,"月給19万3,200円～",公開していません,ベビージョブ
学校法人上田学園,幼稚園教諭／補助／あかつき幼稚園,大阪府 高石市 富木駅,"時給1,000円",公開していません,ほいとも大阪
Gtrail保育採用部,山崎幼稚園,大阪府 島本町,公開していません,21日前,Gtrail保育採用部
学校法人誠昭学園,保育教諭／幼児連携型 認定こども園 やまなみ幼稚園,大阪府 四條畷市 忍ケ丘駅,"月給18万9,000円～25万4,000円",公開していません,保育のお仕事
学校法人奥林学園認定こども園,保育士／石切山手幼稚園,大阪府 東大阪市 石切駅 徒歩3分,"時給1,000円～",公開していません,ベビージョブ
学校法人上田学園 あかつき幼稚園,幼稚園教諭／幼稚園,大阪府 堺市 西区,"時給1,000円～1,200円",公開していません,保育士ワーカー
学校法人金塚学園 認定こども園 金塚幼稚園,保育教諭／認定こども園,大阪府 大阪市 大阪阿部野橋駅,"時給1,000円～1,300円",公開していません,保育士ワーカー
学校法人大阪慈光学園,保育士／中野幼稚園,大阪府 大阪市 針中野駅 徒歩4分,"月給17万6,000円～19万8,000円",27日前,保育士バンク!
学校法人大阪福島キリスト教学園,幼稚園教諭／担任／愛輝幼稚園,大阪府 大阪市 福島駅 徒歩5分,"月給21万6,000円",公開していません,ほいとも大阪
学校法人だいもん学園,幼稚園教諭／開智幼稚園,大阪府 交野市 河内磐船駅 徒歩4分,"月給18万円～20万3,000円",公開していません,ベビージョブ
株式会社松ちゃん給食,幼稚園給食,大阪府 堺市,"時給1,023円～",10日前,栄養士調理師求人ナビ
学校法人川久保学園,幼稚園教諭／中川幼稚園,大阪府 大阪市 北巽駅 徒歩10分,"月給20万5,000円～",公開していません,保育のお仕事
株式会社ルネサンス・エージェント,保育士／保育補助／幼稚園,大阪府 大阪市 放出駅 徒歩5分                                                                                                                                                                その他 (4),"時給1,300円",公開していません,ジョブジパング
学校法人泉新学園 晴海台幼稚園,幼稚園教諭／晴美台幼稚園,大阪府 堺市 泉ケ丘駅 車5分,月給19万500円～22万500円,公開していません,保育のお仕事
M&W 採用サロン Welfareルネサンス 大...,パートの幼稚園教諭,大阪府 大阪市 生野区,"時給1,000円～",9日前,M&W 採用サロン
子宝幼稚園,保育士,大阪府 堺市 上野芝駅 徒歩15分,月給19万円～,11日前,ほいてん
石切山手幼稚園,幼稚園教諭／認定こども園,大阪府 東大阪市 石切駅,時給909円～,公開していません,スリーサイズダイレクト
学校法人東高殿幼稚園,"保育士,幼稚園教諭／補助",大阪府 大阪市 関目高殿駅 徒歩5分,"時給1,250円",公開していません,ほいとも大阪
学校法人大阪信愛女学院,幼稚園教諭／大阪信愛学院幼稚園,大阪府 大阪市 新森古市駅 徒歩8分,"時給1,100円～",公開していません,保育士バンク!
聖ヶ岡幼稚園,"学生アルバイト／保育補助／時給1,000円／週1日・月2回・2時間～短期OK",大阪府 和泉市 北信太駅 徒歩5分,"時給1,000円",公開していません,かんたん応募
田辺幼稚園,保育士,大阪府 大阪市 南田辺駅 徒歩3分,月給19万円,11日前,ほいてん
学校法人ひまわり学園 浜寺太陽幼稚園,保育教諭／幼稚園,大阪府 堺市 西区,"時給1,200円",公開していません,保育士ワーカー
学校法人香梅幼稚園,保育士,大阪府 堺市 栂・美木多駅 徒歩23分,月給20万円～21万円,27日前,保育士バンク!
学校法人みなと幼稚園,幼稚園教諭,大阪府 大阪市 弁天町駅 徒歩10分,"月給21万3,000円～21万4,000円",公開していません,保育士バンク!
学校法人天王学園幼稚園,幼稚園教諭／幼稚園,大阪府 茨木市 南茨木駅,"時給1,000円～1,300円",公開していません,保育士ワーカー
茨木市立沢池幼稚園,保育士,大阪府 吹田市 公園東口駅 徒歩15分,"時給1,283円～",7日前,ほいてん
学校法人邨橋学園 認定こども園 たちばな幼稚園,看護師・准看護師／その他／常勤 日勤のみ,大阪府 門真市,月給23万円～26万円,9日前,医療ワーカー
学校法人善き牧者聖母学院 春日荘聖マリア幼稚園,幼稚園教諭／担任,大阪府 豊中市 豊中駅 バス24分,"月給19万8,000円～",公開していません,ほいとも大阪
第二白鳩幼稚園,"学生アルバイト／保育補助／時給1,030円～／週1日・月2回・2時間～短期OK／大0327-1",大阪府 柏原市 堅下駅 徒歩3分,"時給1,030円",公開していません,かんたん応募
学校法人小曽根学院,幼稚園教諭／小曽根幼稚園,大阪府 豊中市 服部天神駅,月給18万円～23万500円,公開していません,保育のお仕事
箕面自由学園幼稚園,幼稚園教諭／幼稚園,大阪府 豊中市 少路駅,"月給17万8,300円～",公開していません,保育士ワーカー
学校法人大阪武田学園,幼稚園教諭／南恩加島幼稚園,大阪府 大阪市 大正駅,月給19万円～,公開していません,保育のお仕事
みくま幼稚園,学生アルバイト／保育補助／週1日・月2回・2時間～短期OK,大阪府 豊中市 千里中央駅 徒歩10分,時給992円,公開していません,かんたん応募
学校法人久宝文化学院,幼稚園教諭／白鳩羽曳野幼稚園,大阪府 羽曳野市 古市駅 徒歩28分,"月給23万500円～23万8,600円",公開していません,保育士バンク!
学校法人竹田学園 東金剛幼稚園,幼稚園教諭／幼稚園,大阪府 富田林市 富田林西口駅 バス20分,"月給21万5,412円～22万1,385円",公開していません,保育士ワーカー
学校法人庄内神社学園 幼保連携型認定こども園 庄...,保育教諭／認定こども園,大阪府 豊中市,"時給940円～1,000円",公開していません,保育士ワーカー
株式会社ニッソ一ネット,幼稚園教諭、保育士／幼稚園,大阪府 大阪市 千船駅 徒歩5分,"時給1,230円～1,250円",14日前,バイトル
学校法人山崎学園,幼稚園教諭／山崎幼稚園,大阪府 島本町,"月給18万4,700円～22万2,900円",公開していません,保育士バンク!
学校法人妙光学園 みつや・めぐみ幼稚園,幼稚園教諭スタッフ,大阪府 大阪市 神崎川駅 徒歩11分,"時給1,450円",公開していません,イーアイデム
学校法人東高殿幼稚園 東高殿幼稚園,幼稚園教諭／幼稚園,大阪府 大阪市 関目高殿駅 徒歩5分,"月給20万3,000円～21万3,000円",公開していません,保育士ワーカー
学校法人茨木若竹学園 サニー幼稚園,幼稚園教諭／幼稚園,大阪府 茨木市 彩都西駅,"月給7万8,000円～25万円",公開していません,保育士ワーカー
学校法人谷岡学園,保育補助／大阪商業大学附属幼稚園,大阪府 東大阪市 八戸ノ里駅 徒歩3分,"時給1,050円",公開していません,保育士バンク!
学校法人トモエ学園 第2ローズ幼稚園,幼稚園教諭／幼稚園,大阪府 枚方市 長尾駅,"時給1,000円",公開していません,保育士ワーカー
学校法人河智学園,幼稚園教諭／田辺幼稚園,大阪府 大阪市 南田辺駅 徒歩1分,"月給19万5,000円～",公開していません,保育士バンク!
学校法人村田学園 桜ヶ丘幼稚園,幼稚園教諭／幼稚園,大阪府 高槻市 摂津富田駅 徒歩5分,月給18万円～20万円,公開していません,保育士ワーカー
牧野幼稚園,幼稚園教諭,大阪府 枚方市 牧野駅 徒歩4分,"時給1,100円",公開していません,イーアイデム
認定こども園 さつき幼稚園,"学生アルバイト／保育補助／時給1,000円／週1日・月2回・2時間～短期OK「大0218-1」",大阪府 大阪市 今川駅 徒歩3分,"時給1,000円",公開していません,かんたん応募
幼稚園型認定こども園 太平寺幼稚園,幼稚園教諭募集・ボーナス・賞与あり,大阪府 堺市 栂・美木多駅 車12分,"月給21万2,500円～",公開していません,ジョブメドレー
花田口聖母幼稚園,幼稚園教諭／担任,大阪府 堺市 堺東駅 徒歩5分,"月給16万3,000円～18万6,000円",公開していません,ほいとも大阪
学校法人白頭学院,保育士／建国幼稚園,大阪府 大阪市 杉本町駅 徒歩7分,"月給20万2,620円～",公開していません,保育士バンク!
学校法人椋橋学園,保育士／庄本幼稚園,大阪府 大阪市 神崎川駅 車5分,"時給1,150円",公開していません,保育士バンク!
学校法人大阪キリスト教学院 聖愛幼稚園,幼稚園教諭／幼稚園,大阪府 大阪市 阿倍野区,"時給1,000円",公開していません,保育士ワーカー
関西女子短期大学付属幼稚園,幼稚園の調理師,大阪府 柏原市,月給20万円～23万円,4日前,栄養士調理師求人ナビ
学校法人千里山学院 千里山グレース幼稚園,幼稚園教諭／幼稚園,大阪府 吹田市 南千里駅,月給16万円～21万円,公開していません,保育士ワーカー
学校法人光の園 幼保連携型認定こども園 光の園幼...,保育教諭／認定こども園,大阪府 大阪市 千船駅 徒歩8分,"月給21万7,600円～",公開していません,保育士ワーカー
学校法人箕面学園,幼稚園教諭／担任／箕面学園附属幼稚園,大阪府 箕面市 箕面駅 徒歩10分,"月給18万8,932円～40万3,970円",公開していません,ほいとも大阪
学校法人前島学園 松虫幼稚園,保育教諭／幼稚園,大阪府 大阪市 松虫駅,"時給1,100円～1,200円",公開していません,保育士ワーカー
株式会社ミールケア 桃の里幼稚園,調理師,大阪府 東大阪市 徳庵駅 バス15分                                                                                                                                                                その他 (4),"月給19万5,000円",21日前,株式会社ミールケア
学校法人仏光学園 認定こども園 ぶっこう幼稚園,保育教諭／認定こども園,大阪府 豊中市 岡町駅,"時給1,000円",公開していません,保育士ワーカー
学校法人子宝学園 子宝幼稚園,幼稚園教諭／担任,大阪府 堺市 津久野駅,月給21万円,20日前,ほいとも大阪
株式会社インタースクエア,"プレ幼稚園教諭&預かり保育担当時給1,320円／土日祝休×フルタイム／矢田・喜連瓜破",大阪府 大阪市 矢田駅 徒歩10分,"時給1,320円",公開していません,イーアイデム
株式会社ステップグランドスタッフ,堺市堺区の私立幼稚園 駅チカ 8:00〜17:00 幼稚園教諭,大阪府 堺市 堺東駅 徒歩5分,"月給19万円～19万5,000円",公開していません,イーアイデム
学校法人邨橋学園 幼保連携型認定こども園 たちば...,保育教諭／認定こども園,大阪府 門真市 大和田駅,"月給20万6,175円～",公開していません,保育士ワーカー
藤井寺カトリック幼稚園,"学生アルバイト／保育補助／時給1,000円／週1日・月2回・2時間～短期OK「大0194-1」",大阪府 藤井寺市 藤井寺駅 徒歩10分,"時給1,000円",公開していません,かんたん応募
学校法人誠昭学園 幼保連携型認定こども園 やまな...,保育教諭／幼稚園,大阪府 寝屋川市,"時給1,000円～1,200円",公開していません,保育士ワーカー
学校法人子宝学園,幼稚園教諭／子宝幼稚園,大阪府 堺市 上野芝駅 徒歩13分,"月給19万5,000円～",公開していません,保育士バンク!
中かがや幼稚園,学生アルバイト／保育補助／週1日・月2回・2時間～短期OK「大0199-1」,大阪府 大阪市 北加賀屋駅 徒歩6分,時給992円,公開していません,かんたん応募
成田幼稚園,幼稚園の幼稚園教諭,大阪府 寝屋川市 香里園駅 徒歩16分,"月給18万7,000円～",公開していません,ジョブメドレー
茨木市役所,茨木市立幼稚園 介助教諭,大阪府 茨木市 茨木市駅,"月給13万8,876円～",公開していません,かんたん応募
株式会社興学社,幼稚園外国人講師派遣アシスタント／イングリッシュワールド／千里中央,大阪府 豊中市,"月給21万6,000円",11日前,株式会社興学社
学校法人天美学園,幼稚園教諭／補助／美和幼稚園,大阪府 松原市 河内天美駅 徒歩10分,"時給1,200円～",公開していません,ほいとも大阪
学校法人博陵学園 みくま幼稚園,幼稚園教諭／幼稚園,大阪府 豊中市 千里中央駅,"時給1,000円～",公開していません,保育士ワーカー
牧落幼稚園,保育士,大阪府 箕面市 牧落駅 徒歩5分,月給18万円～,11日前,ほいてん
学校法人喜連学園 認定こども園 喜連幼稚園,保育教諭／認定こども園,大阪府 大阪市 喜連瓜破駅 徒歩10分,"時給1,050円～1,100円",公開していません,保育士ワーカー
学校法人牧落八幡学園 幼保連携型認定こども園 牧...,幼稚園教諭／認定こども園,大阪府 箕面市 桜井駅,時給950円～,公開していません,保育士ワーカー
学校法人山口学園,幼稚園教諭／くずは青葉幼稚園,大阪府 枚方市,月給22万円～29万円,公開していません,保育士バンク!
学校法人吉見学園 天王寺幼稚園,幼稚園教諭／幼稚園,大阪府 大阪市 天王寺駅,"時給1,200円",公開していません,保育士ワーカー
学校法人育和学園 認定こども園 生長幼稚園,保育教諭／認定こども園,大阪府 大阪市 南田辺駅,"時給1,000円～1,200円",公開していません,保育士ワーカー
学校法人箕面若葉学園,"保育士,幼稚園教諭／補助  フリー／若葉幼稚園",大阪府 箕面市 桜井駅 徒歩1分,"時給1,200円～",公開していません,ほいとも大阪
学校法人真和学園,幼稚園教諭／ふじしろ幼稚園,大阪府 吹田市 北千里駅 徒歩7分,"月給18万7,000円～19万2,000円",公開していません,保育士バンク!
学校法人旭学園,保育／幼保連携型認定こども園 旭学園第二幼稚園,大阪府 寝屋川市 萱島駅 バス10分,"時給1,200円～1,300円",公開していません,保育パートナーズ
株式会社オー・ディー・エス,幼稚園バスの送迎ドライバー,大阪府 東大阪市 八戸ノ里駅,"時給1,300円～1,500円",6日前,イーアイデム
学校法人池浦学園 熊取みどり幼稚園,幼稚園教諭／幼稚園,大阪府 熊取町,"月給19万1,050円～",公開していません,保育士ワーカー
学校法人寺西学園,幼稚園教諭／交野幼稚園,大阪府 交野市,"時給1,000円～1,200円",公開していません,保育士バンク!
認定こども園 みいけだい幼稚園,"学生アルバイト／保育補助／時給1,000円／週1日・月2回・2時間～短期OK",大阪府 堺市 栂・美木多駅,"時給1,000円",公開していません,かんたん応募
学校法人藤田学園 赤橋幼稚園,幼稚園教諭／幼稚園,大阪府 大阪市 東天下茶屋駅,"時給1,000円",公開していません,保育士ワーカー
学校法人堺東学園 堺東幼稚園,幼稚園教諭／担任,大阪府 堺市 堺東駅,月給20万円～,8日前,ほいとも大阪
学校法人浜寺幼稚園,幼稚園教諭／高石市市内の認定こども園,大阪府 高石市 東羽衣駅 徒歩5分,月給20万円,公開していません,保育のお仕事
学校法人室町学園 室町幼稚園,保育教諭／幼稚園,大阪府 池田市 池田駅,"月給18万3,000円～19万3,000円",公開していません,保育士ワーカー
学校法人博陵学園,幼稚園教諭／みくま幼稚園,大阪府 豊中市 千里中央駅 徒歩10分,月給18万円～,27日前,保育士バンク!
学校法人朝陽学院,資格必須／朝陽幼稚園,大阪府 大阪市 阿倍野区,"時給1,200円",3日前,保育求人ガイド
学校法人清友学園 清友幼稚園,幼稚園教諭／幼稚園,大阪府 八尾市,"時給1,100円～1,400円",公開していません,保育士ワーカー
学校法人敬愛学園 千里敬愛幼稚園,幼稚園教諭／千里敬愛幼稚園,大阪府 吹田市 桃山台駅 徒歩5分,月給21万円,公開していません,保育のお仕事
三島幼稚園,保育士,大阪府 摂津市 摂津市駅 徒歩5分,"月給21万2,000円～",11日前,ほいてん
学校法人岡辻学園,幼稚園教諭／山手幼稚園,大阪府 吹田市 豊津駅 徒歩7分,月給22万円,公開していません,保育のお仕事
学校法人松葉学園 認定こども園 松葉幼稚園,保育教諭／認定こども園,大阪府 東大阪市 若江岩田駅,"月給22万5,000円～",公開していません,保育士ワーカー
小曽根幼稚園,保育士,大阪府 豊中市 服部天神駅 徒歩10分,月給18万円～23万500円,公開していません,イーアイデム
朝日幼稚園,幼稚園教諭／幼稚園,大阪府 吹田市 吹田駅,"月給19万8,000円～23万円",公開していません,保育士ワーカー
学校法人田中学園 幼稚園型認定こども園 くりのみ...,保育教諭／認定こども園,大阪府 豊中市 庄内駅,"月給20万1,600円",公開していません,保育士ワーカー
学校法人田中学園,幼稚園教諭／幼稚園型認定こども園くりのみ幼稚園,大阪府 豊中市 庄内駅 徒歩10分,"月給20万1,600円",公開していません,保育士バンク!
学校法人朝陽ヶ丘学園 朝陽ヶ丘幼稚園,保育士／幼稚園,大阪府 大阪市 放出駅,"時給1,100円",公開していません,保育士ワーカー
学校法人清泉学園 ひばり幼稚園,幼稚園教諭 ブランクあっても ピアノ演奏 持ち帰りなしの早朝保育／週3,大阪府 和泉市 和泉中央駅 車8分,"時給1,200円～",公開していません,学校法人清泉学園 ひばり幼稚園
認定こども園 関目聖マリア幼稚園,"学生アルバイト／保育補助／時給1,000円／週1日・月2回・2時間～短期OK「大0267-1」",大阪府 大阪市 関目駅 徒歩5分,"時給1,000円～",公開していません,かんたん応募
学校法人川口聖マリア幼稚園,幼稚園教諭,大阪府 大阪市 阿波座駅 徒歩9分,"月給19万6,000円～20万1,000円",公開していません,バイトルPRO
学校法人念法学園 念法幼稚園,保育士／幼稚園,大阪府 大阪市 横堤駅,"時給1,000円～",公開していません,保育士ワーカー
学校法人長栄学園 認定こども園 木島幼稚園,保育教諭／認定こども園,大阪府 貝塚市 森駅,月給18万円～,公開していません,保育士ワーカー
箕面若葉学園,保育補助／若葉幼稚園,大阪府 箕面市 桜井駅 徒歩1分,"時給1,200円～",公開していません,保育士バンク!
学校法人北口学園 幼稚園型認定こども園 太平寺幼...,幼稚園教諭／幼稚園,大阪府 堺市 西区,"時給1,100円",公開していません,保育士ワーカー
マルワメディカル事業部 石切山手幼稚園,幼稚園勤務の栄養士,大阪府 東大阪市 石切駅 徒歩6分,月給20万円～24万円,公開していません,株式会社マルワ
学校法人竹田学園,幼稚園教諭／担任  フリー／東金剛幼稚園,大阪府 富田林市 富田林西口駅 徒歩30分,"月給21万5,412円～22万1,385円",公開していません,ほいとも大阪
天王学園幼稚園,"学生アルバイト／保育補助／時給1,050円／週1日・月2回・2時間～短期OK「大0054-1」",大阪府 摂津市 千里丘駅 徒歩15分,"時給1,050円～",公開していません,かんたん応募
学校法人鴨谷学園 美木多幼稚園,"保育士,幼稚園教諭／担任",大阪府 堺市 光明池駅 徒歩14分,"月給20万2,000円～25万円",公開していません,ほいとも大阪
大阪信愛女学院幼稚園,幼稚園教諭／幼稚園,大阪府 大阪市 関目駅,"時給1,100円",公開していません,保育士ワーカー
学校法人樋口学園,幼稚園教諭／東百舌鳥幼稚園,大阪府 堺市 深井駅 徒歩15分,"時給1,200円～",公開していません,ベビージョブ
学校法人薫英学園かおり幼稚園,保育士,大阪府 吹田市 岸辺駅 徒歩10分,"月給20万5,000円～",11日前,ほいてん
株式会社チャイルド社,年休121日 幼稚園や保育園へのルート営業,大阪府 門真市 門真南駅 徒歩10分,"月給20万2,520円～27万円",21日前,マイナビ転職
学校法人御幣島学園 認定こども園 御幣島幼稚園,保育教諭／認定こども園,大阪府 大阪市 御幣島駅 徒歩10分,"月給21万3,000円～22万円",公開していません,保育士ワーカー
学校法人薫英学園,幼稚園教諭／かおり幼稚園,大阪府 吹田市 正雀駅 徒歩11分,"月給18万5,000円～",公開していません,保育士バンク!
とよなか文化幼稚園・とよなか文化ナースリー,"学生アルバイト／保育補助／時給1,000円～／週1日・月2回・2時間～短期OK／大0284-1",大阪府 豊中市 豊中駅 徒歩10分,"時給1,000円～",公開していません,かんたん応募
学校法人誠優学園,保育士／フレンド幼稚園,大阪府 熊取町 熊取駅 徒歩10分,"月給22万2,400円～24万400円",4日前,奈良介護求人センター
株式会社ステップグランドスタッフ保育 堺市,小規模幼稚園 8時17時勤務 保育教諭,大阪府 堺市 堺駅 徒歩10分,"月給19万円～19万5,000円",公開していません,イーアイデム
学校法人東口学園 認定こども園 ふじ幼稚園,保育士／認定こども園,大阪府 門真市 門真市駅,"時給1,200円～1,500円",公開していません,保育士ワーカー
マルワメディカル事業部 源氏ヶ丘幼稚園,幼稚園勤務の調理補助スタッフ,大阪府 東大阪市 弥刀駅 徒歩12分,"時給1,030円～",7日前,株式会社マルワ
羽曳野市立駒ヶ谷幼稚園,保育士,大阪府 羽曳野市 駒ケ谷駅 徒歩12分,"時給1,020円～1,215円",4日前,ほいてん
株式会社イスト,幼稚園教諭 保育士 常勤 週休2日,大阪府 枚方市,"月給16万6,200円～27万3,000円",4日前,かんたん応募
学校法人蓮光学園 パドマ幼稚園,幼稚園教諭／幼稚園,大阪府 大阪市 谷町九丁目駅,"月給23万4,000円～",公開していません,保育士ワーカー
学校法人仏光学園,保育教諭／ぶっこう幼稚園,大阪府 豊中市 豊中駅 徒歩14分,"月給21万4,000円～",公開していません,保育士バンク!
学校法人京新学園 三井中央幼稚園,幼稚園教諭・保育士,大阪府 寝屋川市 寝屋川市駅 徒歩25分,月給23万円～,12日前,イーアイデム
学校法人泉北成晃学院 成晃ひかり幼稚園,"保育士,幼稚園教諭／補助",大阪府 堺市 光明池駅 徒歩20分,"時給1,000円～",15日前,ほいとも大阪
学校法人千里丘学園 千里丘学園幼稚園,幼稚園教諭／幼稚園,大阪府 摂津市 千里丘駅 徒歩14分,"月給17万8,000円～19万円",6日前,保育士ワーカー
学校法人大阪聖心学院,幼稚園教諭／新森幼稚園,大阪府 大阪市 森小路駅 徒歩2分,"時給1,000円",公開していません,保育のお仕事
社会福祉法人博光福祉会 幼保連携型認定こども園 ...,保育教諭／認定こども園,大阪府 松原市 河内天美駅,"月給21万1,250円～",公開していません,保育士ワーカー
学校法人寺西学園 東香里丘幼稚園,幼稚園教諭／幼稚園,大阪府 枚方市 宮之阪駅,"時給1,000円",公開していません,保育士ワーカー
学校法人冨田学園,幼稚園／ほしだ幼稚園,大阪府 交野市 星田駅,月給22万円～23万円,18日前,保育求人ガイド
学校法人山添学園 幼保連携型認定こども園 御幸幼...,保育教諭／認定こども園,大阪府 守口市 守口市駅,"時給1,000円～1,100円",公開していません,保育士ワーカー
学校法人菅原天満宮学園 認定こども園 菅原天満幼...,保育教諭／認定こども園,大阪府 大阪市 上新庄駅,"月給18万6,000円～21万7,700円",公開していません,保育士ワーカー
学校法人妙光学園,大阪市淀川区三津屋にある／みつやめぐみ幼稚園,大阪府 大阪市 神崎川駅 徒歩10分,"月給20万2,000円～20万5,000円",26日前,保育求人ガイド
学校法人クラレット学院,保育補助／うみのほし幼稚園,大阪府 枚方市 枚方市駅 徒歩7分,"時給1,100円～1,200円",公開していません,保育のお仕事
株式会社学研エデュケーショナル,塾講師・チューター、採点・添削／幼稚園、保育園、こども園など,大阪府 堺市 新金岡駅 徒歩5分,公開していません,公開していません,バイトル
学校法人嶋田学園 鶴山台明徳幼稚園,保育士／幼稚園,大阪府 和泉市 北信太駅,"時給1,000円～",公開していません,保育士ワーカー
学校法人坂越学園 中かがや幼稚園,保育教諭／幼稚園,大阪府 大阪市 住之江公園駅,月給20万円～25万円,公開していません,保育士ワーカー
ひばり幼稚園,"学生アルバイト／保育補助／時給1,000円／週1日・月2回・2時間～短期OK「大0089-1」",大阪府 和泉市 和泉中央駅,"時給1,000円～",公開していません,かんたん応募
学校法人報恩寺学園,幼稚園／緑ヶ丘幼稚園,大阪府 豊中市 少路駅 徒歩5分,月給20万円,29日前,保育求人ガイド
学校法人成晃学院,幼稚園教諭／摂津ひかり幼稚園／摂津ひかりにこにこ保育園,大阪府 摂津市 南摂津駅 徒歩12分,月給17万170円～27万円,16日前,保育士バンク!
学校法人廣瀬学園,"保育士,幼稚園教諭／担任  補助  フリー／よさみ幼稚園",大阪府 大阪市 我孫子町駅 徒歩2分,月給18万円,公開していません,ほいとも大阪
学校法人杉田学園 大和幼稚園,幼稚園教諭／担任,大阪府 大阪市 住ノ江駅 徒歩15分,"月給18万7,500円～20万5,500円",15日前,ほいとも大阪
学校法人和泉宮学園 和泉幼稚園,幼稚園教諭／幼稚園,大阪府 和泉市,公開していません,公開していません,保育士ワーカー
幼稚園型認定こども園 守口東幼稚園,"学生アルバイト／保育補助／時給1,000円／週1日・月2回・2時間～短期OK「大0076-1」",大阪府 守口市 守口市駅,"時給1,000円～",公開していません,かんたん応募
学校法人大阪青山学園 大阪青山大学短期大学部附属...,保育士／幼稚園,大阪府 吹田市 北千里駅,"時給1,200円",公開していません,保育士ワーカー
学校法人吉川学園,幼稚園教諭／担任／早苗幼稚園,大阪府 守口市 土居駅 徒歩4分,"月給19万3,000円～",公開していません,ほいとも大阪
学校法人あびこ学園 あびこ幼稚園,幼稚園教諭／幼稚園,大阪府 大阪市 我孫子町駅,"時給1,200円～1,500円",公開していません,ヒトシア保育
学校法人森上学園 池田旭丘幼稚園,保育教諭／幼稚園,大阪府 池田市,"月給24万2,000円～27万5,000円",公開していません,保育士ワーカー
白鳩幼稚園,"学生アルバイト／保育補助／時給1,030円／週1日・月2回・2時間～短期OK",大阪府 八尾市 久宝寺口駅 徒歩3分,"時給1,030円～",公開していません,かんたん応募
学校法人大美野学園 幼稚園型認定こども園 大美野...,保育士／認定こども園,大阪府 堺市 東区,"時給1,000円～1,100円",公開していません,保育士ワーカー
宗教法人カトリックカリタス修道会 花田口聖母幼稚園,幼稚園教諭／幼稚園,大阪府 堺市 堺市駅,"時給1,000円",公開していません,保育士ワーカー
八戸の里幼稚園,幼稚園の調理師,大阪府 東大阪市,月給20万円～24万円,8日前,栄養士調理師求人ナビ
学校法人春緒野学園 東豊中幼稚園,幼稚園教諭／幼稚園,大阪府 豊中市 豊中駅,公開していません,公開していません,保育士ワーカー
学校法人城星学園 城星学園幼稚園,保育士／幼稚園,大阪府 大阪市 森ノ宮駅,公開していません,公開していません,保育士ワーカー
曽根幼稚園,幼稚園教諭／幼稚園,大阪府 豊中市,月給20万円～24万円,公開していません,保育士ワーカー
幼保連携型認定こども園 宮前つばさ幼稚園,学生アルバイト／保育補助／週1日・月2回・2時間～短期OK「大0090-1」,大阪府 松原市 河内松原駅 徒歩8分,時給992円～,公開していません,かんたん応募
学校法人真和学園 ふじしろ幼稚園,保育教諭／幼稚園,大阪府 吹田市 北千里駅,"月給19万2,000円～",公開していません,保育士ワーカー
美木多幼稚園,"学生アルバイト／保育補助／時給1,000円／週1日・月2回・2時間～短期OK「大0093-1」",大阪府 堺市 光明池駅 車10分,"時給1,000円",公開していません,かんたん応募
学校法人高槻双葉学園 認定こども園高槻双葉幼稚園,保育士／幼稚園教諭／こども園,大阪府 高槻市 高槻市駅,"時給1,150円～1,250円",3日前,保育box
株式会社BUY THE WAY,保育教諭／認定こども園高槻双葉幼稚園,大阪府 高槻市,"月給21万4,000円～22万6,000円",2日前,株式会社BUY THE WAY
有限会社高殿チャイルドケアセンター,幼稚園教諭／東高殿幼稚園,大阪府 大阪市 関目高殿駅 徒歩5分,"月給22万2,000円～23万2,000円",公開していません,保育の教科書 求人版
学校法人林学園,幼稚園教諭／担任／千寿幼稚園,大阪府 大阪市 千林駅 徒歩3分,"月給19万8,000円",11日前,ほいとも大阪
学校法人庄内神社学園,保育教諭／認定こども園庄内こどもの杜幼稚園,大阪府 豊中市 庄内駅 徒歩15分,"時給1,000円～1,100円",公開していません,保育士バンク!
マルワメディカル事業部 大阪青山大学付属 青山幼...,幼稚園勤務の栄養士,大阪府 吹田市 北千里駅 徒歩12分,月給20万円～23万円,公開していません,株式会社マルワ
学校法人圓光寺学園,保育教諭／認定こども園ひじり幼稚園・ひじり保育園,大阪府 大阪市 東淀川駅 徒歩3分,"月給18万9,000円～19万7,000円",公開していません,保育士バンク!
株式会社アズスタッフ,幼稚園教諭／嬉しい土日休み プライベート重視の方におすすめ,大阪府 池田市,"時給1,350円～",公開していません,おせわ～く
学校法人泉新学園 晴美台幼稚園,保育教諭／幼稚園,大阪府 堺市 南区,"時給1,200円",公開していません,保育士ワーカー
学校法人同往学園 朋来幼稚園,幼稚園教諭／朋来幼稚園,大阪府 大東市 住道駅 徒歩20分,"月給19万9,000円～20万2,000円",公開していません,保育のお仕事
学校法人城南学園,幼稚園教諭／城南学園幼稚園,大阪府 大阪市 矢田駅,月給18万円～23万円,27日前,保育士バンク!
学校法人蛍池学園 認定こども園 蛍池文化幼稚園,保育教諭／認定こども園,大阪府 豊中市,"時給1,135円～1,200円",公開していません,保育士ワーカー
学校法人育保学園,保育教諭／熊野田幼稚園,大阪府 豊中市,"月給19万7,400円～",公開していません,保育士バンク!
学校法人四葉学園 四葉幼稚園,幼稚園教諭／幼稚園,大阪府 東大阪市 瓢箪山駅 徒歩12分,"月給20万4,000円～21万8,000円",公開していません,保育士ワーカー
学校法人田蓑学園,幼稚園教諭／佃幼稚園,大阪府 大阪市 千船駅 徒歩3分,"月給20万7,000円～",公開していません,保育のお仕事
学校法人長居幼稚園,保育士／幼稚園,大阪府 大阪市 長居駅,公開していません,公開していません,保育士ワーカー
幼保連携型認定こども園 庄内こどもの杜幼稚園,保育士／認定こども園,大阪府 豊中市,"月給16万7,100円～16万9,100円",公開していません,保育士ワーカー
認定こども園 金田幼稚園,"学生アルバイト／保育補助／時給1,000円～／週1日・月2回・2時間～短期OK／大0013-2",大阪府 守口市 大日駅 徒歩20分,"時給1,000円",公開していません,かんたん応募
学校法人アソカ学園,幼稚園教諭／アソカ幼稚園,大阪府 豊中市 千里中央駅 徒歩10分,"月給18万5,080円",公開していません,保育のお仕事
学校法人奥林学園,保育士／認定こども園石切山手幼稚園,大阪府 東大阪市 石切駅 徒歩5分,"月給19万9,620円～",公開していません,ベビージョブ
蛍池文化幼稚園,"学生アルバイト／保育補助／時給1,000円～／週1日・月2回・2時間～短期OK／大0336-1",大阪府 豊中市 蛍池駅 徒歩10分,"時給1,000円",公開していません,かんたん応募
学校法人天美学園 美和幼稚園,保育教諭／幼稚園,大阪府 松原市 河内天美駅,月給18万円～19万円,公開していません,保育士ワーカー
四葉幼稚園,学生アルバイト／保育補助／時給1200円／週1日・月2回・2時間～短期OK「大0121-1」,大阪府 東大阪市 瓢箪山駅 徒歩12分,"時給1,200円",公開していません,かんたん応募
学校法人奥林学園 石切山手幼稚園,幼稚園教諭／石切山手幼稚園,大阪府 東大阪市 石切駅 徒歩3分,"月給18万1,500円～",公開していません,保育のお仕事
東豊中幼稚園,学生アルバイト／保育補助／週1日・月2回・2時間～短期OK「大0057-1」,大阪府 豊中市 豊中駅 バス10分,時給995円～,公開していません,かんたん応募
幼保連携型認定こども園 熊野田幼稚園,"学生アルバイト／保育補助／時給1,100円～／週1日・月2回・2時間～短期OK／大0183-1",大阪府 豊中市 豊中駅 バス15分,"時給1,100円～1,200円",公開していません,かんたん応募
学校法人専宗学園,幼稚園教諭／木川幼稚園,大阪府 大阪市 西中島南方駅 徒歩14分,"月給18万2,000円～",公開していません,保育士バンク!
城南学園幼稚園,保育士,大阪府 大阪市 矢田駅 徒歩13分,"月給19万円～20万6,000円",11日前,ほいてん
幼稚園型認定こども園東邦幼稚園,保育士,大阪府 豊中市 豊中駅 徒歩10分,"月給17万4,000円～",11日前,ほいてん
学校法人森上学園,"保育士,幼稚園教諭／担任／池田旭丘幼稚園",大阪府 池田市 石橋阪大前駅,"月給18万3,000円～",公開していません,ほいとも大阪
認定こども園 くすのき幼稚園,幼稚園教諭 幼児教室スタッフ・幼稚園教諭募集・ボーナス・賞与あり,大阪府 河内長野市 三日市町駅 徒歩15分,月給21万円～30万円,公開していません,ジョブメドレー
株式会社塩梅,幼稚園での厨房内の調理師業務,大阪府 枚方市 津田駅,"時給1,200円～",1日前,イーアイデム
御幣島幼稚園,幼児園教諭,大阪府 大阪市 御幣島駅 徒歩10分,"月給22万4,000円～",3日前,医療・介護・福祉・保育biz
学校法人鮎川学園,幼稚園教諭／鮎川幼稚園,大阪府 茨木市 茨木市駅,"月給19万6,000円",公開していません,保育のお仕事
株式会社京料理 花萬,日祝休み／高槻市の幼稚園栄養士／安定企業,大阪府 高槻市,月給21万円～24万円,10時間前,栄養士調理師求人ナビ
保育福祉Gtrail,アソカ幼稚園,大阪府 豊中市,公開していません,21日前,保育福祉Gtrail
学校法人西堤学園,幼稚園教諭／西堤幼稚園,大阪府 東大阪市 高井田中央駅 徒歩8分,"月給19万5,700円",公開していません,保育士バンク!
学校法人奥野学園,保育教諭／認定こども園八尾平和幼稚園,大阪府 八尾市 高安駅 徒歩5分,"月給20万2,640円～20万4,940円",公開していません,保育士バンク!
学校法人山本栄学園 幼稚園型認定こども園 畷幼稚園,保育士／認定こども園,大阪府 四條畷市 忍ケ丘駅,公開していません,公開していません,保育士ワーカー
学校法人福原学園 認定こども園 上代幼稚園,幼稚園教諭／認定こども園,大阪府 和泉市 北信太駅,"月給21万4,780円～",公開していません,保育士ワーカー
株式会社ミライエ 大阪ほいく部,幼稚園での幼稚園教諭さんの募集,大阪府 茨木市 南茨木駅 徒歩5分,"時給1,400円～1,500円",2日前,イーアイデム
学校法人三宅学園,幼稚園教諭／認定こども園船尾幼稚園,大阪府 堺市 諏訪ノ森駅 徒歩7分,"月給18万5,000円～19万2,000円",公開していません,保育士バンク!
シダックス株式会社,調理師／田尻町保育所・幼稚園,大阪府 田尻町,"時給992円～1,200円",21日前,シダックス株式会社
株式会社ティスメ,幼稚園教諭／幼稚園,大阪府 豊中市                                                                                                                                                                その他 (8),"時給1,313円～1,400円",公開していません,保育士ワーカー
学校法人善東学園,幼稚園教諭／善東幼稚園,大阪府 吹田市 千里山駅 徒歩5分,"月給19万5,000円～20万5,000円",公開していません,保育士バンク!
マルワメディカル事業部 八戸の里幼稚園,幼稚園勤務の栄養士,大阪府 東大阪市 八戸ノ里駅 徒歩10分,月給20万円～23万円,17時間前,株式会社マルワ
認定こども園 石切山手幼稚園,"学生アルバイト／保育補助／時給1,000円／週1日・月2回・2時間～短期OK「大0221-2」",大阪府 東大阪市 石切駅 徒歩5分,"時給1,000円～",公開していません,かんたん応募
茨木みのり幼稚園,幼稚園の幼稚園教諭,大阪府 茨木市 南茨木駅 徒歩13分,"月給19万円～19万6,000円",公開していません,ジョブメドレー
学校法人真曜学園,幼稚園教諭／安松幼稚園,大阪府 泉佐野市 羽倉崎駅 徒歩16分,"月給20万円～22万2,000円",公開していません,保育士バンク!
学校法人豊緑学園 豊中みどり幼稚園,"保育士,幼稚園教諭／担任  補助",大阪府 豊中市 柴原阪大前駅 徒歩10分,"月給20万3,155円",15日前,ほいとも大阪
学校法人大阪信愛女学院 大阪信愛女学院幼稚園,幼稚園教諭／幼稚園,大阪府 大阪市 関目駅,"時給1,100円",公開していません,保育士ワーカー
学校法人道輝学園 認定こども園 おしお幼稚園,保育教諭／認定こども園,大阪府 河内長野市 三日市町駅,年収280万円～300万円,公開していません,保育士ワーカー
学校法人大阪武田学園 南恩加島幼稚園,保育士／幼稚園,大阪府 大阪市 大正駅,"時給1,000円",公開していません,保育士ワーカー
学校法人大阪福島キリスト教学園 愛輝幼稚園,幼稚園教諭／幼稚園,大阪府 大阪市 福島駅,"月給22万2,400円～",公開していません,保育士ワーカー
学校法人螢池学園,"保育士,幼稚園教諭／担任／学校法人蛍池学園 認定こども園 蛍池文化幼稚園",大阪府 豊中市 蛍池駅 徒歩5分,"月給22万7,500円～",20日前,ほいとも大阪
学校法人育保学園 熊野田幼稚園,幼稚園教諭／認定こども園,大阪府 豊中市 曽根駅,"月給19万2,600円～",公開していません,保育士ワーカー
学校法人山野学園 瑞光第二幼稚園,幼稚園教諭／補助  フリー,大阪府 大阪市 井高野駅,月給17万円～,公開していません,ほいとも大阪
大阪商業大学附属幼稚園,保育補助員・幼稚園教諭募集、年齢不問,大阪府 東大阪市 八戸ノ里駅 徒歩5分,"時給1,050円～",公開していません,ジョブメドレー
ベルサンテスタッフ株式会社 大阪,幼稚園教諭／正職員,大阪府 和泉市 信太山駅 徒歩10分,"月給21万4,756円～",公開していません,イーアイデム
M&W 採用サロン Welfareルネサンス 箕...,パートの幼稚園教諭,大阪府 箕面市,"時給1,200円～",9日前,M&W 採用サロン
学校法人敬応学園 敬応学園幼稚園,保育士／幼稚園,大阪府 枚方市 藤阪駅,公開していません,公開していません,保育士ワーカー
学校法人三島学園,幼稚園教諭／三島幼稚園,大阪府 摂津市 摂津市駅 徒歩5分,"月給20万8,000円",公開していません,保育士バンク!
宗教法人カトリックカリタス修道会,幼稚園教諭／花田口聖母幼稚園,大阪府 堺市 堺東駅,月給23万円～24万円,公開していません,保育士バンク!
学校法人松井学園 認定こども園 赤坂台幼稚園,幼稚園教諭／認定こども園,大阪府 堺市 南区,"月給19万5,000円～",公開していません,保育士ワーカー
山手幼稚園,バス添乗スタッフ・無資格可の保育補助,大阪府 吹田市 豊津駅 徒歩8分,"時給1,040円",公開していません,ジョブメドレー
幼保連携型認定こども園やまなみ幼稚園,幼稚園教諭・住宅手当支給,大阪府 四條畷市 忍ケ丘駅 徒歩14分,"月給19万1,000円～22万1,000円",公開していません,ジョブメドレー
株式会社クレセント,幼稚園教諭,大阪府 大阪市 緑橋駅 徒歩6分,"時給1,300円～",1日前,クレセント
認定こども園 ひじり幼稚園,"学生アルバイト／保育補助／時給1,000円～／週1日・月2回・2時間～短期OK「大0072-1」",大阪府 大阪市 東三国駅 徒歩5分,"時給1,000円～",公開していません,かんたん応募
学校法人報恩寺学園 緑ヶ丘幼稚園,幼稚園教諭／フリー,大阪府 豊中市 少路駅 徒歩5分,月給20万円,公開していません,ほいとも大阪
学校法人三木学園 美木幼稚園,幼稚園教諭募集・ボーナス・賞与あり,大阪府 大阪狭山市 狭山駅 徒歩13分,月給23万円～25万円,公開していません,ジョブメドレー
学校法人清和学園 郡山敬愛幼稚園,保育士／幼稚園,大阪府 茨木市,"時給964円～1,200円",公開していません,保育士ワーカー
学校法人廣瀬学園 よさみ幼稚園,幼稚園教諭／幼稚園,大阪府 大阪市 我孫子町駅 徒歩5分,月給19万300円～,公開していません,保育士ワーカー
学校法人大阪成蹊学園 こみち幼稚園,幼稚園教諭／幼稚園,大阪府 大阪市 東淀川区,"月給17万5,900円～32万4,700円",公開していません,保育士ワーカー
学校法人山田学園,保育士／金田幼稚園,大阪府 守口市 大日駅 徒歩20分,"月給20万5,000円～21万円",公開していません,保育士バンク!
学校法人廣瀬学園 認定こども園 東よさみ幼稚園,保育教諭／認定こども園,大阪府 大阪市 あびこ駅 徒歩14分,月給19万300円,2日前,保育士ワーカー
学校法人圓光寺学園 認定こども園ひじり幼稚園,保育教諭／認定こども園,大阪府 大阪市 東淀川駅,月給19万円～,公開していません,保育士ワーカー
学校法人東平野幼稚園,保育士／認定こども園東平野幼稚園,大阪府 大阪市 平野駅 徒歩13分,"月給18万3,000円～19万3,000円",21日前,保育士バンク!
学校法人成田山学園,幼稚園教諭／成田幼稚園,大阪府 寝屋川市 香里園駅 徒歩16分,"月給18万5,000円～",27日前,保育士バンク!
学校法人鴻池学園教育研究所,保育士／幼稚園教諭／保育士資格取得見込み／こども園,大阪府 枚方市 枚方市駅,月給23万円～,6日前,保育box
学校法人大阪城北学園 藤ヶ丘幼稚園,幼稚園教諭／幼稚園,大阪府 吹田市 吹田駅 徒歩11分,月給22万円～25万円,公開していません,保育士ワーカー
学校法人松原学園 幼稚園型認定こども園 松原ひか...,保育士／補助  フリー,大阪府 松原市 河内松原駅 徒歩5分,"時給1,200円",公開していません,ほいとも大阪
緑ヶ丘幼稚園,幼稚園教諭必須／預かり保育補助／13:00~19:00固定勤務／火曜日・木曜日のみの週2日,大阪府 豊中市 少路駅 徒歩5分,"時給1,200円",公開していません,イーアイデム
学校法人東邦学園 大阪東邦幼稚園,幼稚園教諭／幼稚園,大阪府 大阪市 南方駅 徒歩11分,月給17万円～18万円,公開していません,保育士ワーカー
認定こども園みどり幼稚園,保育士,大阪府 東大阪市 布施駅 徒歩15分,"月給19万1,900円～23万円",11日前,ほいてん
認定こども園金田幼稚園,保育教諭・幼稚園教諭募集・ボーナス・賞与あり,大阪府 守口市 大日駅 徒歩22分,"月給21万円～23万5,000円",公開していません,ジョブメドレー
学校法人敬愛学園 山田敬愛幼稚園,幼稚園教諭／山田敬愛幼稚園,大阪府 吹田市 万博記念公園駅 車7分,"月給20万2,000円～",公開していません,バイトルPRO
幼保連携型認定こども園 大阪国際大和田幼稚園,幼稚園教諭／認定こども園,大阪府 守口市 大日駅,"時給1,100円",公開していません,保育士ワーカー
学校法人北口学園,保育士／太平寺幼稚園,大阪府 堺市 深井駅 徒歩45分,"時給1,200円～",公開していません,ベビージョブ
はつしば学園幼稚園,幼稚園の幼稚園教諭,大阪府 堺市 初芝駅 徒歩9分,"時給1,250円～1,600円",公開していません,ジョブメドレー
学校法人清和学園,認定こども園／幼稚園型認定こども園 彩都敬愛幼稚園,大阪府 茨木市 彩都西駅,"月給20万5,700円～20万9,000円",25日前,保育求人ガイド
学校法人奥野学園 幼稚園型認定こども園和泉緑ケ丘...,土日祝休み／経験不問／短時間、シフト相談可／バス添乗,大阪府 和泉市 和泉中央駅,"日給4,400円",公開していません,ヒトシア保育
学校法人大阪聖マリア学園 認定こども園 関目聖マ...,保育教諭／認定こども園,大阪府 大阪市 関目駅,"月給18万600円～18万4,800円",公開していません,保育士ワーカー
学校法人育和学園 認定こども園育和学園生長幼稚園,幼稚園教諭／認定こども園育和学園生長幼稚園,大阪府 大阪市 鶴ケ丘駅 徒歩5分,月給20万円～21万円,公開していません,保育のお仕事
社会福祉法人光の園,幼稚園教諭／担任  補助  フリー／学校法人光の園 幼保連携型認定こども園 光の園幼稚園,大阪府 大阪市 出来島駅 徒歩9分,"月給21万7,600円",公開していません,ほいとも大阪
学校法人大東学園 幼稚園型認定こども園 愛真幼稚園,保育教諭／認定こども園,大阪府 大東市 四条畷駅,"月給19万6,000円～45万円",公開していません,保育士ワーカー
学校法人あびこ学園,幼稚園教諭／担任／あびこ幼稚園,大阪府 大阪市 我孫子町駅 徒歩3分,"月給19万6,000円～",14日前,ほいとも大阪
百合の園学院,保育教諭／認定こども園香里幼稚園,大阪府 寝屋川市 香里園駅 徒歩7分,"月給18万5,680円",公開していません,保育士バンク!
認定こども園 蛍池文化幼稚園,幼稚園教諭募集・ボーナス・賞与あり,大阪府 豊中市 大阪空港駅 徒歩14分,"時給1,200円～",公開していません,ジョブメドレー
認定こども園 槇塚幼稚園,保育教諭スタッフ,大阪府 堺市 泉ケ丘駅 車7分,月給19万円～25万円,公開していません,イーアイデム
学校法人すみれ学園,幼稚園教諭／第二すみれ幼稚園,大阪府 大阪市 東部市場前駅 徒歩5分,"時給1,000円～1,200円",公開していません,保育の教科書 求人版
幼保連携型認定こども園 追手門学院幼稚園,"学生アルバイト／保育補助／時給1,000円／週1日・月2回・2時間～短期OK「大0249-2」",大阪府 豊中市 千里中央駅 徒歩15分,"時給1,000円",公開していません,かんたん応募
山田敬愛幼稚園,幼稚園の幼稚園教諭,大阪府 吹田市 万博記念公園駅 徒歩23分,月給16万円～,公開していません,ジョブメドレー
学校法人山野学園 瑞光幼稚園,保育補助募集,大阪府 大阪市 東淀川区,"月給17万円～17万2,000円",公開していません,lightjobs
学校法人亀之森住吉学園 亀之森幼稚園,保育教諭／認定こども園,大阪府 池田市,"月給17万9,300円～32万5,000円",公開していません,保育士ワーカー
認定こども園 牧落幼稚園,学生アルバイト／保育補助／週1日・月2回・2時間～短期OK,大阪府 箕面市 牧落駅 徒歩10分,時給992円,公開していません,かんたん応募
学校法人すみれ学園 幼保連携認定こども園 すみれ...,保育教諭／認定こども園,大阪府 大阪市 東部市場前駅 徒歩20分,"月給18万4,000円～28万3,000円",公開していません,保育士ワーカー
株式会社ミールケア 茨木高美幼稚園,栄養士,大阪府 茨木市 茨木市駅 徒歩10分                                                                                                                                                                その他 (3),"月給19万5,000円",7日前,株式会社ミールケア
学校法人稲垣学園 認定こども園 愛児幼稚園,保育教諭／認定こども園,大阪府 大阪市 長居駅,時給950円～,公開していません,保育士ワーカー
学校法人サント・アンゼロ学院 カトリックさゆり幼...,幼稚園教諭／幼稚園,大阪府 吹田市 北千里駅,"月給20万8,000円～21万300円",公開していません,保育士ワーカー
学校法人クラレット学院 認定こども園 うみのほし...,保育教諭／認定こども園,大阪府 枚方市 枚方市駅,"時給1,100円～1,500円",公開していません,保育士ワーカー
学校法人箕面学園 箕面学園附属幼稚園,幼稚園教諭／幼稚園,大阪府 箕面市,"時給1,150円～1,200円",公開していません,保育士ワーカー
学校法人法恩寺学園,幼稚園教諭／緑ヶ丘幼稚園,大阪府 豊中市 少路駅 徒歩5分,"月給19万2,000円",公開していません,保育のお仕事
学校法人鴻池学園 認定こども園 朝陽ヶ丘幼稚園,保育士／認定こども園,大阪府 東大阪市 高井田中央駅,月給21万円～,公開していません,保育士ワーカー
学校法人敬愛学園,幼稚園教諭／のんの敬愛保育園,大阪府 吹田市 万博記念公園駅,"月給20万2,000円～",公開していません,ベビージョブ
学校法人大阪聖心学院 星の光幼稚園,幼稚園教諭／幼稚園,大阪府 松原市 河内松原駅                                                                                                                                                                その他 (2),"月給17万9,700円～",公開していません,保育士ワーカー
学校法人石田学園,保育教諭／湊はなぞの幼稚園,大阪府 堺市 湊駅 徒歩7分,"月給18万7,200円～26万1,040円",22日前,保育士バンク!
郡山敬愛幼稚園,幼稚園教諭／幼稚園,大阪府 茨木市 豊川駅,"月給18万9,200円～19万1,400円",公開していません,スリーサイズダイレクト
学校法人大阪信愛女学院 大阪信愛学院幼稚園,保育教諭／幼稚園,大阪府 大阪市 新森古市駅 徒歩8分,"月給17万4,700円～29万1,700円",公開していません,保育士ワーカー
学校法人法泉寺学園 粟生幼稚園,保育教諭／認定こども園,大阪府 茨木市 彩都西駅 徒歩18分,月給18万円～,公開していません,保育士ワーカー
楠京阪幼稚園,幼稚園の幼稚園教諭,大阪府 枚方市 星ケ丘駅 徒歩10分,月給22万円～25万円,公開していません,ジョブメドレー
社会福祉法人智恩福祉会,幼稚園教諭／彩都敬愛幼稚園,大阪府 茨木市 彩都西駅 徒歩10分,"月給20万9,000円～",公開していません,保育の教科書 求人版
千里敬愛幼稚園,幼稚園の幼稚園教諭,大阪府 吹田市 桃山台駅 徒歩8分,"月給23万2,000円～24万2,000円",公開していません,ジョブメドレー
認定こども園槇塚幼稚園,保育士,大阪府 堺市 泉ケ丘駅 車7分,月給19万円～25万円,11日前,ほいてん
学校法人稲垣学園愛児幼稚園,幼稚園教諭,大阪府 大阪市 長居駅 徒歩8分,"時給1,000円",公開していません,保育士バンク!
学校法人光の園,保育教諭／幼保連携型認定こども園光の園幼稚園,大阪府 大阪市 千船駅,"月給21万7,600円",公開していません,保育士バンク!
学校法人邨橋学園 幼保連携型認定こども園たちばな...,保育士／幼稚園教諭／保育教諭／こども園,大阪府 門真市 古川橋駅,"時給1,200円",3日前,保育box
学校法人湊学院 幼保連携型認定こども園 湊つばさ...,保育士／認定こども園,大阪府 堺市 湊駅,"時給1,000円～",公開していません,保育士ワーカー
青英幼稚園 泉北園舎,幼稚園教諭募集・ボーナス・賞与あり,大阪府 堺市 泉ケ丘駅 徒歩16分,月給24万円,公開していません,ジョブメドレー
学校法人城地学園,新着! 資格必須／くすのき幼稚園,大阪府 河内長野市 三日市町駅 徒歩10分,月給21万円～25万円,公開していません,保育求人ガイド
株式会社くま教育センター 本町教室,幼稚園教諭／認可外保育園,大阪府 大阪市 本町駅,月給25万円～30万円,公開していません,保育士ワーカー
服部みどり幼稚園,"学生アルバイト／保育補助／時給1,000円／週1日・月2回・2時間～短期OK「大0223-1」",大阪府 豊中市 服部天神駅 徒歩13分,"時給1,000円～",公開していません,かんたん応募
認定こども園 ひかりの子幼稚園,幼稚園教諭募集・ボーナス・賞与あり,大阪府 枚方市 津田駅 徒歩5分,"月給19万1,390円～",公開していません,ジョブメドレー
学校法人川口聖マリア幼稚園 川口聖マリア幼稚園,幼稚園教諭／幼稚園,大阪府 大阪市 阿波座駅,"月給19万9,000円～24万6,000円",17日前,ヒトシア保育
学校法人東口学園 認定こども園ふじ幼稚園,保育士／幼稚園・幼児教室,大阪府 門真市 門真市駅 徒歩8分,"時給1,300円～1,400円",公開していません,バイトルPRO
学校法人城地学園 楠京阪幼稚園,幼稚園教諭／幼稚園,大阪府 枚方市 宮之阪駅 徒歩9分,月給21万円～25万円,公開していません,保育士ワーカー
木川幼稚園,幼稚園の幼稚園教諭,大阪府 大阪市 十三駅 徒歩12分,"時給1,200円～",公開していません,ジョブメドレー
ガネーシャ放課後こども教室,保育士・幼稚園教諭,大阪府 寝屋川市 寝屋川市駅 徒歩5分,"時給1,200円～",7日前,ガネーシャ放課後こども教室
学校法人徳庵学園 徳庵愛和幼稚園,幼稚園教諭／幼稚園,大阪府 東大阪市 徳庵駅,公開していません,公開していません,保育士ワーカー
学校法人栗岡学園 聖美幼稚園,幼稚園教諭／幼稚園,大阪府 大阪市 今里駅,"月給18万5,000円～",公開していません,保育士ワーカー
学校法人豊中松田学園 豊中文化幼稚園・とよなかぶ...,保育士／幼稚園,大阪府 豊中市 岡町駅,公開していません,公開していません,保育士ワーカー
服部幼稚園,学生アルバイト／保育補助／週1日・月2回・2時間～短期OK「大0098-1」,大阪府 豊中市 服部天神駅 徒歩3分,時給992円,公開していません,かんたん応募
庄内こどもの杜幼稚園,保育士,大阪府 豊中市 庄内駅,"月給20万9,050円～21万4,700円",11日前,ほいてん
白ばら幼稚園,"学生アルバイト／保育補助／時給1,000円／週1日・月2回・2時間～短期OK／大0244-1",大阪府 高槻市 高槻市駅 徒歩10分,"時給1,000円",1日前,かんたん応募
鮎川幼稚園,幼稚園の幼稚園教諭,大阪府 茨木市 総持寺駅 徒歩19分,"月給19万6,000円～20万1,000円",公開していません,ジョブメドレー
門真めぐみ幼稚園,"学生アルバイト／保育補助／時給1,000円／週1日・月2回・2時間～短期OK「大0004-2」",大阪府 寝屋川市 萱島駅,"時給1,000円～",公開していません,かんたん応募
株式会社RSパートナーズ,幼稚園教諭 こども園,大阪府 門真市                                                                                                                                                                その他 (45),"時給1,600円～2,000円",28日前,かんたん応募
学校法人真曜学園 安松幼稚園,幼稚園教諭／幼稚園,大阪府 泉佐野市 日根野駅,"月給19万5,000円～22万2,000円",公開していません,保育士ワーカー
学校法人杉田学園,幼稚園教諭／大和幼稚園,大阪府 大阪市 住之江区,"月給24万5,000円",公開していません,保育士バンク!
学校法人八尾聖光学園,保育士／認定こども園聖光幼稚園,大阪府 八尾市 河内山本駅 徒歩20分,"時給1,000円",公開していません,保育士バンク!
M幼稚園,看護師・准看護師／その他／その他,大阪府 箕面市,"時給1,900円～2,000円",公開していません,医療ワーカー
学校法人亀之森住吉学園,保育教諭／認定こども園亀之森幼稚園・かめのもり乳児園,大阪府 豊中市 蛍池駅,"月給17万9,300円～32万5,000円",公開していません,保育士バンク!
認定こども園聖光幼稚園,認定こども園の幼稚園教諭,大阪府 八尾市 河内山本駅 徒歩20分,"時給1,000円～",公開していません,ジョブメドレー
学校法人八尾聖光学園 認定こども園 聖光幼稚園,保育教諭／認定こども園,大阪府 八尾市 久宝寺口駅,"時給1,050円～1,100円",公開していません,保育士ワーカー
認定こども園 千里山グレース幼稚園,"学生アルバイト／保育補助／時給1,000円／週1日・月2回・2時間～短期OK「大0049-1」",大阪府 吹田市 千里山駅 徒歩5分,"時給1,000円～1,200円",公開していません,かんたん応募
学校法人東邦幼稚園,保育教諭／認定こども園,大阪府 豊中市,公開していません,公開していません,保育士ワーカー
学校法人トリストラム学園 認定こども園プール幼稚園,保育士／補助  フリー,大阪府 大阪市 矢田駅 徒歩5分,"時給1,000円",公開していません,ほいとも大阪
宗教法人正蓮寺,幼稚園／愛の恵幼稚園,大阪府 大阪市 北区,月給21万円,19日前,保育求人ガイド
粟生幼稚園,幼稚園の幼稚園教諭,大阪府 茨木市 彩都西駅 徒歩20分,"月給18万8,500円",公開していません,ジョブメドレー
賢明学院幼稚園,"学生アルバイト／保育補助／時給1,000円／週1日・月2回・2時間～短期OK",大阪府 堺市 上野芝駅 徒歩15分,"時給1,000円",公開していません,かんたん応募
学校法人追手門学院,保育教諭／認定こども園追手門学院幼稚園,大阪府 豊中市 千里中央駅,"月給22万1,520円～22万6,520円",公開していません,保育士バンク!
中央幼稚園,幼稚園の幼稚園教諭,大阪府 堺市 新金岡駅 徒歩13分,"月給19万9,000円～20万9,000円",公開していません,ジョブメドレー
学校法人山添学園,保育士／幼保連携型認定こども園 御幸幼稚園さくらんぼ保育園,大阪府 守口市 守口駅 徒歩5分,"月給17万5,000円～",公開していません,ベビージョブ
太成学院天満幼稚園,幼稚園の幼稚園教諭,大阪府 大阪市 扇町駅 徒歩6分,"時給1,200円～1,300円",公開していません,ジョブメドレー
彩都敬愛幼稚園,幼稚園教諭／幼稚園,大阪府 茨木市 彩都西駅,"月給18万9,200円～19万1,400円",公開していません,スリーサイズダイレクト
学校法人大阪聖徳学園 認定こども園 勝山愛和第四...,保育教諭／認定こども園,大阪府 大阪市 東住吉区                                                                                                                                                                その他 (4),"月給20万3,000円～",公開していません,保育士ワーカー
学校法人龍華学園,幼稚園教諭／森河内幼稚園,大阪府 大阪市 放出駅 徒歩15分,月給20万円～,公開していません,保育士バンク!
認定こども園御幣島幼稚園,幼稚園教諭,大阪府 大阪市 御幣島駅 徒歩7分,"時給1,100円～1,200円",2日前,ジョブタイム
学校法人大阪キリスト教学院,保育士／幼稚園,大阪府 大阪市 天王寺駅,月給17万円,公開していません,保育士ワーカー
学校法人菅原天満宮学園,保育教諭／認定こども園菅原天満幼稚園,大阪府 大阪市 淡路駅 徒歩14分,"月給18万6,000円～23万3,200円",公開していません,保育士バンク!
学校法人百合の園学院 認定こども園 香里幼稚園,保育教諭／認定こども園,大阪府 寝屋川市 香里園駅,"月給19万3,160円～",公開していません,保育士ワーカー
双百合幼稚園,学生アルバイト／保育補助／時給1000円／週1日・月2回・2時間～短期OK「大0070-1」,大阪府 和泉市 和泉中央駅,"時給1,000円",公開していません,かんたん応募
学校法人トリストラム学園 プール幼稚園,幼稚園教諭／幼稚園,大阪府 大阪市 今川駅,"時給1,000円～",公開していません,保育士ワーカー
学校法人中井学園,幼稚園教諭／新ひのお台幼稚園,大阪府 堺市 光明池駅,"月給19万5,500円～22万5,500円",公開していません,保育のお仕事
朝陽幼稚園,幼稚園の幼稚園教諭,大阪府 大阪市 聖天坂駅 徒歩5分,"月給18万7,800円～19万4,100円",公開していません,ジョブメドレー
学校法人大西学園 ひなぎく幼稚園,幼稚園教諭／認定こども園,大阪府 河内長野市 汐ノ宮駅,"月給20万3,500円",公開していません,保育士ワーカー
認定こども園 せいこう幼稚園・せいこう保育園,幼稚園教諭／認定こども園,大阪府 和泉市 北信太駅,"月給19万円～23万8,000円",公開していません,スリーサイズダイレクト
認定こども園 やまなみ幼稚園,保育士,大阪府 寝屋川市 寝屋川公園駅 徒歩5分,"時給1,100円～1,200円",公開していません,イーアイデム
学校法人千里丘学園幼稚園,千里丘学園幼稚園,大阪府 摂津市 千里丘駅 徒歩13分,"月給18万円～19万2,000円",7日前,保育求人ガイド
学校法人聖母被昇天学院,幼稚園教諭／こども園アサンプション国際幼稚園,大阪府 箕面市 箕面駅 徒歩15分,"月給18万1,700円～30万7,100円",公開していません,保育パートナーズ
学校法人日高学園 聖ケ岡幼稚園,保育士／幼稚園,大阪府 和泉市 北信太駅,公開していません,公開していません,保育士ワーカー
株式会社アスカ,私立幼稚園／城南学園幼稚園,大阪府 大阪市 矢田駅 徒歩10分,"時給1,300円",14日前,保育求人ガイド
学校法人清水学園,幼稚園教諭／安威幼稚園,大阪府 茨木市 茨木駅,"月給19万5,000円～20万5,000円",公開していません,保育のお仕事
学校法人茨木学園,幼稚園教諭／茨木みのり幼稚園,大阪府 茨木市 南茨木駅 徒歩13分,"月給19万円～19万6,000円",公開していません,保育士バンク!
学校法人光宝寺学園,令和5年度4月からの!／認定こども園 淡路幼稚園,大阪府 大阪市 淡路駅 徒歩4分,"月給18万3,750円～24万1,000円",10日前,保育求人ガイド
下福島幼稚園,"学生アルバイト／保育補助／時給1,000円～／週1日・月2回・2時間～短期OK",大阪府 大阪市 野田駅 徒歩10分,"時給1,000円～1,300円",公開していません,かんたん応募
認定こども園 たけしろ幼稚園,幼稚園教諭／認定こども園,大阪府 堺市 泉ケ丘駅,"時給900円～1,100円",公開していません,スリーサイズダイレクト
学校法人超光寺学園,幼稚園教諭／超光寺幼稚園,大阪府 豊中市 岡町駅 徒歩7分,"月給21万1,800円",27日前,保育士バンク!
幼保連携型認定こども園淡路幼稚園,保育士,大阪府 大阪市 淡路駅 徒歩4分,"月給18万3,750円～24万1,500円",13日前,ほいてん
学校法人山脇学園,保育士／友星幼稚園,大阪府 池田市 池田駅 バス1336分,月給15万円～16万円,公開していません,保育のお仕事
学校法人森内学園 花園幼稚園,"保育士,幼稚園教諭／補助",大阪府 東大阪市 東花園駅 徒歩5分,"時給1,300円～",公開していません,ほいとも大阪
株式会社テラススタッフ,幼稚園での幼稚園教諭,大阪府 大阪市 松虫駅 徒歩4分,"時給1,000円～",2日前,CCナビ
白鳩羽曳野幼稚園,幼稚園の幼稚園教諭,大阪府 羽曳野市 古市駅 徒歩26分,"月給22万8,000円～23万6,100円",公開していません,ジョブメドレー
四條畷学園大学附属幼稚園,保育教諭・年間休日120日以上の幼稚園教諭,大阪府 大東市 四条畷駅 徒歩5分,月給22万円,公開していません,ジョブメドレー
株式会社松ちゃん給食 大阪市天王寺区下寺町の幼稚...,無資格可の調理師／調理スタッフ,大阪府 大阪市 四天王寺前夕陽ケ丘駅 徒歩8分,"時給1,009円～1,400円",公開していません,ジョブメドレー
青英学園幼稚園 深井園舎,幼稚園教諭募集・ボーナス・賞与あり,大阪府 堺市 深井駅 徒歩4分,月給24万円,公開していません,ジョブメドレー
株式会社NeoC保育,私立幼稚園で働く幼児補助担当業務,大阪府 大阪市 松屋町駅,"時給1,290円",2日前,株式会社NeoC保育
学校法人石橋文化学園 石橋文化幼稚園,幼稚園教諭／幼稚園,大阪府 池田市,月給20万円～,公開していません,保育士ワーカー
学校法人唯心学園 認定こども園 竹渕幼稚園,保育教諭／認定こども園,大阪府 八尾市 久宝寺駅,"月給20万4,360円～",公開していません,保育士ワーカー
学校法人安本学園,保育士／認定こども園えぴーく幼稚園,大阪府 河内長野市,月給16万円～20万円,公開していません,保育士バンク!
幼保連携型認定こども園 やまなみ幼稚園,幼稚園教諭／認定こども園,大阪府 寝屋川市,"時給1,200円",公開していません,スリーサイズダイレクト
学校法人京新学園 太秦幼稚園,幼稚園教諭スタッフ,大阪府 寝屋川市 寝屋川市駅 徒歩25分,月給23万円～,12日前,イーアイデム
東高殿幼稚園,保育士,大阪府 大阪市 関目高殿駅 徒歩5分,"時給1,200円～",公開していません,イーアイデム
幼保連携型認定こども園 鴻池学園幼稚園,幼稚園教諭募集、年齢不問,大阪府 東大阪市 鴻池新田駅 徒歩6分,"時給1,100円～1,500円",公開していません,ジョブメドレー
株式会社テンダーラビングケアサービス,幼稚園教諭・扇町駅エリアの私立幼稚園／保育園や幼稚園の求人、転職、正社員、派遣,大阪府 大阪市 扇町駅 徒歩6分,"時給1,300円～",12日前,EUSTYLE
学校法人聖母被昇天学院 こども園 アサンプション...,保育教諭／認定こども園,大阪府 箕面市 箕面駅 徒歩15分,"月給19万8,000円～22万4,070円",公開していません,保育士ワーカー
学校法人森岡学園 認定こども園 住の江幼稚園,保育教諭／認定こども園,大阪府 大阪市 中ふ頭駅,月給23万円～,公開していません,保育士ワーカー
認定子ども園 源氏ケ丘幼稚園,"学生アルバイト／保育補助／時給1,000円／週1日・月2回・2時間～短期OK「大0099-1」",大阪府 東大阪市 長瀬駅 徒歩4分,"時給1,000円",公開していません,かんたん応募
あべの翔学高等学校附属朝陽幼稚園,幼稚園の幼稚園教諭,大阪府 大阪市 河堀口駅 徒歩1分,"月給19万4,100円～",21日前,ジョブメドレー
学校法人大阪聖マリア学園,保育士／関目聖マリア幼稚園,大阪府 大阪市 関目駅,月給18万400円～19万円,公開していません,保育士バンク!
学校法人清友学院,バスの添乗なし／清友幼稚園,大阪府 八尾市 高安駅,月給19万円,公開していません,保育求人ガイド
学校法人徳風学園 認定こども園 早苗幼稚園,保育士／認定こども園,大阪府 枚方市 樟葉駅,公開していません,公開していません,保育士ワーカー
名阪食品株式会社 高岡幼稚園内の厨房,保育所・保育園・で働きたい管理栄養士／栄養士,大阪府 交野市 星田駅 徒歩8分,"月給17万3,000円～25万円",公開していません,ジョブメドレー
学校法人松井学園,保育士／認定こども園 赤坂台幼稚園,大阪府 堺市 光明池駅,"月給19万5,000円～",27日前,保育士バンク!
学校法人長楽寺学園 認定こども園 こぎ幼稚園,保育教諭／認定こども園,大阪府 貝塚市 貝塚市役所前駅 徒歩9分,"月給19万7,000円～",公開していません,保育士ワーカー
千里山ナオミ幼稚園,"学生アルバイト／保育補助／時給1,100円～／週1日・月2回・2時間～短期OK／大0305-1",大阪府 吹田市 千里山駅 徒歩5分,"時給1,100円～",公開していません,かんたん応募
マルワメディカル事業部 御幣島幼稚園,幼稚園勤務の栄養士,大阪府 大阪市 御幣島駅 徒歩8分,月給20万円～23万円,公開していません,株式会社マルワ
認定こども園あけのほし幼稚園,保育教諭・社会保険完備の職場で保育士,大阪府 大阪市 太子橋今市駅 徒歩4分,"時給1,200円～1,500円",2日前,ジョブメドレー
学校法人慈光ながそね学園 なかよしの森認定こども...,幼稚園教諭／認定こども園,大阪府 堺市 北区,公開していません,公開していません,保育士ワーカー
摂津ひかり幼稚園,学生アルバイト／保育補助／週1日・月2回・2時間～短期OK／大0332-1,大阪府 摂津市 南摂津駅 徒歩10分,時給992円,公開していません,かんたん応募
学校法人善き牧者聖母学院,幼稚園教諭／春日荘聖マリア幼稚園,大阪府 箕面市 桜井駅,"月給19万2,150円～",18日前,保育士バンク!
社会福祉法人たちばな福祉会,保育士・幼稚園教諭必須／たちばな東こども園,大阪府 守口市,月給20万円,公開していません,保育求人ガイド
学校法人慈光学園,幼稚園教諭／認定こども園たけしろ幼稚園,大阪府 堺市 泉ケ丘駅 徒歩16分,"時給1,000円～",公開していません,ベビージョブ
城星学園幼稚園,幼稚園教諭,大阪府 大阪市 森ノ宮駅,"月給19万7,300円",3日前,医療・介護・福祉・保育biz
認定こども園ふなお幼稚園,保育士,大阪府 堺市 船尾駅 徒歩3分,"時給1,300円",11日前,ほいてん
学校法人朝陽学院 あべの翔学高等学校附属 朝陽幼...,幼稚園教諭／幼稚園,大阪府 大阪市 美章園駅                                                                                                                                                                その他 (2),公開していません,公開していません,保育士ワーカー
湊はなぞの幼稚園,保育教諭・保育士募集・ボーナス・賞与あり,大阪府 堺市 東湊駅 徒歩4分,"月給18万7,200円～26万1,040円",公開していません,ジョブメドレー
幼保連携型認定こども園 菩提幼稚園,"学生アルバイト／保育補助／時給1,000円～／週1日・月2回・2時間～短期OK／大0153-1",大阪府 堺市 初芝駅 徒歩10分,"時給1,000円～",公開していません,かんたん応募
認定こども園 長栄幼稚園,"学生アルバイト／保育補助／時給1,000円／週1日・月2回・2時間～短期OK／大0243-1",大阪府 東大阪市 河内永和駅 徒歩5分,"時給1,000円",公開していません,かんたん応募
認定こども園 みどり幼稚園,保育士スタッフ,大阪府 東大阪市 布施駅 徒歩15分,"時給1,000円～1,200円",公開していません,イーアイデム
認定こども園ひじり幼稚園・ひじり保育園,保育教諭・幼稚園教諭募集・交通費支給,大阪府 大阪市 東三国駅 徒歩4分,"時給1,100円～",公開していません,ジョブメドレー
認定こども園こぎ幼稚園,保育教諭・社会保険完備の職場で保育士,大阪府 貝塚市 貝塚市役所前駅 徒歩10分,"時給1,150円～",公開していません,ジョブメドレー
マルワメディカル事業部 くずはローズ幼稚園,保育園勤務の栄養士,大阪府 枚方市 樟葉駅 徒歩10分,月給20万円～24万円,公開していません,株式会社マルワ
学校法人成田山学園 成田幼稚園,幼稚園教諭／幼稚園,大阪府 寝屋川市 香里園駅 徒歩16分,"月給19万5,000円～",公開していません,保育士ワーカー
熊見学園,保育教諭／認定こども園みなみ幼稚園,大阪府 八尾市,"月給22万円～24万7,500円",公開していません,保育士バンク!
学校法人葵学園,保育士／認定こども園あおい幼稚園,大阪府 堺市 北野田駅,"月給19万9,000円～",公開していません,ベビージョブ
M&W 採用サロン Welfareルネサンス 吹...,パートの幼稚園教諭,大阪府 吹田市,"時給1,100円～",9日前,M&W 採用サロン
鳳幼稚園,"学生アルバイト／保育補助／時給1,000円～／週1日・月2回・2時間～短期OK／大0313-1",大阪府 堺市 鳳駅 徒歩5分,"時給1,000円",公開していません,かんたん応募
学校法人喜連学園 喜連幼稚園,幼稚園教諭／担任,大阪府 大阪市 喜連瓜破駅 徒歩15分,"月給18万5,300円～",公開していません,ほいとも大阪
学校法人邨橋学園,保育教諭／たちばな幼稚園,大阪府 門真市 古川橋駅 徒歩12分,"月給21万606円～21万3,925円",公開していません,保育士バンク!
学校法人蓮光学園,幼稚園教諭／パドマ幼稚園,大阪府 大阪市 日本橋駅,"月給25万2,000円",公開していません,保育士バンク!
学校法人清和学園 彩都敬愛幼稚園,幼稚園教諭／幼稚園,大阪府 茨木市,"月給19万2,400円～",公開していません,保育士ワーカー
マルワメディカル事業部 徳庵愛和幼稚園,保育園勤務の調理補助スタッフ,大阪府 東大阪市 徳庵駅 徒歩1分,"時給1,000円～",公開していません,株式会社マルワ
認定こども園ふじ幼稚園,保育教諭・幼稚園教諭募集・ボーナス・賞与あり,大阪府 門真市 門真市駅 徒歩11分,月給20万640円～37万500円,公開していません,ジョブメドレー
りんでん幼稚園,補助教諭・幼稚園教諭募集・ボーナス・賞与あり,大阪府 茨木市 総持寺駅 徒歩28分,"月給20万9,000円～",3時間前,ジョブメドレー
学校法人御幣島学園,保育教諭／認定こども園御幣島幼稚園,大阪府 大阪市 御幣島駅 徒歩10分,月給22万円,公開していません,保育士バンク!
認定こども園 あおい幼稚園,"学生アルバイト／保育補助／時給1,000円／週1日・月2回・2時間～短期OK",大阪府 堺市 北野田駅,"時給1,000円",公開していません,かんたん応募
合同会社I star Lab,保育士・幼稚園教諭・送迎ドライバー募集,大阪府 大東市,"時給1,000円～1,200円",8日前,合同会社I star Lab
ソシオークホールディングス株式会社,幼稚園の送迎ドライバー／大阪府豊中市にある幼児園,大阪府 豊中市 少路駅 徒歩3分,"月給18万7,000円",4日前,ソシオークホールディングス株式会社
学校法人成城学園 認定こども園 日吉幼稚園,幼稚園教諭／担任,大阪府 高槻市 高槻駅 バス5分,"月給20万2,000円～",公開していません,ほいとも大阪
認定こども園 ふなお幼稚園,学生アルバイト／保育補助／週1日・月2回・2時間～短期OK「大0064-1」,大阪府 堺市 諏訪ノ森駅 徒歩7分,時給992円,公開していません,かんたん応募
太平寺幼稚園,"学生アルバイト／保育補助／時給1,000円／週1日・月2回・2時間～短期OK「大0275-1」",大阪府 堺市 鳳駅,"時給1,000円～",公開していません,かんたん応募
マルワメディカル事業部 石切山手保育園,幼稚園勤務の栄養士,大阪府 東大阪市 石切駅 徒歩9分,月給20万円～24万円,公開していません,株式会社マルワ
幼保連携型認定こども園たちばな幼稚園,保育教諭・保育士募集・ボーナス・賞与あり,大阪府 門真市 古川橋駅 徒歩11分,"時給1,200円～",公開していません,ジョブメドレー
亀之森幼稚園,保育教諭・幼稚園教諭・住宅手当支給,大阪府 豊中市 大阪空港駅 徒歩20分,"月給17万9,300円～32万5,000円",公開していません,ジョブメドレー
株式会社マルワ,幼稚園での調理補助,大阪府 東大阪市,"時給1,030円～",7日前,栄養士調理師求人ナビ
認定こども園 フレンド幼稚園,保育教諭・保育士募集・ボーナス・賞与あり,大阪府 熊取町 熊取駅 徒歩11分,"月給22万2,400円～24万400円",4日前,ジョブメドレー
M&W 採用サロン Welfareルネサンス 東...,パートの幼稚園教諭,大阪府 東大阪市,"時給1,050円～",9日前,M&W 採用サロン
学校法人東口学園,保育士／ふじ幼稚園,大阪府 門真市 門真市駅 徒歩10分,月給20万640円～37万500円,公開していません,保育士バンク!
認定こども園 御幣島幼稚園,保育士,大阪府 大阪市 御幣島駅 徒歩8分,月給22万円～,公開していません,イーアイデム
学校法人追手門学院 幼保連携型認定こども園 追手...,保育教諭／認定こども園,大阪府 豊中市 千里中央駅,"時給1,000円～1,100円",公開していません,保育士ワーカー
社会福祉法人博光福祉会,保育教諭／幼保連携型認定子ども園宮前つばさ幼稚園,大阪府 松原市 河内松原駅 徒歩9分,"月給19万1,250円",公開していません,保育士バンク!
愛児幼稚園,"学生アルバイト／保育補助／時給1,000円～／週1日・月2回・2時間～短期OK／大0324-1",大阪府 大阪市 長居駅 徒歩10分,"時給1,000円",公開していません,かんたん応募
認定こども園 聖光幼稚園,保育教諭スタッフ,大阪府 八尾市 河内山本駅 徒歩15分,"月給20万1,000円",公開していません,イーアイデム
横浜さがみ幼稚園,"学生アルバイト／保育補助／時給1,100円～／週1日・月2回・2時間～短期OK／東0129-1",大阪府,"時給1,100円",公開していません,かんたん応募
平和幼稚園,"学生アルバイト／保育補助／時給1,100円～／週1日・月2回・2時間～短期OK／東0130-1",大阪府,"時給1,100円～1,150円",公開していません,かんたん応募
M&W 採用サロン Welfareルネサンス 枚...,幼稚園教諭,大阪府 枚方市,"時給1,360円～",4日前,M&W 採用サロン
学校法人豊縁学園,幼稚園教諭／平日のみ／2歳児さんの保育補助,大阪府 豊中市,"時給1,000円～1,100円",23日前,保育求人ガイド
認定こども園 喜連幼稚園,保育教諭・幼稚園教諭・住宅手当支給,大阪府 大阪市 喜連瓜破駅 徒歩10分,"月給18万5,300円～19万2,100円",公開していません,ジョブメドレー
認定こども園 光源寺幼稚園,"学生アルバイト／保育補助／時給1,000円／週1日・月2回・2時間～短期OK／大0255-2",大阪府 大阪市 平野駅 徒歩7分,"時給1,000円～",公開していません,かんたん応募
株式会社ジャクエツ,幼稚園や保育園の建築士 建築設計,大阪府 大阪市 塚本駅,"月給22万円～26万7,500円",公開していません,マイナビ転職
幼保連携型認定こども園 鴻池学園第二幼稚園,保育士募集・ボーナス・賞与あり,大阪府 枚方市 宮之阪駅 徒歩10分,"月給22万9,000円～35万円",17日前,ジョブメドレー
学校法人みどり学園,資格必須／認定こども園 みどり幼稚園,大阪府 東大阪市 俊徳道駅 徒歩12分,"時給1,050円",23時間前,保育求人ガイド
学校法人神童学園,保育教諭／神童幼稚園,大阪府 豊中市 豊中駅 徒歩9分,"月給21万7,358円～23万2,494円",公開していません,保育士バンク!
社会福祉法人夢ランド二田,"保育士,幼稚園教諭／担任／社会福祉法人夢らんど二田 アルン西鳥取夢学舎",大阪府 阪南市 鳥取ノ荘駅 徒歩10分,"月給18万2,000円～",公開していません,ほいとも大阪
幼保連携型認定こども園 豊中愛光幼稚園,"学生アルバイト／保育補助／時給1,000円～／週1日・月2回・2時間～短期OK／大0262-2",大阪府 豊中市 豊中駅 徒歩3分,"時給1,000円～",公開していません,かんたん応募
認定こども園高槻双葉幼稚園,保育教諭／認定こども園,大阪府 高槻市 高槻市駅,"時給1,150円～1,250円",公開していません,日本保育士求人サイト
学校法人樋口学園 幼保連携型認定こども園 成和子...,"保育士,幼稚園教諭／補助  フリー",大阪府 堺市 深井駅 徒歩15分,"時給1,200円",15日前,ほいとも大阪
認定こども園みなみ幼稚園,保育教諭・保育士募集・ボーナス・賞与あり,大阪府 大阪市 出戸駅 徒歩15分,月給20万円～,公開していません,ジョブメドレー
社会福祉法人秀英会 秀英幼稚園,認定こども園の先生,大阪府 大東市 野崎駅 徒歩5分,"月給28万7,500円～",9日前,イーアイデム
学校法人成城学園,保育教諭／認定こども園 日吉幼稚園,大阪府 高槻市 高槻駅,"時給1,100円～",公開していません,保育のお仕事
株式会社みつばコミュニティー,幼稚園の送迎ドライバー,大阪府 豊中市 少路駅 徒歩3分,"月給18万7,000円",2日前,ソシオークホールディングス
認定こども園 新光明池幼稚園,学生アルバイト／保育補助／週1日・月2回・2時間～短期OK「大0235-1」,大阪府 堺市 光明池駅 徒歩8分,時給992円～,公開していません,かんたん応募
豊中みどり幼稚園,学生アルバイト／保育補助／週1日・月2回・2時間～短期OK,大阪府 豊中市 豊中駅 バス10分,時給995円,公開していません,かんたん応募
認定こども園 湊つばさ幼稚園,幼稚園教諭・住宅手当支給,大阪府 堺市 御陵前駅 徒歩3分,"月給21万7,250円～22万6,250円",公開していません,ジョブメドレー
学校法人さつき学園,令和5年度の!／認定こども園 さつき幼稚園,大阪府 大阪市 今川駅 徒歩3分,"月給21万5,000円",公開していません,保育求人ガイド
社会福祉法人以和貴会,保育士／幼稚園・こども園／むぎの穂保育園,大阪府 東大阪市 高井田中央駅,月給20万円～,公開していません,GUPPY
認定こども園 宮前つばさ幼稚園,保育士募集・ボーナス・賞与あり,大阪府 松原市 河内松原駅 徒歩9分,"月給21万7,250円～22万6,250円",公開していません,ジョブメドレー
新ひのお台幼稚園,幼稚園の幼稚園教諭,大阪府 堺市 光明池駅 徒歩15分,"月給20万1,500円～20万6,500円",公開していません,ジョブメドレー
学校法人金塚学園,保育教諭／認定こども園 金塚幼稚園,大阪府 大阪市 天王寺駅 徒歩5分,"月給19万4,000円～21万4,000円",公開していません,保育士バンク!
認定こども園 枚岡カトリック幼稚園,"学生アルバイト／保育補助／時給1,000円／週1日・月2回・2時間～短期OK",大阪府 東大阪市 瓢箪山駅 徒歩15分,"時給1,000円",公開していません,かんたん応募
株式会社ミライエ大阪ほいく部,幼保連携型認定こもど園での保育士さん／幼稚園教諭の募集,大阪府 東大阪市 長瀬駅 徒歩8分,"月給20万1,000円～",2日前,イーアイデム
歩学園幼稚園／鴻池学園 第二幼稚園／鴻池学園 第...,保育士、幼稚園教諭,大阪府 枚方市 宮之阪駅,月給24万円～,22日前,学校法人鴻池学園 42207911000
大阪府大阪市旭区／幼稚園／cme-h,幼稚園教諭／幼稚園／01ho,大阪府 大阪市 森小路駅 徒歩1分,"月給17万9,000円～21万円",20日前,ふれつり転職相談
旭学園第二幼稚園,幼稚園教諭／幼稚園,大阪府 寝屋川市 萱島駅,"時給1,200円～",公開していません,スリーサイズダイレクト
学校法人四葉学園,四葉幼稚園,大阪府 東大阪市 瓢箪山駅,"時給1,200円",7日前,保育求人ガイド
認定こども園 桃の里幼稚園,"学生アルバイト／保育補助／時給1,100円／週1日・月2回・2時間～短期OK",大阪府 東大阪市 徳庵駅 徒歩10分,"時給1,100円",公開していません,かんたん応募
株式会社ワンスターグループ,幼稚園教諭／児童発達支援施設,大阪府 大阪市 千林大宮駅 徒歩10分,月給24万円～35万円,公開していません,バイトルPRO
認定こども園 ひまわり幼稚園,"学生アルバイト／保育補助／時給1,000円／週1日・月2回・2時間～短期OK「大0060-1」",大阪府 大阪市 あびこ駅 徒歩5分,"時給1,000円",公開していません,かんたん応募
認定こども園 なかよしの森幼稚園,幼稚園教諭／認定こども園,大阪府 堺市 新金岡駅,"月給19万円～23万8,000円",公開していません,スリーサイズダイレクト
大阪府堺市西区／認定こども園／cme-h,"幼稚園教諭,保育士／認定こども園／01ho",大阪府 堺市 船尾駅 徒歩3分,月給19万円～22万円,20日前,ふれつり転職相談
大阪府大阪市西淀川区／幼稚園／cme-h,幼稚園教諭／幼稚園／01ho,大阪府 大阪市 千船駅 徒歩2分,月給20万円～24万円,20日前,ふれつり転職相談
認定こども園うみのほし幼稚園,保育教諭・幼稚園教諭募集、年齢不問,大阪府 枚方市 枚方市駅 徒歩7分,"時給1,200円～1,500円",公開していません,ジョブメドレー
認定こども園 なかよしの森保育園,幼稚園教諭／認定こども園,大阪府 堺市 三国ケ丘駅,"月給19万円～23万8,000円",公開していません,スリーサイズダイレクト
聖美幼稚園,幼稚園の幼稚園教諭,大阪府 大阪市 今里駅 徒歩3分,"月給19万円～26万6,000円",14日前,ジョブメドレー
こども園アサンプション国際幼稚園,保育士／保育園／認可,大阪府 箕面市 箕面駅,"時給1,080円～1,500円",公開していません,日本保育士求人サイト
社会福祉法人菊水保育園,保育士資格もしくは幼稚園教諭のみOK／菊水保育園,大阪府 富田林市,"時給1,150円",公開していません,保育求人ガイド
株式会社エスエムディ,幼稚園教諭／学童 週休2日制／残業なし 未経験OK 11月に新オープン オープニング,大阪府 八尾市 久宝寺口駅 徒歩3分,"月給23万5,000円～26万円",公開していません,株式会社エスエムディ
学校法人千里山学院,保育教諭／認定こども園千里山グレース幼稚園,大阪府 吹田市 千里山駅 徒歩5分,"月給21万5,000円～",27日前,保育士バンク!
認定こども園日吉幼稚園,保育教諭・社会保険完備の職場で保育士,大阪府 高槻市 高槻駅 車11分,"月給17万5,000円",公開していません,ジョブメドレー
不二家商事 大阪成蹊短期大学附属 こみち幼稚園,給食施設の調理補助スタッフ,大阪府 吹田市 正雀駅 徒歩17分,"時給1,000円～",公開していません,株式会社不二家商事
株式会社ジャパン・リリーフ関西,幼稚園バスの送迎,大阪府 大阪市 福島駅 徒歩5分,"時給1,050円",公開していません,ドライバーbiz
社会福祉法人博乃会,幼稚園教諭／日吉台幼稚園,大阪府 高槻市 高槻駅 徒歩30分,月給20万円～,公開していません,保育の教科書 求人版
JAGフィールド株式会社,建築施工図／Jw／RC造・幼稚園新築,大阪府 大阪市 天満橋駅 徒歩10分,"月給31万5,000円～42万円",26日前,BIM求人.com
大阪府寝屋川市／幼稚園／cme-h,幼稚園教諭／幼稚園／01ho,大阪府 寝屋川市 香里園駅,月給18万円～20万円,20日前,ふれつり転職相談
大阪府堺市堺区／幼稚園／cme-h,幼稚園教諭／幼稚園／01ho,大阪府 堺市 堺東駅 徒歩7分,月給18万円～21万円,20日前,ふれつり転職相談
社会福祉法人種の会,保育士／幼稚園・こども園／幼保連携型認定こども園 エールこども園,大阪府 寝屋川市 寝屋川市駅 徒歩22分,"時給1,000円～1,200円",公開していません,GUPPY
学校法人牧落八幡学園,"保育士,幼稚園教諭／担任／幼保連携型認定こども園 牧落幼稚園",大阪府 箕面市 牧落駅 徒歩4分,月給18万円～,20日前,ほいとも大阪
ミオ・スタッフィング,幼稚園教諭／羽曳野市、学校法人運営／クラスのサポート・補助 時間応相談,大阪府 羽曳野市 古市駅,"時給1,300円",15日前,ミオ・スタッフィング
大阪府豊中市／幼稚園／cme-h,幼稚園教諭／幼稚園／01ho,大阪府 豊中市,月給19万円～23万円,20日前,ふれつり転職相談
認定こども園 光明台幼稚園,幼稚園教諭／クラス担任,大阪府 堺市 光明池駅,"月給20万8,000円",6日前,学校法人ルンビニ学園 光明台幼稚園
社会福祉法人光寳,幼稚園教諭／淡路幼稚園,大阪府 大阪市 淡路駅 徒歩4分,"月給18万3,750円～24万1,500円",23日前,保育の教科書 求人版
学校法人大阪慈光学園 中野幼稚園,幼稚園教諭・少人数制クラス,大阪府 大阪市 針中野駅 徒歩4分,月給18万円～,公開していません,学校法人大阪慈光学園 中野幼稚園
大阪府大阪市福島区／幼稚園／cme-h,幼稚園教諭／幼稚園／01ho,大阪府 大阪市 福島区,月給22万円～24万円,20日前,ふれつり転職相談
