MIKATA株式会社,企画 EC特化のメディアプラットフォームのパイオニア／様々なプロジェクトに挑戦可能,"東京都 渋谷区 恵比寿駅 徒歩7分                                                                                                                                                                    




恵比寿駅（東京都）の求人
をすべて見る",月給21万円～,17時間前,エン転職
株式会社ビービーエフ,WEBディレクター ECサイトの運用・構築・製作まで幅広くお任せ!／東京,東京都 千代田区,年収300万円～500万円,9時間前,READY TO FASHION
株式会社ジュート,戦略面から運営に携われる! EC運営スタッフ 経験者募集,"東京都 世田谷区 成城学園前駅 徒歩6分                                                                                                                                                                    




成城学園前駅の求人
をすべて見る",月給28万円～,4日前,マイナビ転職
株式会社アンティローザ,アパレルブランドEC運用,東京都 品川区,月給25万円～40万円,3日前,READY TO FASHION
GMOメイクショップ株式会社,プロジェクトマネージャー／クラウドECプラン 10年連続No.1「MakeShop」／残業13h,"東京都 渋谷区 渋谷駅 徒歩5分                                                                                                                                                                    




渋谷駅の求人
をすべて見る


GMOメイクショップ株式会社の求人
をすべて見る",年収600万円～800万円,6日前,エン エージェント
コマースメディア株式会社,ECサイト運営 受注管理・事務スタッフ,東京都 豊島区 大塚駅 徒歩2分,"時給1,100円～",公開していません,楽天仕事紹介
FDR,EC運用／弊社の全ブランド,東京都,年収400万円～700万円,29日前,フォーピープル
株式会社ユニメッド,WEBデザイン／ECサイト運営 残業なし,東京都 葛飾区 新小岩駅 徒歩8分,月給23万円～35万円,13日前,リクナビNEXT
HACCI’s JAPAN合同会社,中国越境EC担当,東京都 港区 表参道駅,公開していません,4日前,クリーデンス
株式会社ワンプルーフ,ECディレクター・ECコンサルタント,東京都 新宿区 都庁前駅 徒歩5分,月給30万円～50万円,5日前,楽天仕事紹介
株式会社ラクティブ,インポートブランド ECマーケター募集,東京都 世田谷区 三軒茶屋駅 徒歩2分,月給25万円～43万円,25日前,楽天仕事紹介
トランスコスモス株式会社,ECモールコンサルタント,東京都 渋谷区,年収400万円～700万円,10時間前,ワークポート
株式会社コンフィス,ECサイトの基礎が学べるお仕事!ネットショップ運営,東京都 品川区,"時給1,300円～1,500円",12時間前,楽天仕事紹介
株式会社ワークポート,PIA株式会社／EC運用／403979327,東京都 品川区 大崎駅 徒歩5分,年収300万円～350万円,7日前,Find Job!
ラリックジャパン株式会社,ブランドECモール出店ディレクション・運営／WEBマーケ,東京都 中央区,月給25万円～,20日前,リクナビNEXT
株式会社エルシーエス,ECサイト・ネットショップ運営スタッフ,東京都 新宿区 新大久保駅 徒歩1分,月給24万円～50万円,8日前,楽天仕事紹介
株式会社ロワード,EC運用,東京都 千代田区,年収300万円～400万円,6日前,フォーピープル
株式会社RoseauPensant,EC運用／EC支援コンサルタント,東京都,年収400万円～600万円,公開していません,フォーピープル
株式会社アイロックス,フィットネス・ヨガ・ライフスタイルECの店長候補,東京都 渋谷区 原宿駅 徒歩6分,年収340万円～600万円,26日前,楽天仕事紹介
株式会社イートアンドホールディングス,ECサイト運営／WEBデザイナー／企画制作 在宅勤務OK,東京都 品川区 品川シーサイド駅,"月給25万2,000円～",26日前,リクナビNEXT
株式会社Candee,EC運用,"東京都                                                                                                                                                                    




株式会社Candeeの求人
をすべて見る",年収330万円～500万円,29日前,フォーピープル
パーソルテンプスタッフ株式会社,"長期!時給2,100円 ECモール・Webデザインのお仕事","東京都 中央区 人形町駅 徒歩3分                                                                                                                                                                    




パーソルテンプスタッフ株式会社の求人
をすべて見る","時給2,100円",15日前,ジョブチェキ！
株式会社ファーストリテイリング,EC企画・推進:プロジェクトマネージャー,東京都,"年収600万円～1,500万円",13日前,Spring転職エージェント
株式会社キャリアデザインセンター,ECサイト運営アシスタント,東京都 台東区 稲荷町駅 徒歩8分,"時給1,750円～1,800円",10日前,株式会社キャリアデザインセンター
株式会社アン・リュール,レディースアパレルECサイトの運営・制作,東京都 墨田区 両国駅 徒歩5分,月給24万円～40万円,7日前,マイナビ転職
株式会社Fittio,EC運用／EC総合支援企業,東京都 港区,"時給1,650円～1,700円",9時間前,Fittio
株式会社東京毛織,年間休日120日以上 自社サイトに携わる!EC運営／転勤なし,東京都 渋谷区 幡ケ谷駅 徒歩1分,月給26万円～,25日前,リクナビNEXT
株式会社ニュートラルコーポレーション,イベントや展覧会と連動した EC運営スタッフ,東京都 目黒区 中目黒駅 徒歩7分,月給22万円～,4日前,マイナビ転職
株式会社ハックルベリー,広告運用プランナー／EC向けSaaS開発・運営やECサイト構築企業,東京都 渋谷区,"年収300万円～1,200万円",17日前,doda
株式会社ウスイ SPORTSBOMBER,スノーボード・アウトドア用品を扱うECサイトの運営・商品管理,東京都 千代田区 小川町駅 徒歩2分,月給23万円～40万円,25日前,リクナビNEXT
株式会社ファインズ東京,EC業務 短期派遣,東京都 中央区 銀座一丁目駅 徒歩2分,"時給1,400円～1,500円",11日前,株式会社ファインズ東京
コンタツ株式会社,正社員募集・酒類食品のECショップ運営,東京都 千代田区 東京駅 徒歩3分,年収300万円～500万円,5日前,楽天仕事紹介
株式会社トランス,カスタマーサポート、ECに関連する事務作業を行うスタッフを募集します。シフト勤務／未経験歓迎,東京都 渋谷区 渋谷駅 徒歩1分,"時給1,200円～",公開していません,楽天仕事紹介
株式会社ビースタイル,一部在宅【週4×6h～／残業ナシ】ECサイトのマーケティング／オンライン薬局運営,東京都 港区 六本木駅 徒歩3分,"時給2,200円",7日前,スマートキャリア
株式会社BURNE DESTROSE Japan...,EC運用／BURNE DESTROSE Japan Limited,東京都,年収500万円～700万円,公開していません,フォーピープル
イトキン株式会社,弊社ブランド「a.v.v」のEC運営担当,東京都 渋谷区,年収240万円～500万円,13日前,READY TO FASHION
株式会社WONDER STYLE,大手芸能事務所スターダストプロモーションの公式ECサイト運営,東京都 渋谷区 恵比寿駅 徒歩6分,月給23万円～30万円,3時間前,リクナビNEXT
株式会社Kiva,保証の民主化を目指す!EC向け延長保証サービスprotegerの1人目人事,東京都 世田谷区,年収400万円～750万円,26日前,SYNCA
株式会社ストライプインターナショナル,商品企画・ECサイト運営,東京都 中央区 東銀座駅,公開していません,5日前,クリーデンス
株式会社キューブ,EC運用／MARK&LONA、HORN GARMNT、gravis golf,東京都,年収350万円～,22日前,フォーピープル
ファナティクス・ジャパン合同会社,ECマネージャー 世界トップクラスのスポーツファン向けビジネスモデル日本法人,東京都 港区,年収600万円～800万円,5日前,マイナビ転職エージェントサーチ
株式会社いつも,常識を打ち破る、EC運用ディレクター,東京都 千代田区,公開していません,1日前,READY TO FASHION
エクスプライス株式会社,ECバイヤー／年休123日以上,東京都 江東区 東陽町駅 徒歩7分,月給23万円～,公開していません,楽天仕事紹介
ペットゴー株式会社,ペットのD2C&サブスクECサイトのWEBフロントエンジニア,東京都 中野区 中野坂上駅 徒歩1分,"月給22万6,900円～50万円",4日前,マイナビ転職
トランス･コスモス株式会社,EC構築プロデューサー／プロジェクトマネジャー,東京都 渋谷区 渋谷駅 徒歩8分,"年収600万円～1,000万円",4日前,CREATIVE JOB
エイビースタッフ株式会社,ECビジネス,東京都 千代田区,"月給28万5,000円～",5時間前,エイビースタッフ株式会社
株式会社ロア・インターナショナル,ECショップの販売戦略・企画・運営全般,東京都 新宿区 東新宿駅 徒歩1分,月給23万円～35万円,公開していません,楽天仕事紹介
オイシックス・ラ・大地株式会社,サーバーサイドエンジニア／EC開発担当 自然派食品宅配業界でトップシェア／第2創業期,東京都 品川区 大崎駅 徒歩5分,"年収700万円～1,000万円",6日前,エン エージェント
株式会社Leep,CBDブランドのEC業務・マーケティング業務全般,東京都 港区 表参道駅 徒歩5分,月給20万円～40万円,公開していません,楽天仕事紹介
株式会社センシアコスメティック,ECサイト運営／スターティングメンバー募集／経験者限定採用,東京都 台東区 御徒町駅 徒歩5分,月給25万円～35万円,4日前,リクナビNEXT
株式会社イーエムアイ,ギフト商材のECサイト企画運営・ブライダル事務,東京都 杉並区 高円寺駅 徒歩3分,月給22万円～28万円,4日前,リクナビNEXT
株式会社ストラスブルゴ,アパレルECサイトの運営・責任者,東京都 港区 表参道駅 徒歩3分,月給35万円～45万円,26日前,リクナビNEXT
株式会社レッドビジョン,ポテンシャル採用・マーケティングデザインが学べる コスメECショップ運営企業でWebデザイナー,東京都 新宿区 高田馬場駅 徒歩1分,年収350万円～450万円,19日前,マイナビ転職エージェントサーチ
株式会社ローラデックス,EC運用／NOMBRE IMPAIR、FIL DE FER、rapiécage、2 NI DEUX,東京都 渋谷区,年収220万円～,21日前,フォーピープル
forest株式会社,ECモール責任者候補,東京都 渋谷区 渋谷駅 徒歩6分,"年収700万円～1,000万円",公開していません,U29JOB
株式会社アイスタイルキャリア,通販・ECサイト運営,東京都 中央区                                                                                                                                                                その他 (3),月給50万円～,公開していません,アットコスメキャリア
株式会社ボディーシェイク,企画バイヤー 兼 EC運用,東京都 渋谷区 恵比寿駅,公開していません,5日前,クリーデンス
株式会社ハスキー,シューズメーカーのECサイト運営残業5h以下／年休128日以上,東京都 台東区 浅草駅 徒歩7分,月給22万円～,10日前,マイナビ転職
株式会社メルローズ,EC運用／コンバースTOKYO,東京都,年収300万円～500万円,公開していません,フォーピープル
株式会社ワールド,EC運用／The shop TK,東京都 港区,年収500万円～560万円,公開していません,フォーピープル
シュッピン株式会社,カメラ専⾨店「Map camera」のECカスタマースタッフ,東京都 新宿区 新宿駅 徒歩5分,"月給28万1,000円～",19日前,楽天仕事紹介
gf.E株式会社,「ECサイトの専門家」になりたい方を募集します,東京都 港区 表参道駅 徒歩7分,月給25万円～50万円,11日前,Find Job!
パナソニックホールディングス株式会社,海外EC・デジタルマーケティングの推進,東京都 港区 品川駅 バス5分,年収550万円～950万円,公開していません,U29JOB
株式会社東亜産業,電子タバコ事業のECサイト運営・WEBマーケティング,東京都 千代田区 秋葉原駅 徒歩4分,月給25万円～35万円,5日前,リクナビNEXT
ヘインズブランズ ジャパン株式会社,ECセールスフォースマネージャー,東京都 新宿区 信濃町駅,"年収1,000万円～1,130万円",19日前,doda
アデコ株式会社,ECサイト運営,東京都 江戸川区 篠崎駅 徒歩21分,"時給1,600円～",13日前,Adecco 派遣
デジタル・アドバタイジング・コンソーシアム株式会社,ECマーケティングコンサルタント,東京都 渋谷区,"月給32万8,000円～",12日前,デジタル・アドバタイジング・コンソーシアム株式会社
株式会社フォーピープル,EC運用／ECコンサルタント,東京都,公開していません,公開していません,フォーピープル
株式会社ダイコー電機,未経験歓迎!完全週休2日制!ECサイト運営サポート・営業事務,東京都 世田谷区 用賀駅 徒歩5分,"月給22万5,000円～",7日前,リクナビNEXT
総合クリエイティブカンパニー,自社EC事業においてレディース担当者,東京都 千代田区,年収350万円～,14日前,READY TO FASHION
株式会社Roseau Pensant,D2Cブランド EC担当／販売戦略立案〜クリエイティブ制作までお任せします,東京都 港区,年収300万円～600万円,9時間前,READY TO FASHION
株式会社AMS,アカウントマネジャー ～ファッションブランドのECサイト／土日祝休～,東京都 品川区 目黒駅,年収500万円～700万円,12日前,doda
トランス・コスモス株式会社~プライム市場上場企業～,ECサイト導入プロジェクトマネジャー クライアントのEC事業成長を支援,東京都 渋谷区 渋谷駅 徒歩2分,"年収800万円～1,200万円",1日前,doda
株式会社BUZZWIT,新規EC事業立ち上げメンバー,東京都 港区,年収600万円～800万円,5日前,doda
株式会社ヨックモック,ヨックモックEC運用スタッフ／誰もが知る老舗製菓企業,東京都 千代田区,年収414万円～520万円,公開していません,Fittio
株式会社ファーイーストカンパニー,EC運用／allurevile,東京都,年収～450万円,公開していません,フォーピープル
株式会社スミフルジャパン,ECサイト運営 在宅勤務OK 「甘熟王」や「甘熟王ゴールドプレミアム」などを販売する有名企業,東京都 新宿区 西新宿五丁目駅 徒歩5分,"月給22万5,000円～",26日前,エン転職
有限会社LOWTEX,スニーカーショップKICKSLAB.のECサイトデザイン,東京都 渋谷区,月給26万円～,23日前,READY TO FASHION
株式会社バルクオム,ECマネージャー,東京都,"年収700万円～1,200万円",2時間前,Daijob.com
株式会社シュクレイ,人気ギフト菓子メーカーのEC事業を牽引して頂ける方を募集しております,東京都 港区 青山一丁目駅,月給25万円～41万円,公開していません,楽天仕事紹介
IAAZAJホールディングス株式会社,EC運用／Shirley Temple,東京都,年収280万円～400万円,24日前,フォーピープル
株式会社マイナビ,自社ECサイトのプロデューサー,東京都 千代田区,年収500万円～800万円,公開していません,マイナビAGENT
アイビーシステム株式会社,ECサイト制作・運営のWebディレクター 東京募集,東京都 豊島区 池袋駅 徒歩6分,月給23万円～28万円,公開していません,マイナビ転職
株式会社デザツク,EC運営スタッフ 月給26万円～ 原宿駅徒歩30秒 一部上場や有名企業多数,東京都 渋谷区 原宿駅 徒歩1分,月給26万円～,28日前,女の転職type
株式会社サイソ,「ECサイト管理」「未経験歓迎」スマホケースの発注・注文管理・CS対応等,東京都 新宿区 曙橋駅 徒歩2分,月給20万円～30万円,公開していません,楽天仕事紹介
株式会社エルゴジャパン,ECサイト責任者候補 運営・企画立案／裁量権を活かせる仕事,東京都 品川区 大崎駅 徒歩2分,月給30万円～39万円,3時間前,リクナビNEXT
株式会社アプレドゥマン,EC運用／masaco teranishi／troisiemechaco／NorAh,東京都,年収250万円～320万円,29日前,フォーピープル
株式会社R's,新規ECショップオープンにつきディレクター候補を高待遇で大募集,東京都 豊島区 池袋駅 徒歩4分,月給25万円～40万円,公開していません,楽天仕事紹介
株式会社バロックジャパンリミテッド,EC運用／MOUSSY,東京都,年収350万円～420万円,公開していません,フォーピープル
株式会社エスキュービズム,AWSを活用したクラウドネイティブ開発をお任せ!大規模ECをマイクロサービスで実現,東京都 港区,年収550万円～800万円,1日前,A・ヒューマン
株式会社キャセリーニ,EC運用／Casselini／CONTROL FREAK／LE VERNIS,東京都 渋谷区,年収350万円～500万円,公開していません,フォーピープル
株式会社ビッグヒット,ブランド品のECサイト運営未経験歓迎 残業少なめ 土日祝休,東京都 江戸川区 葛西駅 徒歩15分,年収354万円～,公開していません,マイナビ転職
株式会社千疋屋総本店,ECサイト運営チーフ,東京都 江東区 新木場駅 徒歩3分,"月給22万5,000円～26万5,000円",25日前,リクナビNEXT
株式会社ハイウェル,フリーランス／PHP／経験者歓迎!某化粧品会社向けECサイト開発案件,東京都 渋谷区,月給60万円～80万円,22日前,株式会社ハイウェル
VT CUBE JAPAN株式会社,韓国コスメの自社ECサイト運営・企画,東京都 新宿区 曙橋駅 徒歩6分,月給25万円～40万円,26日前,リクナビNEXT
ダイアモンドヘッド株式会社,ファッション アパレルのECサイト プロダクトマネージャー募集,東京都,公開していません,公開していません,ダイアモンドヘッド株式会社
株式会社ファッションヴィレッヂ,自社レディースアパレルブランド／ECサイト運営 残業月20H,東京都 中央区 馬喰町駅 徒歩2分,月給25万円～,20日前,リクナビNEXT
株式会社テレビ朝日,ECデータ戦略・運用,東京都 港区 六本木駅,"月給21万8,100円～",18日前,マイナビ転職
株式会社ヨウジヤマモト,カスタマーサポート 「ヨウジヤマモト」EC拡大につき増員,東京都 品川区,年収280万円～400万円,13日前,READY TO FASHION
株式会社ジェネレーションパス,11期連続増収中!自社ECサイト社内システム開発・SE,東京都 新宿区 西新宿駅 徒歩4分,月給25万円～50万円,5日前,リクナビNEXT
株式会社さくらネット,ECモール、ECサイトの運営をお任せするスタッフを募集しています,東京都 品川区 大森海岸駅,月給30万円～50万円,公開していません,楽天仕事紹介
スターフィールド株式会社,幹部候補／越境ECサイトの開発・改良／エンジニアチームのマネジメントも担当,東京都 新宿区 高田馬場駅,年収480万円～840万円,7日前,レバテックキャリア
株式会社コジマ,自社ECサイト強化に向けたWEB販促企画,東京都 豊島区,"年収800万円～1,000万円",公開していません,リクルートエージェント
株式会社Proteinum,ECサイト制作責任者 ～楽天出身者創業／自社ECサイト制作に携われます～,東京都 渋谷区,年収400万円～800万円,19日前,doda
株式会社コマースニジュウイチ,"アカウントセールス／大手ECサイト構築／MD,バイヤー経験からITへ／在宅勤務",東京都 港区 虎ノ門駅,年収400万円～600万円,5日前,doda
PIA株式会社,EC運用,東京都 品川区 大崎広小路駅 徒歩6分,年収300万円～350万円,9日前,U29JOB
ゼビオコミュニケーションネットワークス株式会社,EC運営責任者候補～急成長中の自社EC事業～,東京都 千代田区 小川町駅,年収400万円～800万円,18日前,doda
株式会社エスティーム,EC運営担当者／ファッションD2CブランドのEC企画・運用をお任せします,東京都 中央区,月給30万円～,13日前,READY TO FASHION
BIANCA,美容クリニック ECショップ運営担当,東京都 中央区 銀座一丁目駅 徒歩1分,月給27万円～,10日前,かんたん応募
株式会社イングリウッド,EC運営／Tech Solution,東京都 渋谷区 渋谷駅 徒歩6分,年収400万円～600万円,公開していません,女の転職type
合資会社スカイホ-ス,ECサイト運営全般 未経験でも歓迎 経験を積みたい方も,東京都 台東区 三ノ輪駅 徒歩5分,月給20万円～30万円,公開していません,楽天仕事紹介
株式会社IDEA,EC事業,東京都 港区,年収500万円～800万円,12時間前,ワークポート
株式会社Kirala,ECサイト管理・運営担当 経験者募集!リモート&年休120日,東京都 中央区 馬喰横山駅 徒歩1分,"月給31万8,750円～42万5,000円",公開していません,マイナビ転職
ウサギオンライン本社,EC運営アシスタント 社割あり,東京都 港区 赤坂見附駅 徒歩8分,"時給1,100円～",4時間前,fromAnavi
株式会社トゥエンティーフォーセブン,ECサイトディレクター担当,東京都 港区 御成門駅 徒歩3分,年収400万円～680万円,8日前,CREATIVE JOB
パーソルエクセルHRパートナーズ株式会社 テクニ...,情報サービス会社でのECサイト構築のお仕事,東京都 渋谷区 渋谷駅 徒歩5分,"時給2,700円～2,900円",16日前,イーアイデム
SOUYI JAPAN.CO.LTD,「ネットショップ」「ECモール」「経験者優遇」「意欲がある方〇」,東京都 品川区 五反田駅 徒歩5分,月給25万円～50万円,公開していません,楽天仕事紹介
ノイン株式会社,自社ECサイトの広告提案営業,東京都 渋谷区,年収500万円～800万円,7日前,パソナキャリア
株式会社スタッフサービス,ECサイトの開発・運用エンジニア,東京都 品川区 大崎広小路駅 徒歩5分                                                                                                                                                                その他 (4),"時給2,800円～",公開していません,エンジニアガイド
株式会社アスリートビジョン,スポーツブランドのSNS広告・ECサイト運営,東京都 目黒区,年収300万円～600万円,4日前,リクナビNEXT
ウェブスタッフ株式会社,時短OK EC特化 産地直送!お取り寄せサイトのデザイナー,東京都 渋谷区 渋谷駅 徒歩3分,"時給1,900円～2,100円",20日前,エン派遣
株式会社ティ・ツウ・オー,バックメーカーでのECサイト運営成長中のEC事業部 運営スタッフ急募,東京都 台東区 蔵前駅 徒歩1分,"時給1,100円～1,600円",公開していません,楽天仕事紹介
株式会社ソロモン商事,年間休日126日 グッズのECサイト運営 残業ほぼなし,東京都 千代田区 飯田橋駅 徒歩6分,月給37万円～,3日前,マイナビ転職
株式会社オルセル,ECサイトの企画営業・インサイドセールス,東京都 千代田区 飯田橋駅 徒歩4分,月給30万円～,6日前,リクナビNEXT
ブランデックス株式会社,Webディレクター リーダー候補／少数精鋭／EC業界／事業好調／ECサイト案件多数,東京都 中央区 東銀座駅,年収450万円～700万円,6日前,レバテックキャリア
株式会社FID,カスタマーサクセス／EC分野のノウハウが身につく／早期の昇格・昇給を実現,東京都 新宿区 新宿駅 徒歩8分,月給28万円～50万円,16時間前,エン転職
プレシードジャパン株式会社,ワイヤレスイヤホンブランドのECモール運用管理スタッフ,東京都 渋谷区 原宿駅,年収300万円～400万円,公開していません,かんたん応募
ストラスブルゴ,EC／サイト運営／STRASBURGO／東京オフィス,東京都 港区 表参道駅 徒歩3分,年収330万円～600万円,5日前,TWC
マーケティングアソシエーション株式会社,ECサイト運営の課題を解決! 営業職 未経験・第二新卒歓迎,東京都 文京区 湯島駅 徒歩1分,"月給22万967円～25万9,793円",12日前,マイナビ転職
ブルガリ・ジャパン株式会社,ブルガリの本部スタッフ 人事・総務・EC,東京都 中央区 銀座駅 徒歩5分,"月給18万5,000円～30万円",12日前,リクナビNEXT
株式会社gaaboo,プロジェクトマネージャー～大手EC事業の企画から一連の工程に携われる!／社員同士の交流も ～,東京都 渋谷区 渋谷駅 徒歩7分,年収400万円～750万円,5日前,doda
株式会社ハルメク,通販事業のECサイト運営,東京都 千代田区 神保町駅 徒歩1分,年収300万円～450万円,10日前,マイナビスタッフ 転職支援
株式会社ジグザグ,オペレーション統轄マネージャー~1000を超える日本のECをサポート,東京都 渋谷区,年収500万円～800万円,1日前,doda
株式会社クリーク・アンド・リバー社,大手広告代理店にて大規模なECサービスディレクションをお任せいたします,東京都 文京区,月給30万円～50万円,7日前,CREATIVE JOB
株式会社志風音,多彩なブランドに関わる 自社ECサイトのデザイン・制作・運営,東京都 中央区 馬喰町駅 徒歩2分,"月給25万2,000円～35万9,520円",26日前,リクナビNEXT
株式会社イーエフオー,EC運用／シューローズ,東京都,公開していません,公開していません,フォーピープル
株式会社ヘルスベイシス,「経験者歓迎／フリーランス」システムエンジニア 某大手スポーツECサイト開発業務,東京都 千代田区 神田駅,月給50万円～80万円,18時間前,かんたん応募
株式会社プラッツ,ECショップ運営スタッフ,東京都 世田谷区 池尻大橋駅 徒歩8分,"時給1,100円～",14時間前,Q-JiN
株式会社フルスピード,DXプロデューサー・ECサイトWebディレクター,東京都 渋谷区 渋谷駅 徒歩5分,年収450万円～850万円,公開していません,U29JOB
楽天スーパーロジスティクス株式会社,EC物流サービスの導入支援および運営管理 ワンデリバリー構想を掲げ事業を拡大中の成長企業,東京都 世田谷区 二子玉川駅 徒歩4分,月給25万円～,15日前,エン転職
Modis株式会社 Tech,ECサイト運用アシスタント,東京都 品川区 大崎広小路駅 徒歩5分,"時給1,920円",2日前,エン派遣
株式会社インター・ベル,同社のさらなる事業拡大に向けECサイト運営をお任せ致します,東京都 港区,年収500万円～700万円,7日前,株式会社インター・ベル
i‐PRO株式会社,EC ビジネス推進,東京都 千代田区 東京駅,年収450万円～950万円,1日前,doda
田中商事株式会社,電設資材の総合卸商社でECサイト運営アシスタント,東京都 品川区 大森海岸駅 徒歩5分,年収400万円～500万円,7日前,マイナビ転職エージェントサーチ
KOH'S LICK CURRO／有限会社ウェイ...,EC担当,東京都 渋谷区,月給24万円～,9時間前,READY TO FASHION
株式会社Brandit,人気D2CブランドのEC運営担当,東京都 渋谷区,年収360万円～500万円,9日前,READY TO FASHION
株式会社金宝堂,年収600万円可 ECサイト制作・運営・Webデザイン,東京都 世田谷区 三軒茶屋駅,月給25万円～50万円,19日前,リクナビNEXT
株式会社エストラボ,ECサイト運営・総合美容メーカー,東京都 新宿区 新宿駅 徒歩5分,月給25万円～,20日前,doda
株式会社Crescent,EC運用サポート 未経験OK 土日休み 残業ほぼなし 10時出社 私服OK,東京都 千代田区 麹町駅 徒歩2分,月給23万円～27万円,7日前,女の転職type
株式会社オートバックスセブン,EC事業戦略担当,東京都 江東区 豊洲駅 徒歩3分,"年収800万円～1,200万円",5日前,マイナビ転職エージェントサーチ
TOKYO BASE,"EC運用／STUDIOUS,UNITED TOKYO,PUBLIC TOKYO",東京都,年収400万円～850万円,公開していません,フォーピープル
株式会社エキスパートスタッフ,食料・飲料・化粧品に関する自社ECサイト運営スタッフ,東京都 港区 三田駅 徒歩3分,"時給1,800円",12日前,EXPERT STAFF
株式会社電通デジタル,EC広告コンサルタント,東京都 港区,"年収400万円～1,500万円",公開していません,株式会社電通デジタル
株式会社DOT ONE,"ECマネージャー 初日売上9,200万円達成／D2Cブランドで急成長中の企業",東京都 渋谷区,年収450万円～800万円,1日前,doda
株式会社Nint,リモート可／自社サービス／EC市場のデータ分析サービス,東京都 新宿区 西新宿駅,年収600万円～900万円,1日前,doda
株式会社ピュアフラット,リモートワーク可／楽天市場等のEC運用コンサル／1社に深く寄り添う～,東京都 港区,年収400万円～600万円,1日前,doda
株式会社イーシー・ライダー,ECシステム開発のPL・PM候補 完全自社内勤務 東京募集,東京都 渋谷区 恵比寿駅 徒歩3分,年収450万円～720万円,公開していません,マイナビ転職
株式会社コーボー,フリーランスエンジニア／Java／Python／飲食関連日本酒通販ECサイト開発,東京都 港区,固定報酬75万円～85万円,13日前,かんたん応募
株式会社キャネット,ファッションECサイトの運営責任者,東京都 中央区 茅場町駅 徒歩3分,年収400万円～600万円,公開していません,楽天仕事紹介
株式会社RDサポート,ECサイトの運営業務／食品商社,東京都 千代田区 神保町駅 徒歩4分,"時給1,750円",25日前,RD SUPPORT 人材派遣
株式会社ホワイトワンプラス,幹部候補 ECショップ店長／恵比寿・代官山エリアのオシャレなオフィス,東京都 渋谷区 恵比寿駅 徒歩5分,月給33万円～40万円,公開していません,楽天仕事紹介
CROOZ EC Partners株式会社,某コスメECプラットフォームの開発／QAエンジニア,東京都 渋谷区 恵比寿駅 徒歩3分,月給50万円～55万円,5日前,かんたん応募
株式会社極東ブレイン,ECサイト運営6724UTp,東京都 港区 外苑前駅 徒歩3分,年収400万円～500万円,5時間前,株式会社極東ブレイン
株式会社ウサギオンライン,障がい者雇用 ウサギオンライン EC担当,東京都 新宿区 四ツ谷駅 徒歩5分,年収300万円,4時間前,fromAnavi
CCCフロンティア株式会社,EC運営担当者／国内最大級のスマホアクセサリブランド「UNiCASE」運営企業,東京都 渋谷区 代官山駅,年収240万円～340万円,12日前,doda
株式会社アッカ・インターナショナル,20～30代活躍!店舗勤務の経験を活かすEC物流トータル営業,東京都 港区 表参道駅 徒歩10分,"月給27万1,000円～33万2,000円",10日前,リクナビNEXT
粧美堂株式会社,自社ECサイトの運営スタッフ 基本定時退社,東京都 港区 品川駅 徒歩5分,"時給1,200円～",5時間前,タウンワーク
ラディウス株式会社,自社製品のECサイト運営／Webマーケティング 土日祝休み,東京都 中央区 東銀座駅 徒歩2分,月給23万円～,5日前,リクナビNEXT
株式会社プラムハット,ECサイト経験者優遇 運営スタッフ急募,東京都 葛飾区 新小岩駅 徒歩12分,月給28万円～45万円,公開していません,楽天仕事紹介
株式会社あとらす二十一,商品データ管理から更新迄!ECサイト運営のお仕事,東京都 千代田区 秋葉原駅 徒歩5分,"時給1,800円",2日前,エン派遣
株式会社日本ブランド,越境ECサイトの企画営業・マーケティング／貿易・越境EC関連職経験者大歓迎,東京都 千代田区 東京駅 徒歩1分,月給25万円～,1日前,JobsNippon
株式会社ベガコーポレーション,日本商品を世界に届ける越境ECプラットフォームのデジタルマーケティング担当,東京都 港区 外苑前駅 徒歩4分,年収400万円～600万円,公開していません,株式会社ベガコーポレーション
株式会社アパレルコンシェル,EC展開、人気ウィメンズアパレルブランドMD,東京都 渋谷区,年収350万円～500万円,15日前,READY TO FASHION
w2ソリューション株式会社,新卒採用担当 ～リモート推奨／SaaSプロダクト／EC業界シェアTOPクラス～,東京都 中央区 東銀座駅,年収500万円～850万円,1日前,doda
株式会社Ui2,大手ブランド企業ECサイト・ソリューション開発 直取引・一次請け フルリモート勤務,東京都 港区 三田駅,年収603万円～908万円,15日前,doda
株式会社ガンズコーポレーション,ECサイト運営担当 設備企画・販売・施工会社,東京都,年収300万円～420万円,7日前,Spring転職エージェント
株式会社博報堂,EC事業コンサルタント,東京都 港区 赤坂駅 徒歩1分,"年収850万円～1,500万円",3日前,CREATIVE JOB
テモナ株式会社,ECサイト運用担当,東京都 渋谷区 渋谷駅,年収400万円～700万円,15日前,doda
株式会社CARTA HOLDINGS,Amazonやモール出店企業のEC戦略、クライアントの自社ECコンサル、広告運用まで幅広くサポート,東京都 中央区 東銀座駅 徒歩4分,年収415万円～750万円,3日前,CREATIVE JOB
株式会社ミスミグループ本社,EC企画開発,東京都 文京区,年収450万円～700万円,7日前,ELITE Network.
戦力エージェント株式会社 武蔵野オフィス,ECサイトの運営サポート事務,東京都 新宿区 高田馬場駅 徒歩3分,"時給1,450円",16日前,イーアイデム
株式会社SUPERSTUDIO,フィールドセールス／EC／SaaS／若手活躍中／CMで話題の急成長スタートアップ,東京都 品川区 目黒駅,年収650万円～850万円,公開していません,Geekly
TD SYNNEX株式会社,ECサイト制作・運用／ベンダーコントロールからデザイン業務まで幅広い業務でスキルが磨ける,東京都 江東区 東陽町駅,年収330万円～550万円,16日前,doda
株式会社レオン・インターナショナル,EC運用／アメリカのセレクトショップ,東京都,年収300万円～450万円,29日前,フォーピープル
株式会社マッシュホールディングス,マッシュビューティーラボ EC担当／マッシュビューティーラボ本社,東京都 港区 赤坂見附駅 徒歩8分,年収350万円～,公開していません,株式会社マッシュホールディングス
株式会社SUPER STUDIO,カスタマーサクセス／ECプラットフォーム「ecforce」,東京都 品川区 目黒駅,年収450万円～800万円,17日前,doda
株式会社オークファン,オークファンWEBデザイナー／EC支援ソリューション会社,東京都 品川区,年収350万円～500万円,公開していません,Fittio
株式会社パーソンアンドピープル,EC運用／シニヨン,東京都,年収380万円～550万円,12日前,フォーピープル
株式会社バンダイ,海外EC事業推進責任者,東京都 港区 三田駅,"年収971万円～1,089万円",8日前,doda
全国に50院超を展開する医療法人グループのシェア...,ECサイト運営担当,東京都,年収416万円～550万円,公開していません,ELITE Network.
株式会社ホットスタッフ品川,ECサイトの管理や運営事務,東京都 台東区 浅草橋駅 徒歩8分,"時給1,550円～",1日前,HOT犬索
株式会社マンダム,ECマーケティング,東京都 港区,年収500万円～700万円,12日前,パソナキャリア
株式会社パソナ,EC・通販業界 部署アシスタント／営業アシスタント／その他事務,東京都 渋谷区 原宿駅 徒歩1分,"時給1,600円",5日前,パソナJOBサーチ
READY TO FASHION 公式アカウント,自社EC運営最大級／プロモーション領域の販促プランナー,東京都 渋谷区,年収450万円～700万円,13日前,READY TO FASHION
株式会社ジェムキャッスルゆきざき,ECサイト運営スタッフ／残業ほぼなし／有給取得率70%以上,東京都 港区 六本木駅 徒歩5分,"月給24万7,550円～",17日前,doda
株式会社インターファクトリー,自社ECソリューション開発エンジニア／基盤改善,東京都 千代田区 飯田橋駅,年収500万円～800万円,公開していません,Geekly
株式会社イングリッド,ECサイト運営責任者候補 1人1億円の生産性を誇る企業にてECのスペシャリストになりませんか,東京都,年収400万円～800万円,7日前,en ミドルの転職
株式会社枡儀,土日祝休み ECサイト運営、SNSを使った宣伝・販促,東京都 港区 広尾駅 徒歩6分,月給25万円～35万円,18日前,リクナビNEXT
株式会社チャンピオン,EC運用,東京都,年収300万円～600万円,29日前,フォーピープル
株式会社ライツフォル,ECサイト構築、運営。30～40代の男女が活躍中,東京都,月給24万円～28万円,公開していません,楽天仕事紹介
株式会社メガリンク,プロジェクトマネージャー／リーダー ECサイトのご依頼多数／大手企業の案件あり,東京都 港区 表参道駅,年収500万円～900万円,24日前,doda
Rotoworks株式会社,アパレルECサイト開発,東京都 千代田区,月給55万円～75万円,10日前,Rotoworks株式会社
株式会社TUKURU／「cotta 」,大規模ECサイトのCRM／残業ほぼなし／月額37万円以上,東京都 渋谷区 原宿駅 徒歩5分,月給37万円～,公開していません,doda
株式会社TRYANGLE,Webディレクター／ECディレクター／テレワーク活用／年俸350〜650万円／年間休日120日以上,東京都 新宿区,年収350万円～650万円,公開していません,CONNECT ANSWER
株式会社ゴールディ,ECサイト運営,東京都 港区 外苑前駅 徒歩7分,月給21万円～35万円,公開していません,株式会社ゴールディ
株式会社flyhawk,大手ECサイト大型改修案件,東京都,月給～70万円,12日前,フライテック
株式会社TOKYO BASE,TOKYO BASE／ECサイト運営／各ブランドで積極採用中,東京都 港区,年収400万円～700万円,13日前,READY TO FASHION
インタセクト・コミュニケーションズ株式会社,中国語を活かす中国越境EC担当,東京都 千代田区,月給26万円～35万円,10日前,やまとごころキャリア
ナビプラス株式会社,ECサイト向けマーケティングツールの提案営業,東京都,"年収400万円～645万9,000円",7日前,en ミドルの転職
株式会社マツモトキヨシ,オンラインビジネス／マツモトキヨシグループ ECサイト設計、構築エンジニア,東京都 千代田区 御茶ノ水駅 徒歩2分,年収500万円～800万円,公開していません,株式会社マツモトキヨシ
株式会社マイナビワークス,未経験OK ECサイト運用やマーケティング,東京都 品川区 大崎駅 徒歩1分,"時給1,720円",公開していません,マイナビスタッフ 派遣
株式会社Knot,自社ECサイトの運営スタッフ世界が注目する腕時計メーカー,東京都 武蔵野市 吉祥寺駅 徒歩7分,月給25万円～,1日前,マイナビ転職
パーソルテクノロジースタッフ株式会社,大手ECサイト運営企業でのシステム開発,東京都 世田谷区 二子玉川駅 徒歩5分,"時給3,710円",1日前,パーソル テクノロジースタッフ
株式会社サンクラウド,販促や広告宣伝などをお任せします 衛生用品の売上拡大／ECモール立ち上げ,東京都 中央区,年収450万円～600万円,20日前,doda
祥雲国際交流株式会社,ECサイト運営・デザイナー,東京都 大田区 長原駅,月給20万円～,公開していません,かんたん応募
SBI Africa株式会社,越境ECサイトを発展させる WEBエンジニア リモートワークOK,東京都 港区 六本木一丁目駅,月給25万円～40万円,11日前,マイナビ転職
株式会社SORA,在宅勤務 自社ECサイトのディレクター募集,東京都 港区 麻布十番駅 徒歩3分,"時給2,900円～",公開していません,エン派遣
株式会社アサーティブ,「EC責任者」経験活かせる 「大きいサイズのサカゼン」にてEC責任者募集,東京都 中央区,公開していません,4日前,株式会社アサーティブ
株式会社マッシュスタイルラボ,EC運営アシスタント マッシュグループ社割あり,東京都 港区 赤坂見附駅 徒歩8分,"時給1,100円～",1日前,fromAnavi
TFCO株式会社,ECサイト運営スタッフ,東京都 江東区 亀戸駅 徒歩1分,年収300万円～600万円,12日前,type
株式会社ロコンド,営業本部 営業部／ECショップ担当営業,東京都 渋谷区 代々木公園駅,年収420万円～528万円,公開していません,Geekly
日本を代表するセレクトショップを運営する企業,EC運営担当,東京都 港区,公開していません,11日前,日本を代表するセレクトショップを運営する企業です。
株式会社イーグル,ECサイトの社内システム開発エンジニアとして「開発・保守・運用」をお任せ,東京都 港区 表参道駅 徒歩8分,月給30万円～40万円,公開していません,楽天仕事紹介
株式会社トレハクラブ,未経験 学歴不問!事業企画、ECサイト管理,東京都 台東区 浅草駅 徒歩1分,"月給19万8,000円～",1日前,はたらいく
株式会社KADOKAWA,DX推進 グループEC事業部の戦略企画・推進／フレックスタイム制／リモートワークOK,東京都 千代田区 飯田橋駅 徒歩6分,"月給29万4,000円～",26日前,エン転職
株式会社千趣会イイハナ,ECサイト運営を支える EC運営スタッフ 年間休日128日以上,東京都 品川区 五反田駅 徒歩8分,年収320万円～,10日前,マイナビ転職
i-PRO株式会社,EC ビジネス推進担当,東京都 港区,年収450万円～950万円,公開していません,パソナキャリア
株式会社WCA,Webディレクター 在宅相談可／スタンダード上場G／EC総合支援サービス,東京都 港区,年収450万円～650万円,15日前,doda
株式会社iDA,日本語から英語へ／有名ブランドの英語版ECサイト翻訳業務,東京都 品川区 天王洲アイル駅 徒歩5分,"時給1,700円～1,800円",1時間前,iDA
SB C&S株式会社,ECサイト運営担当,東京都 港区,"年収553万円～1,576万円",公開していません,マイナビAGENT
株式会社レザボア,ECサイト運営スタッフ アパレルとコスメの2軸で事業展開 企画から携われる,東京都 渋谷区 渋谷駅 徒歩4分,月給24万円～,8日前,女の転職type
新日本製薬株式会社,EC推進,東京都 千代田区 東京駅,年収700万円～900万円,23日前,doda
株式会社システムインテグレータ,EC営業,東京都 渋谷区,"月給22万8,000円～47万円",13時間前,ワークポート
株式会社A3,eeo事業本部増員!ECサイトの運営スタッフ アニメなどのライセンスビジネスに携わります,東京都 豊島区 池袋駅 徒歩6分,月給21万円～,5日前,エン転職
株式会社dazzy,アパレルECサイト,東京都 港区 白金高輪駅,"月給22万9,000円～25万円",公開していません,楽天仕事紹介
株式会社ディンプル,ギフトセレクトショップECサイトから注文対応／週3～／長期,東京都 港区 広尾駅 徒歩3分,"時給1,300円～",25日前,DIMPLE
株式会社セブン&アイ・ネットメディア,運用エンジニア 自社ECサイト「オムニ7」などの運用業務／新規・更改案件の運用設計や改善,東京都 千代田区 麹町駅,年収400万円～700万円,公開していません,レバテックキャリア
株式会社シュウエイインフォテック,自社内開発／越境EC／世界に広がる化粧品輸入会社,東京都 品川区 五反田駅,年収420万円～700万円,23日前,doda
株式会社コスメ・デ・ボーテ,自社ブランド化粧品のEC運営・制作ディレクション／経験者歓迎,東京都 渋谷区 恵比寿駅 徒歩5分,月給25万円～,公開していません,doda
picki株式会社,EC運用,東京都,年収300万円～600万円,公開していません,フォーピープル
株式会社スタイリングライフ・ホールディングス,ECサイト運営～WEB制作,東京都 新宿区 西新宿駅,年収450万円～500万円,18日前,doda
株式会社オールアバウトライフマーケティング,ECコンサルタント／dショッピング事業,東京都 渋谷区 恵比寿駅,年収400万円～600万円,公開していません,Geekly
株式会社ANAP,オフィシャルECサイトWeb広告運用担当,東京都 港区 表参道駅 徒歩4分,月給24万円～40万円,4日前,U29JOB
株式会社ハルタ,「ローファーのハルタ」のECサイト運営・販売促進／残業なし,東京都 台東区 浅草駅 徒歩9分,"月給19万5,000円～",公開していません,doda
株式会社モダンブルー,ファッションECサイトの「データ入力・在庫調整」業務,東京都 港区 白金高輪駅 徒歩10分,"時給1,150円～1,200円",公開していません,楽天仕事紹介
株式会社エースタイル,ZOZOTOWN展開 EC専門ブランド 運営担当,東京都 豊島区,月給20万円～30万円,15日前,READY TO FASHION
システム・シャイン・サービス株式会社,ECサイト 発送作業スタッフ,東京都 豊島区 東長崎駅 徒歩5分,"時給1,100円～1,650円",公開していません,楽天仕事紹介
株式会社VALION,ECブランドの一般事務,東京都 渋谷区 初台駅 徒歩4分,月給20万円～25万円,公開していません,かんたん応募
株式会社インターキューブ,「ドレステリア」EC／販促,東京都 港区 表参道駅 徒歩2分,年収480万円～550万円,17日前,doda
株式会社シナジーコンサルティング,WEBサイト、ECサイト運用代行,東京都 世田谷区 用賀駅 徒歩7分,"時給1,200円～1,500円",3日前,JOBLIST
株式会社ガーブー,Webディレクター／大手ECサイト担当,東京都 渋谷区 渋谷駅,年収350万円～700万円,公開していません,Geekly
一風騎士株式会社,EC事業・マーケティングマネージャー ～グループシナジーを活かして売上拡大／残業20h以下～,東京都 新宿区 西武新宿駅,年収500万円～900万円,13日前,doda
株式会社ecoプラン,未経験歓迎!時計等ブランド品を扱うECサイトの運営・商品管理,東京都 中央区 東日本橋駅 徒歩1分,月給25万円～,4時間前,リクナビNEXT
船井総研ホールディングス,ECコンサルタント,東京都 千代田区 二重橋前駅 徒歩5分,月給39万円～,2日前,U29JOB
株式会社船井総研ホールディングス,ECコンサルタント,東京都 千代田区,"年収600万円～1,000万円",公開していません,株式会社船井総研ホールディングス
株式会社ウィルオブ・ワーク コール,広告・ECサイト運営会社での受注事務,東京都 渋谷区,"時給1,500円",9日前,エン派遣
株式会社三峰,EC運営担当者,東京都 杉並区 方南町駅 徒歩5分,月給18万円～20万円,6時間前,株式会社三峰
トランス・コスモス株式会社,ECマーケティング,東京都 渋谷区,年収400万円～700万円,5日前,パソナキャリア
HACCI's JAPAN合同会社,越境EC企画・運営,東京都,年収400万円～600万円,公開していません,エン エージェント
株式会社シェアコネクト,ECオペレーションマネージャー 土日祝休み ハイレベル人材とECやMAの領域にチャレンジ,東京都 渋谷区,公開していません,7時間前,株式会社シェアコネクト
マガシーク株式会社,ECサイト運用担当,東京都 千代田区 半蔵門駅,年収300万円～405万円,12日前,doda
株式会社COSBEAUTY JAPAN,海外展開も行う人気美容機器メーカーの「ECサイト運営」業界未経験可／月給25万円～／土日祝休み／服,東京都 港区 赤羽橋駅,月給25万円～,公開していません,Office Lady
Hamee株式会社,ECサイト運営職,東京都 江東区,年収404万円～606万円,18日前,doda
株式会社ライフインテリジェンス,ECサイトの運営スタッフ 未経験でも月給24万7000円以上／広尾に駅チカ社員寮あり,東京都 中央区 銀座駅 徒歩1分,"月給24万7,000円～",26日前,エン転職
株式会社桃谷順天館,EC運営担当／美顔水で有名な操業130年以上の老舗企業／WEB面接可,東京都 中央区,年収400万円～600万円,28日前,リクルートエージェント
株式会社ヤマデン,ECサイト・受注管理システム開発 ～安定した事業基盤がある中で新しい挑戦可～,東京都 千代田区 秋葉原駅,年収650万円～900万円,21日前,doda
株式会社ジェーエムエーシステムズ,ECエンジニア リーダー,東京都 港区,年収530万円～750万円,17日前,パソナキャリア
株式会社マスメディアン,EC撮影アシスタント／事業会社,東京都 江東区,"時給1,620円",25日前,マスメディアン
株式会社イング,WEBエンジニア~Shopifyを利用し大手クライアントをEC化～,東京都,年収350万円～600万円,1日前,doda
株式会社Project8,物流／アパレルEC物流センター管理／集英社公式ECサイト「HAPPY PLUS STORE」,東京都,年収400万円～550万円,12日前,フォーピープル
株式会社ブロードリーフ,自社ECサイトの企画・運営及びメンテナンス,東京都,年収420万円～550万円,公開していません,Spring転職エージェント
アノーバコンサルティング株式会社,ECサイト刷新PJ支援／保険,東京都 中央区,月給120万円～140万円,20日前,modis
株式会社ココラブル,EC領域のスキルアップができる／デジマ領域のノウハウ多数／リモート相談可,東京都 渋谷区 渋谷駅,年収500万円～550万円,18日前,doda
株式会社クラベス,全国 EC開発ディレクター／PM 一次請け／100%自社内開発,東京都 墨田区 両国駅 徒歩5分,年収340万円～800万円,9時間前,Green
株式会社アーク・ケイ・コーポレーション,経験者優遇 人気ジュエリーECサイト運営、webデザインの仕事,東京都 台東区 稲荷町駅,"時給1,200円～1,300円",12日前,楽天仕事紹介
サヴァリ株式会社,ECコンサルタント,東京都 中央区,月給24万円～40万円,公開していません,【公式】ワーママ転職ならママリブラ
リンワン,EC／サイト運営／LIP SERVICE／本社,東京都 港区 表参道駅 徒歩6分,月給24万円～,7日前,TWC
パクテラ・テクノロジー・ジャパン株式会社,ECシステムにおける開発・運用保守リーダー PM,東京都 江東区 門前仲町駅 徒歩5分,年収660万円～840万円,公開していません,U29JOB
ニッキー株式会社,業務拡大にてEC事業部運営幹部候補を求人,東京都 台東区,年収400万円～,4日前,READY TO FASHION
クラシコ株式会社,インターンシップ／グローバルに展開する医療アパレルECの中国マーケ募集,東京都 港区 六本木駅 徒歩7分,"時給1,050円～",8日前,ゼロワンインターン
株式会社PRECS,コンサルティング営業 ECサイト運営のサポート事業／リモート勤務／離職率5%,東京都 台東区,年収400万円～700万円,16日前,リクルートエージェント
株式会社ハイマウント,アウトドアブランドのECサイト運営／年間休日125日,東京都 中央区 人形町駅 徒歩2分,年収350万円～500万円,5日前,マイナビ転職エージェントサーチ
株式会社グローバルフォルムコンクリート,ECサイト運営スタッフ,東京都 目黒区,"時給1,041円",9時間前,株式会社グローバルフォルムコンクリート
C Channel株式会社,EC事業責任者,東京都,年収400万円～700万円,10日前,Spring転職エージェント
株式会社THパートナーズ,ECディレクター「フィットネスウェア VEATM 」,東京都 港区,公開していません,公開していません,elan
株式会社アイディーエス,ECサイトの開発・運用エンジニア,東京都 港区 大門駅 徒歩8分,年収500万円～663万円,公開していません,U29JOB
アダストリア,EC／サイト運営／株式会社WEBスタジオ ECサイト サポートスタッフ,東京都 渋谷区 渋谷駅 徒歩3分,"時給1,050円～",14日前,TWC
SCSK株式会社,ECシステム導入プロジェクトのリーダ／メンバー、ECビジネスの企画・立案,東京都 江東区 豊洲駅,年収450万円～900万円,15日前,doda
パーソル エクセル HRパートナーズ株式会社,顧客向けECサイト開発のマネジメント,東京都 墨田区 両国駅 徒歩8分,"時給2,800円～3,000円",公開していません,パーソル エクセル HRパートナーズ株式会社 テクニカル事業部
株式会社聖林公司,自社ECサイトの運営スタッフ,東京都 目黒区 中目黒駅,年収336万円～420万円,5日前,doda
マスターピース・グループ株式会社,ECサイト運営／海外輸入食材 ブランディング・販売戦略立案などもお任せ 残業20H程度,東京都 港区 乃木坂駅,年収450万円～600万円,20日前,doda
SepteniJapan株式会社,ECプラットフォーム広告戦略・運用コンサルタント,東京都 新宿区 西新宿駅,年収450万円～600万円,21日前,doda
アクアシルバー有限会社,スターティングSTAFF 自社ECサイト運営／SNS運用 WEB面接OK,東京都 渋谷区 渋谷駅 徒歩10分,月給25万円～30万円,22時間前,マイナビ転職
コンセント株式会社,ギフトショップの運営スタッフ 将来のEC店長候補,東京都 港区 広尾駅 徒歩3分,月給24万円～35万円,公開していません,楽天仕事紹介
株式会社ecbeing,サーバーサイドエンジニア／バックエンドエンジニア EC開発／自社パッケージ「ecbeing」のカスタ...,東京都 渋谷区 渋谷駅,公開していません,公開していません,レバテックキャリア
株式会社E-Grant,エンジニアマネージャー EC×CRMツール「うちでのこづち」の開発,東京都 品川区,年収600万円～800万円,19日前,リクルートエージェント
株式会社サウンズグッド,ECサイトに関する問合せ受付業務,東京都 世田谷区 駒沢大学駅 徒歩4分,"時給1,500円",3日前,コレジョブ
株式会社ミスミ,ECサイト内「検索UX」の改善企画,東京都 文京区,公開していません,11日前,マイナビAGENT
株式会社デイトナ・インターナショナル,ECストアマネジメント／ECVC リーダー募集,東京都 渋谷区,年収400万円～500万円,公開していません,株式会社デイトナ・インターナショナル
株式会社スクロール360,EC・通販ソリューション営業,東京都 品川区 天王洲アイル駅 徒歩5分,年収370万円～450万円,1日前,Green
株式会社オールビジネスリンク,完全在宅～急募×短期～ ECサイト不具合修正,東京都 町田市,"時給1,700円",6日前,エン派遣
株式会社犬と出かける,犬猫グッズの商品企画・ECサイト運営 未経験25万円以上,東京都 多摩市 小田急永山駅,月給25万円～,1日前,リクナビNEXT
株式会社ロイヤルグリーンランドジャパン,ECアシスタント,東京都 千代田区 神保町駅 徒歩1分,年収350万円～450万円,5日前,doda
株式会社CARTAHOLDINGS,ECコンサルタント,東京都 中央区 東銀座駅 徒歩3分,年収415万円～614万円,公開していません,U29JOB
株式会社ナチュラルプランツ,バックエンドエンジニア 女性向けD2Cブランド／自社ECサイトの開発・運用,東京都 中央区,年収500万円～800万円,14日前,リクルートエージェント
株式会社これから,ECのコンサルティング,東京都 新宿区 曙橋駅 徒歩8分,年収350万円～800万円,7日前,Green
際コーポレーション株式会社,東京池尻大橋の大手飲食企業のECサイト運営スタッフ募集,東京都 世田谷区 池尻大橋駅 徒歩3分,月給30万円～35万円,4日前,際コーポレーション株式会社
株式会社ネットショップ支援室,クライアントのEC運営を最大化させるカスタマーサクセス業,東京都 新宿区 四ツ谷駅,年収350万円～600万円,公開していません,Office Lady
ソースネクスト株式会社,ECモール運用,東京都,年収493万円～878万円,公開していません,Spring転職エージェント
株式会社ブルームス,化粧品メーカーのEC販売マーケティングスタッフ,東京都 中央区 人形町駅 徒歩5分,"時給1,500円～2,000円",公開していません,かんたん応募
株式会社ヴァンドームヤマダ,EC運用／ヴァンドームヤマダ,東京都,年収350万円～400万円,29日前,フォーピープル
JCOM株式会社,自社EC企画／運用 上流～下流まで一貫して携われます／新サービスも検討 在宅,東京都 江東区,年収519万円～990万円,16日前,リクルートエージェント
株式会社Nanum&Design,ECサイト出荷業務・商品管理スタッフ,東京都 文京区 江戸川橋駅 徒歩10分,"時給1,100円～",公開していません,楽天仕事紹介
株式会社飛躍,ECコンサルタント 越境ECの領域で世界NO.1の「Shopify」実績トップクラス,東京都,"年収400万円～1,040万円",公開していません,リクルートエージェント
パナソニックグループ,海外EC・デジタルマーケティングの推進,東京都 品川区,公開していません,公開していません,マイナビAGENT
株式会社JapanTechnology,大規模ECサイトの構築支援,東京都 港区 浜松町駅 徒歩5分,"月給～49万5,000円",公開していません,株式会社JapanTechnology 本社
TIS株式会社,EC構築のプロジェクトマネージャー・プロジェクトリーダー,東京都 新宿区,公開していません,13日前,type 転職エージェント
エムアイトレーディング株式会社,ECサイト運営業務全般,東京都 千代田区 秋葉原駅 徒歩5分,年収350万円～600万円,公開していません,楽天仕事紹介
ハンファQセルズジャパン株式会社,ECサイト事業の管理・企画～裁量を持って販売製品の仕入れ・チャネル戦略企画などが可能～,東京都 港区 田町駅,年収500万円～600万円,22日前,doda
株式会社identity,フリーランス／EC運営・グッズ企画ディレクター／オリジナルグッズ企画,東京都 渋谷区 渋谷駅,月給55万円～65万円,17時間前,modis
八木通商株式会社,EC運営担当,東京都,年収400万円～500万円,公開していません,Spring転職エージェント
ZETA株式会社,法人営業／反響型営業／ECやアパレル勤務経験あり歓迎,東京都 世田谷区 三軒茶屋駅,年収350万円～650万円,公開していません,Geekly
株式会社ピーチ・ジョン,ECモールの営業・運用担当募集／ピーチ・ジョン・東京本社,東京都 港区,月給20万円～,公開していません,株式会社ピーチ・ジョン
株式会社I-ne,ECモール責任者 ポテンシャル枠,東京都 品川区 大崎駅 徒歩3分,年収350万円～500万円,公開していません,タイズ
株式会社ナイスクラップ,OUVRAGE CLASSE 本社EC業務スタッフ 本社SNS業務スタッフ 同時募集,東京都 渋谷区,"時給1,100円～",3日前,NICE CLAUP
株式会社創通メディカル,EC企画担当,東京都 渋谷区,"年収600万円～1,200万円",8日前,doda
コーンズ・アンド・カンパニー・リミテッド,ECサイトの企画・運営,東京都 港区 芝公園駅,年収550万円～700万円,12日前,doda
アズノゥアズ,EC／サイト運営／as know as de base／アズノゥアズ本社,東京都 目黒区 駒場東大前駅 徒歩10分,"月給23万円～37万5,000円",公開していません,TWC
株式会社イマプレ,ECサイト開発・保守 経験不問,東京都,月給25万円～60万円,19日前,かんたん応募
株式会社フォーサイト,大きな裁量で売上拡大へ ECサイト企画運営 立ち上げメンバー,東京都 江戸川区 葛西臨海公園駅 徒歩14分,月給30万円～50万円,11日前,マイナビ転職
株式会社Verne,アメリカ向けECサイト運営／マーケター／コンテンツディレクター,東京都 武蔵野市 武蔵境駅 徒歩7分,月給23万円～30万円,21日前,かんたん応募
株式会社DECENCIA,ECを中心とした当社のマーケティングデータに関わる業務・データ分析担当を募集,東京都 品川区,年収450万円～750万円,11日前,株式会社DECENCIA
銀座パリス,ネットショップ ECサイト 未経験歓迎 服装自由,東京都 渋谷区 初台駅 徒歩7分,"時給1,300円～",公開していません,楽天仕事紹介
パーソルエクセルHRパートナーズ株式会社,顧客向けECサイト開発のマネジメント,東京都 墨田区 両国駅 徒歩8分,"時給2,800円～3,000円",公開していません,ジョブチェキ！
エイショウ光学株式会社,ECサイト運営 未経験OK 学歴不問 土日祝休み 年間休日120日 誕プレ支給,東京都 渋谷区 初台駅 徒歩3分,月給23万円～29万円,13時間前,女の転職type
株式会社パコネット,ECサイトの制作業務,東京都 八王子市 八王子駅 徒歩13分,年収400万円～650万円,公開していません,楽天仕事紹介
プルチャーム株式会社,ECモール運営／2年で売上5倍の成長ベンチャー,東京都 渋谷区 渋谷駅,年収350万円～500万円,21日前,doda
株式会社エクシーク,月給40万円～ ECサポートサービスの提案営業,東京都 大田区 大森駅 徒歩2分,月給40万円～,11日前,リクナビNEXT
株式会社ディー・アップ,人気化粧品メーカーのEC担当募集 新しく立ち上げる自社ECサイトのディレクションをお任せします,東京都 港区,年収400万円～650万円,19日前,LIBZ
MCMファッショングループジャパン株式会社,MCM／ECスペシャリスト募集,東京都 中央区 銀座駅,年収500万円～600万円,2時間前,iDA
BONAVENTURA株式会社,ECサイトの運営,東京都 港区,公開していません,11日前,elan
グリーンライフイノベーション株式会社,WEBディレクター ECサイトの運用・構築・製作まで幅広くお任せ! 一緒にイノベーションを起こそう,東京都 立川市 立川駅 徒歩3分,月給21万円～40万円,公開していません,かんたん応募
ガルデルマ株式会社,ECアシスタントマネージャー,東京都 品川区,年収550万円～650万円,15日前,doda
株式会社LOWCAL,WEBエンジニア 大手スポーツアパレルブランドのECサイトの開発,東京都 渋谷区,年収324万円～600万円,11日前,リクルートエージェント
株式会社ラクーンホールディングス,WEBデザイナー 東証一部／コロナ禍で好調のEC事業等の自社サービス担当,東京都 中央区,年収375万円～525万円,8日前,リクルートエージェント
株式会社ストリートベンチャー,大手通販会社のECサイト制作・デザイナー,東京都 江東区 豊洲駅 徒歩5分,月給30万円～40万円,5時間前,マイベストジョブ
株式会社ウチダ人材開発センタ,3000～週2在宅 ECサイトのセキュリティ対策&運用保守,東京都 江東区 東陽町駅 徒歩11分,公開していません,6日前,エン派遣
株式会社ワールドジェイビー,残業ほぼなし有休消化率高い美容系総合ECサイト責任者募集,東京都 台東区,年収400万円～700万円,11日前,株式会社ワールドジェイビー
昭和西川株式会社,ECデザイナー／寝具業界のリーディングカンパニー,東京都 中央区,年収480万円～600万円,公開していません,Fittio
エコール・クリオロ株式会社,ECショップ店長 メディア掲載多数の洋菓子のEC責任者／日曜固定休,東京都 板橋区,年収450万円～600万円,2日前,リクルートエージェント
FTF株式会社,音楽・レコードのECサイト商品情報作成スタッフ募集,東京都 品川区 鮫洲駅,"時給1,050円～1,565円",8日前,かんたん応募
株式会社ACRO,本社:新設EC事業部 化粧品ブランド「THREE」EC運営担当,東京都 品川区 五反田駅 徒歩5分,年収400万円～550万円,16日前,Green
株式会社エラン,クリスタル・ガラスの最高峰メゾンのオフィスでのEC運営サポート,東京都 中央区 東銀座駅 徒歩2分,"時給1,700円～1,800円",11日前,elan
CLANE DESIGN株式会社,CLANE／自社EC〜外部モールの企画・運営をお任せ!／東京,東京都 世田谷区,公開していません,18日前,READY TO FASHION
ココネ株式会社,急成長中!ECサイトグラフィックデザイナー募集,東京都,年収350万円～500万円,20日前,Spring転職エージェント
TKクリエイト株式会社,フィットネス器具のECサイト運営,東京都 渋谷区,年収300万円～400万円,5日前,doda
クオバディス・ジャパン株式会社,フランス文具のECサイト運営,東京都 世田谷区 駒沢大学駅 徒歩1分,月給25万円～,12時間前,楽天仕事紹介
株式会社シューズセレクション,ECサイト運営責任者候補 グローバルな視野で取り組んでいただけるポジション,東京都 渋谷区 恵比寿駅,年収450万円～549万円,6日前,en ミドルの転職
コスメカンパニー株式会社,SNSで話題のスキンケア用品を扱う／ECサイト運営・在庫管理,東京都 港区 表参道駅 徒歩3分,月給23万円～,25日前,リクナビNEXT
株式会社スタイルフォース,EC運営 担当クラス～カテゴリーリーダー,東京都 港区 表参道駅 徒歩2分,年収500万円～670万円,4日前,doda
株式会社メンバーズ,EC経験者歓迎のWebディレクター 直近2年の定着率100%／東証プライム上場企業の社内カンパニー,東京都 品川区 五反田駅 徒歩10分,月給25万円～46万円,19日前,エン転職
株式会社コウェル,EC事業のプロジェクトマネージャー候補,東京都 品川区 天王洲アイル駅 徒歩5分,年収600万円～900万円,公開していません,U29JOB
株式会社テクノウェイブ 労働者派遣事業許可,IT系テスト・評価／ECサイト テスト実施,東京都 千代田区 半蔵門駅 徒歩5分,"時給1,800円～",8日前,techno wave
株式会社2XUジャパン,ECサイト運営管理,東京都 品川区 大崎駅 徒歩12分,"時給1,800円～3,000円",公開していません,かんたん応募
株式会社ビーブレイクシステムズ,フリーランス EC開発支援 30代・40代活躍中,東京都 港区 田町駅,月給88万円～,5時間前,株式会社ビーブレイクシステムズ
株式会社スクロールR&D,ECサイトの運営担当,東京都 品川区 天王洲アイル駅,年収400万円～500万円,19日前,doda
ファインズ東京,EC デジタルマーケティング,東京都 新宿区,年収400万円～500万円,11日前,ファインズ東京
Inagora株式会社,バイヤー 資金調達100億円以上の越境EC企業 経験者歓迎,東京都 新宿区,年収500万円～800万円,公開していません,リクルートエージェント
株式会社Be-Groove,上級ECコンサルタント,東京都 千代田区 有楽町駅,"月給28万5,714円～",1時間前,株式会社Be-Groove
ルームクリップ株式会社,EC事業 セールス,東京都 渋谷区 千駄ケ谷駅 徒歩3分,年収400万円～595万円,23日前,U29JOB
株式会社Everforth,"プロジェクトマネージャー 大規模エンタープライズEC案件 年収～1,000万",東京都 渋谷区 渋谷駅,"年収800万円～1,000万円",24日前,doda
株式会社ドリームフィールズ,WEBマーケ／自社EC売上責任者 自社ジュエリーブランド／土屋鞄グループ,東京都 千代田区,年収600万円～800万円,公開していません,リクルートエージェント
ランスタッド株式会社,スポーツメーカー ECサイトの運営,東京都 墨田区 錦糸町駅 徒歩9分,"時給1,800円",公開していません,ランスタッド 事務・オフィスワーク
BEENOS株式会社,東南アジアECの企画運営／グローバル展開中の国内最大手越境EC企業,東京都,年収500万円～700万円,公開していません,Spring転職エージェント
多摩電子工業株式会社,ECサイト制作・運営職 ～自社ブランドのPC・スマホ関連製品を開発する企業～,東京都 台東区,年収400万円～600万円,19日前,リクルートエージェント
株式会社ジュン,EC制作スタッフ,東京都 港区 青山一丁目駅,公開していません,7日前,クリーデンス
Y'S,グローバルEc英語翻訳スタッフ,東京都,"時給1,050円～",28日前,FashionJobs.com
RIZAPグループ株式会社,EC事業責任者 リモートワーク可能,東京都 新宿区,"年収1,000万円～1,500万円",公開していません,リクルートエージェント
MARK STYLER株式会社,グラフィックデザイナー兼EC運営アシスタント／jouetie好きの方歓迎,東京都 渋谷区,年収267万円～351万円,公開していません,リクルートエージェント
株式会社エス・グルーヴ,大手出版社100%出資デジタル企業 アパレルEC物流センター管理／552,東京都 千代田区,年収400万円～550万円,15日前,READY TO FASHION
Septeni Japan株式会社,ECプラットフォーム広告戦略／運用コンサルタント,東京都,年収450万円～700万円,7日前,Spring転職エージェント
株式会社SOLIA,ECモール担当 未経験の方でも歓迎します／弊社経由での決定実績有,東京都,年収300万円～500万円,公開していません,Spring転職エージェント
株式会社森田質店,ECサイトの運営スタッフ 未経験歓迎／残業ほぼゼロ／創業400年の老舗質店／海外展開も計画中,東京都 墨田区 錦糸町駅 徒歩5分,月給25万円～,26日前,エン転職
株式会社クロス・マーケティンググループ,自社EC担当,東京都 渋谷区 初台駅,年収500万円～800万円,18日前,U29JOB
株式会社良品計画,EC・アプリシステム構築,東京都 豊島区 東池袋駅,"年収500万円～1,000万円",11日前,doda
パナソニック株式会社,海外EC・デジタルマーケティングの推進,東京都 品川区,"年収450万円～1,100万円",19日前,doda
フィールドスリー株式会社,事務・ECサイト運営アシスタント,東京都 台東区 御徒町駅 徒歩7分,"時給1,250円～",3時間前,マイベストジョブ
株式会社フランクジャパン,大手食品メーカー直取引・越境ECへの出品営業,東京都 港区,年収350万円～600万円,公開していません,パソナキャリア
ヤマト運輸株式会社,大手ECモールのフルフィルメントセンター責任者候補,東京都 港区 虎ノ門駅,"年収1,000万円～1,800万円",21日前,doda
太田油脂株式会社,個人向けECサイトの企画・データ分析,東京都 中央区,年収320万円～500万円,21日前,doda
株式会社chipper,Webディレクター／リーダー 自社で一気通貫でECサイト専任の経験を積める,東京都 品川区,年収463万円～700万円,12日前,リクルートエージェント
DIエージェント障害者求人／No.13757,アパレルEC運営の担当者募集!仲間と一緒に技術も知識も磨いていこう!週3日の在宅勤務あり,東京都 千代田区,年収300万円～,公開していません,BABナビ
株式会社Yom,ベビーギフトブランドMARLMARL EC領域のWEBディレクター,東京都 渋谷区,公開していません,23日前,READY TO FASHION
株式会社コネクト,Webディレクター ECマーケティングプランの作成・Webデザインなど／フルフレックス／リモート可能,東京都 港区 大門駅,年収336万円～420万円,公開していません,レバテックキャリア
株式会社レイ・カズン,EC運用／Ray Cassin,東京都,公開していません,公開していません,フォーピープル
株式会社IM Digital Lab,OMOのEC戦略企画,東京都 新宿区,"年収600万円～1,000万円",22日前,doda
株式会社TOKYOBASE,EC運用／新業態アスレジャー TOKYOBASE,東京都,年収600万円～900万円,公開していません,フォーピープル
株式会社Japan technology,化粧品ブランド向けECモールパッケージの保守開発,東京都 千代田区 半蔵門駅,"月給43万5,500円～45万5,000円",8日前,株式会社Japan technology
株式会社フォーミックス,ECサービスのセールスマーケティング,東京都 品川区 天王洲アイル駅,年収500万円～700万円,20日前,doda
株式会社アルバン,麻雀卓のECサイト運営スタッフ,東京都 豊島区 要町駅 徒歩3分,年収400万円～,26日前,リクナビNEXT
株式会社サンアンドサン,商品企画スタッフ・ECショップ作成スタッフ,東京都 千代田区 秋葉原駅 徒歩8分,月給25万円,公開していません,はたらくぞドットコム
株式会社仙台銘板,ECサイト運営スタッフ,東京都 台東区 上野駅,年収350万円～480万円,24日前,doda
株式会社アキュラホーム,販売促進 ECサイト立ち上げから販売促進まで一気通貫で対応!／裁量権有,東京都 新宿区,年収400万円～600万円,23日前,リクルートエージェント
楽天カー株式会社,ECコンサルタント -新規事業「オート×EC」領域推進,東京都 世田谷区 二子玉川駅,年収400万円～600万円,17日前,doda
株式会社パル,EC運用／PAL GROUP,東京都,公開していません,公開していません,フォーピープル
株式会社ベイクルーズ,メディアプランナー 業界最大級のECサイト,東京都 渋谷区 渋谷駅 徒歩1分,年収450万円～600万円,8時間前,Green
株式会社富士薬品,ECサイトの運営責任者,東京都 千代田区 新御茶ノ水駅,"年収800万円～1,000万円",17日前,doda
楽天グループ株式会社,バックエンドエンジニア／ECマーケットプレイス開発部 EC マーケットプレイス ユーザー向けサービス,東京都 世田谷区,"年収600万円～1,000万円",5日前,マイナビ転職エージェントサーチ
株式会社ミシャジャパン,事業拡大につきEC経験者募集,東京都 港区 浜松町駅 徒歩5分,月給25万円～35万円,公開していません,楽天仕事紹介
エクスプライス,ECバイヤー 家電・PC担当バイヤー,東京都 江東区 東陽町駅 徒歩7分,年収400万円～,7時間前,Green
エレコム株式会社,Webデザイナー ECサイトに掲載する画像制作を担います,東京都 千代田区 市ケ谷駅 徒歩3分,"月給19万2,500円～",公開していません,エン転職
株式会社レコオーランド,FASHIONSNAP.COM 公式ECの運営スタッフ,東京都 新宿区,年収350万円～420万円,13日前,READY TO FASHION
株式会社セレクトスクエア,Webデザイナー 髙島屋グループ100%子会社・アパレルECサイト、Web事業を展開,東京都 江東区 潮見駅,年収320万円～580万円,12日前,doda
バリュエンスホールディングス株式会社,ECサイトの運営事務・商品管理 年間休日128日 土日祝休み,東京都 品川区,月給20万円～25万円,7日前,リクナビNEXT
トゥルーコンサルティング株式会社,WEBコンサルタント マーケター 楽天・アマゾン向け ECコンサルタント,東京都 港区 田町駅 徒歩8分,"年収300万円～1,200万円",9時間前,Green
アスクル株式会社,事業所向けECサイト「ASKUL」の開発・改善業務・大規模リニューアルプロジェクト,東京都,"年収500万円～1,000万円",公開していません,Spring転職エージェント
株式会社エフ・ディ・シィ・プロダクツ,デジタルマーケティング 自社ECサイト 4℃ブランド／平均残業20H／WLB重視,東京都 品川区,年収360万円～550万円,公開していません,リクルートエージェント
ジュピターショップチャンネル株式会社,ECシステムのインフラエンジニア,東京都 江東区 東陽町駅 徒歩10分,"月給29万円～43万7,000円",公開していません,type
株式会社FROM JAPAN,Webディレクター／越境EC／オンオフの切り替え重視,東京都 中央区 茅場町駅,"年収500万円～1,000万円",10日前,doda
株式会社vwv,ECショップ運営・管理スタッフ 移転に伴う新メンバー募集,東京都 豊島区,月給25万円～,7日前,リクナビNEXT
株式会社パレモ,WEBショップ ECサイト／WEBマーケター,東京都 中央区 小伝馬町駅 徒歩3分,月給25万円～40万円,28日前,株式会社パレモ
マルダイ印刷有限会社,ECサイト・ホームページ運営～創業40年以上の老舗印刷企業／裁量権を持って働けます～,東京都 台東区 上野駅,年収400万円～600万円,5日前,doda
SGフィルダー株式会社,新規EC事業責任者,東京都 江東区 東陽町駅 徒歩10分,年収650万円～920万円,11日前,SGフィルダー株式会社
株式会社GROOVE,ECコンサルタント 管理職候補,東京都 品川区 目黒駅 徒歩5分,年収600万円～800万円,7時間前,Green
株式会社ソフトクリエイトホールディングス,EC開発エンジニア,東京都 渋谷区 渋谷駅,年収500万円～900万円,公開していません,Geekly
株式会社三木森,ECサイト運営・管理スタッフ,東京都 千代田区 末広町駅 徒歩1分,月給24万円～35万円,26日前,楽天仕事紹介
ゴールディ,EC／サイト運営／GOLDY／株式会社ゴールディ 本社,東京都 港区 外苑前駅 徒歩6分,"時給1,050円～1,250円",公開していません,TWC
ネイチャーワールド株式会社,癒しを与える“フラワーエッセンス”を広める ECサイト運営,東京都 江東区 東陽町駅 徒歩3分,月給20万円～,25日前,リクナビNEXT
株式会社コックス,ECサイト企画・運営,東京都 中央区,年収450万円～550万円,16日前,doda
株式会社アイスタイル,リードエンジニア 在宅勤務推進／EC・小売・メディアの3軸事業展開 美容系サイト,東京都 港区 六本木一丁目駅,年収500万円～800万円,18日前,doda
ドリームビジョン株式会社,ECパッケージ開発,東京都 渋谷区,月給50万円～75万円,2日前,modis
株式会社エニグモ,オペレーション企画／EC運用ディレクター,東京都 港区 青山一丁目駅 徒歩3分,年収400万円～600万円,18日前,株式会社エニグモ
株式会社パレンテ,自社ECサイトのWEBデザイナー,東京都 渋谷区 渋谷駅 徒歩5分,年収380万円～463万円,15日前,doda
株式会社ABITOKYO,EC運用／ABITOKYO,東京都,"年収300万円～1,400万円",公開していません,フォーピープル
株式会社UPMILLS,アプリ開発エンジニア SNS×EC機能を搭載したソーシャルコマースアプリの実装部分をお任せ,東京都 港区 新橋駅,月給～80万円,公開していません,modis
株式会社MTG,EC、デジタルマーケティング,東京都 中央区 日本橋駅 徒歩4分,年収400万円～600万円,公開していません,U29JOB
株式会社ケーワン・エンタープライズ,ECサイト運営・商品管理 年間休日127日／福利厚生充実,東京都 新宿区,年収350万円～800万円,13日前,リクルートエージェント
コーンズグループ,事務職 トレーディング ライフスタイルグッズEC担当スタッフ,東京都 港区 芝公園駅 徒歩1分,年収450万円～500万円,13日前,コーンズグループ
株式会社シーヴァ,化粧品ECサイトの企画・運営～売上150%増の少数精鋭企業でキャリアを築けます～,東京都 目黒区 中目黒駅,年収338万円～450万円,22日前,doda
株式会社グループセブジャパン,ECサイトの運営・販促企画 ティファール グローバル企業でショップ店長,東京都 港区,年収550万円～,11日前,リクルートエージェント
株式会社リステア,EC事業部 営業／企画,東京都,公開していません,公開していません,NESTBOWL
株式会社クロス・コミュニケーション,CRMプランナー CRM戦略立案／EC事業支援サービス／D2Cブランドの立ち上げ支援,東京都 渋谷区 初台駅,年収500万円～700万円,17日前,doda
株式会社エムール,社内SE EC事業・社内基幹システムの開発・保守業務,東京都 立川市,年収420万円～720万円,27日前,リクルートエージェント
株式会社Cuon,プロジェクトマネージャー／ECサイト構築／フルスクラッチ開発,東京都 中央区 日本橋駅,年収350万円～600万円,公開していません,Geekly
株式会社Eストアー,インフラエンジニア／EC強化と人手不足を同時に解決 ～セキュリティ分野の経験者優遇～,東京都 港区 虎ノ門駅,年収500万円～700万円,24日前,doda
株式会社朝日新聞社,プロジェクトリーダー／「朝日新聞SHOP」をはじめとしたECサイト用基盤構築を推進／技術者の育成,東京都 中央区 築地市場駅,"年収700万円～1,100万円",公開していません,レバテックキャリア
株式会社レックスアドバイザーズ,ECサイト販売経験ある方!サイトの運用や受注処理など／在宅も,東京都 千代田区 東京駅 徒歩1分,"時給1,600円",2日前,エン派遣
ライフ広場,EC運営責任者 店長候補,東京都 品川区 北品川駅 徒歩3分,月給28万円～40万円,公開していません,楽天仕事紹介
株式会社ソフトクリエイト,EC開発エンジニア ~東証一部上場企業グループ会社,東京都,年収500万円～850万円,公開していません,Spring転職エージェント
株式会社テクセット,EC管理・運営担当／寝具を中心としたインテリア商材,東京都 港区,年収400万円～550万円,公開していません,リクルートエージェント
フォーク株式会社,EC運用,東京都 千代田区,年収500万円～800万円,公開していません,フォーピープル
株式会社ウェルカム,DEAN&DELUCAブランド営業部ECバックオフィス担当／DEAN & DELUCA 本社,東京都 目黒区 学芸大学駅 徒歩7分,"時給1,200円",10日前,株式会社ウェルカム
株式会社フーディソン,事務担当 ECサイト運営や納品対応等幅広く業務をお任せします,東京都 中央区,年収276万円～360万円,公開していません,リクルートエージェント
株式会社鹿浜製作所,未経験OK!自社商品ECサイト運営者のアシスタント／事務作業,東京都 足立区 西新井大師西駅 徒歩10分,月給27万円～32万円,14日前,リクナビNEXT
ウルカ株式会社,イベントグッズのECサイト運用年休120日以上 残業ほぼなし,東京都 新宿区 新宿駅 徒歩9分,月給25万円～30万円,21日前,マイナビ転職
株式会社MAISON SPECIAL,ECショップマネージャー,東京都,公開していません,7日前,クリーデンス
株式会社フロアスタンダード,ECマーケティング 年間休日 125日／月平均残業20時間／福利厚生充実,東京都 新宿区,年収350万円～700万円,公開していません,リクルートエージェント
株式会社Yakudo,ECサイト開発,東京都 品川区,月給70万円～90万円,1日前,modis
株式会社キュー,EC運用／V12,東京都 渋谷区,年収300万円～600万円,公開していません,フォーピープル
株式会社iro,ECサイト ネットショップ 運営事務,東京都 世田谷区 経堂駅 徒歩5分,月給21万円～40万円,28日前,楽天仕事紹介
株式会社ぐるなび,業務用食材・資材仕入れECサイトのMD・営業～食品業界出身者歓迎～,東京都 千代田区 日比谷駅,年収400万円～645万円,16日前,doda
ANYCOLOR株式会社,IPマーケティング部 ECサイト運営プロジェクトマネージャー,東京都 港区 六本木駅 徒歩1分,年収320万円～588万円,7日前,CREATIVE JOB
