株式会社ハイウェル,フリーランス／PHP・Laravel／観光系Sassサービスのバックエンド開発,東京都 中央区,月給65万円～80万円,12日前,株式会社ハイウェル
ドリームビジョン株式会社,リモート:Vueエンジニア募集,"東京都 千代田区 東京駅                                                                                                                                                                    




東京駅の求人
をすべて見る


ドリームビジョン株式会社の求人
をすべて見る",月給50万円～55万円,4日前,modis
株式会社identity,フリーランス／Vue.js／TypeScript／リモート可能,"東京都 品川区 目黒駅                                                                                                                                                                    




目黒駅の求人
をすべて見る",月給70万円～80万円,6日前,modis
株式会社HIKKY,フロントエンドエンジニア バーチャルマーケットに参画／リモート、フレックスOK,東京都 渋谷区 恵比寿駅,年収250万円～700万円,公開していません,レバテックキャリア
株式会社マイクロウェーブ,フロントエンドエンジニア モダンな環境での開発／プライム案件多数,"東京都 渋谷区 渋谷駅                                                                                                                                                                    




株式会社マイクロウェーブの求人
をすべて見る",年収450万円～700万円,6日前,レバテックキャリア
株式会社TimeTechnologies,サーバーサイドエンジニア 新規事業開発・マーケティングオートメーションツール保守運用開発のいずれかを...,東京都 千代田区 淡路町駅,"年収500万円～1,000万円",16日前,レバテックキャリア
株式会社ACWEB,制作会社におけるマークアップエンジニア案件,東京都 新宿区 新宿駅,月給～65万円,公開していません,modis
株式会社エクストリーム,Webディレクター／Webデザイナー グロース市場上場／PCやスマホなど各デバイスに合わせたデザイン,東京都 豊島区 池袋駅,年収300万円～700万円,6日前,レバテックキャリア
株式会社ウエディングパーク,デザイナー,東京都 港区,年収408万円～708万円,10時間前,ワークポート
Fabeee株式会社,フロントエンドエンジニア Engineering事業／会社のコアメンバーとして活躍できます,東京都 千代田区 市ケ谷駅,年収300万円～600万円,公開していません,レバテックキャリア
株式会社SAKURUG,フリーランス コーダー／Webやゲームなど様々なジャンルの案件有,東京都,固定報酬30万円～70万円,公開していません,かんたん応募
株式会社サービシンク,スーパーフレックス 大手不動産会社の受託制作案件を手掛けるマークアップエンジニア,東京都 新宿区 新宿御苑前駅 徒歩3分,年収400万円～450万円,1日前,マイナビ転職エージェントサーチ
株式会社揚羽,マークアップエンジニア,東京都 中央区 八丁堀駅 徒歩5分,年収400万円～500万円,1日前,マイナビ転職エージェントサーチ
株式会社アドベンチャー,フロントエンドエンジニア,東京都 渋谷区,年収504万円～600万円,9時間前,ワークポート
株式会社flyhawk,ECサイトフロントエンドエンジニア,東京都 品川区 大崎駅,月給～80万円,12日前,フライテック
ペットゴー株式会社,ペットのD2C&サブスクECサイトのWEBフロントエンジニア,東京都 中野区 中野坂上駅 徒歩1分,"月給22万6,900円～50万円",4日前,マイナビ転職
株式会社WARC,フロントエンドエンジニア フロントエンド領域のリーダー／企画立案～運用,東京都 品川区 目黒駅,"年収550万円～1,000万円",16日前,レバテックキャリア
株式会社Polaris plus,toC向けのエンタメ系サービスのフロントエンジニア,東京都 千代田区 九段下駅,月給45万円～50万円,公開していません,modis
株式会社ラストワンマイル,Webデザイナー／コーダー 自社商品サービスの紹介サイトなどのWebページ制作,東京都 豊島区 東池袋駅,"年収600万円～1,000万円",6日前,レバテックキャリア
虎の穴ラボ株式会社,Webデザイナー HTMLコーダー／Webデザイナー・コーダー WordPress構築サイトの開発,東京都 千代田区 末広町駅,年収400万円～700万円,公開していません,レバテックキャリア
株式会社レバテック,フロントエンド／某テレビ局Webサイト制作,東京都,"時給～2,630円",公開していません,レバテックフリーランス
株式会社フューチュレック,コーダー・マークアップエンジニア 大規模サイト構築案件が多数／アワードへのチャレンジ可能,東京都 港区 表参道駅,年収400万円～600万円,公開していません,レバテックキャリア
株式会社インターナショナルスポーツマーケティング,Webデザイナー ページ制作やWebサイトデザイン、コーディング業務／リニューアルにも参画可能,東京都 港区 新橋駅,年収400万円～650万円,公開していません,レバテックキャリア
パーソルテクノロジースタッフ株式会社,自社サービスサイトのコーディング,東京都 新宿区 西新宿駅 徒歩5分,"時給2,300円",7日前,パーソル テクノロジースタッフ
デザミス株式会社,フロントエンドエンジニア 自社サービス「U-motion」の開発／自由度高め,東京都 港区 田町駅,年収350万円～700万円,6日前,レバテックキャリア
株式会社LIFULL senior,UI／UXデザイナー／年休120日以上／フレックスタイム制,東京都 千代田区 半蔵門駅 徒歩5分,年収450万円,25日前,マイナビ転職エージェントサーチ
株式会社スタッフサービス,綺麗なオフィス webデザイン・コーディング業務,東京都 渋谷区 渋谷駅 徒歩2分,"時給2,000円～",公開していません,エンジニアガイド
株式会社キャリアデザインセンター,フロントエンドエンジニア／占いサイト,東京都 渋谷区 渋谷駅 徒歩5分,"時給2,500円",公開していません,type IT派遣
株式会社イデア・レコード,フロントエンドエンジニア 最新技術に触れられるチャンス,東京都 新宿区 西武新宿駅,年収350万円～700万円,6日前,レバテックキャリア
株式会社リーディングマーク,フロントエンドエンジニア 世界の人々の自己実現支援に挑むHR Tech カンパニー サービス,東京都 港区,年収400万円～800万円,5日前,エージェントパーク
株式会社Time Technologies,サーバーサイドエンジニア／SaaSをつなぐプラットフォーム／急成長スタートアップ,東京都 千代田区 神田駅,"年収500万円～1,000万円",公開していません,Geekly
株式会社Hajimari,ITプロパートナーズ／エンジニア,東京都 渋谷区 渋谷駅 徒歩5分,年収400万円～700万円,5日前,CREATIVE JOB
株式会社ゆめみ,フロントエンドエンジニア リードエンジニアとして活躍のチャンス,東京都 世田谷区 三軒茶屋駅,年収450万円～800万円,6日前,レバテックキャリア
株式会社MUGENUP,フロントエンドエンジニア SaaS「Save Point 」,東京都 千代田区 飯田橋駅,年収400万円～600万円,6日前,レバテックキャリア
株式会社ヴィジョナリー,フロントエンドエンジニア／株式会社f4samurai,東京都 千代田区 秋葉原駅 徒歩3分,"時給3,000円～4,000円",13日前,VISIONARY派遣
SBIマネープラザ株式会社,注目のMAツール、Marketoの技能習得も可!50～80万円!大手ネット証券グループ,東京都 港区 六本木一丁目駅,月給50万円～80万円,5日前,CREATIVE JOB
株式会社UPMILLS,〜80万／バックエンドエンジニア／Python／一部リモートOK,東京都 港区 六本木駅,月給～80万円,12日前,modis
Modis株式会社,Web運用／4月開始のお仕事,東京都 品川区,"時給2,000円",2日前,modis
Rotoworks株式会社,React／Typescript／自社サービスSaasのフロントエンドエンジニア,東京都 新宿区,月給60万円～75万円,10日前,Rotoworks株式会社
株式会社Jストリーム,フロントエンドエンジニア 得意分野で能力を発揮!プロダクトを横断化し柔軟に対応,東京都 港区 芝公園駅,年収400万円,6日前,レバテックキャリア
株式会社キュービック,UI・UXデザイナー／UI／UXデザイナー 自社メディアのデザイン全般,東京都 新宿区 西新宿駅,年収400万円～600万円,公開していません,レバテックキャリア
株式会社あとらす二十一,2400円～!完全在宅!クルマ情報サイトのコーダー 10時～,東京都 港区 赤坂見附駅 徒歩5分,"時給2,400円～2,600円",公開していません,エン派遣
株式会社エンジニアシップ,フロントエンドエンジニア toC向けサービス開発,東京都 港区,月給70万円～75万円,1日前,modis
株式会社ビットエー,Webディレクター 同社の中核を担うデジタルマーケティング事業部配属!キャリア多彩,東京都 品川区 五反田駅,年収490万円～800万円,6日前,レバテックキャリア
株式会社インフォネット,6／25マザーズ上場／急成長を体感できるタイミング,東京都 千代田区 大手町駅,年収400万円～550万円,公開していません,マイナビAGENT
株式会社タイムチケット,UIUXシニアデザイナー,東京都 港区,年収500万円～600万円,10時間前,ワークポート
株式会社アトラス,Webデザイナー・UI／UXデザイナー 自社サービス,東京都 港区 乃木坂駅 徒歩2分,年収400万円～700万円,9日前,Green
株式会社リンクアンドモチベーション,インフラエンジニア／組織改善クラウド「モチベーションクラウド」／アプリケーションやミドルウェアの運用,東京都 中央区 銀座駅,"年収500万円～1,200万円",6日前,レバテックキャリア
セーフィー株式会社,フロントエンド マークアップエンジニア,東京都 品川区 五反田駅 徒歩4分,年収500万円～800万円,7日前,マイナビ転職エージェントサーチ
株式会社クラベス,リードエンジニア,東京都 墨田区 両国駅 徒歩5分,年収600万円～800万円,公開していません,paiza転職
株式会社Roseau Pensant,Webディレクター 幅広い領域で活躍できる／自社サービスあり,東京都 港区 乃木坂駅,年収400万円～550万円,6日前,レバテックキャリア
ライフイズテック株式会社,テックリード／Rails経験歓迎／最新技術環境,東京都 港区 白金高輪駅,"年収500万円～1,000万円",公開していません,Geekly
株式会社運動通信社,フロントエンドエンジニア／フロントエンド インターネットメディア・SPORTS BULLの新機能設計,東京都 港区 新橋駅,年収360万円～600万円,6日前,レバテックキャリア
株式会社リブセンス,フロントエンドエンジニア 自社メディアの設計、開発、運用、改善、新機能開発,東京都 港区 竹芝駅,年収400万円～900万円,6日前,レバテックキャリア
エキサイト株式会社,フロントエンドエンジニア 経営診断SaaS「KUROTEN.」の開発・企画に対する要件定義・UI,東京都 港区 白金高輪駅,公開していません,公開していません,レバテックキャリア
株式会社GENOVA,フロントエンドエンジニア,東京都 渋谷区 渋谷駅,年収600万円～700万円,公開していません,U29JOB
株式会社フォーク,フロントエンドエンジニア キャンペーンサイトやプロモーションサイトを担当,東京都 渋谷区 渋谷駅,年収340万円～520万円,6日前,レバテックキャリア
株式会社ウィジー,サーバーサイドエンジニア,東京都 中央区 馬喰横山駅,年収430万円～600万円,25日前,paiza転職
フェニックス7株式会社,ゲームプログラマー,東京都 品川区,年収320万円～800万円,公開していません,マイナビクリエイター
BEENOS株式会社,Webデザイナー／当社グループの「新規事業」や「海外向けECサイト」のWebデザイン,東京都 港区 品川駅,年収450万円～650万円,15日前,doda
株式会社フォーデジット,フロントエンドエンジニア フロントエンド設計・構築／ツールを活用した開発,東京都 港区 青山一丁目駅,公開していません,15日前,レバテックキャリア
株式会社DYMキャリア,大手企業のWebサイト・Webアプリの制作・開発,東京都 豊島区,月給50万円～75万円,22日前,modis
EveLive,webデザイナーおよびHTMLコーダー、web開発エンジニア、webディレクター募集,東京都,月給30万円～,公開していません,かんたん応募
株式会社クラス,バックエンドエンジニア 家具・家電のサブスク「CLAS」のバックエンドエンジニア,東京都 渋谷区 神泉駅,"年収500万円～1,200万円",22日前,エンジニアHubキャリア
SBクリエイティブ株式会社,自社B to B Webメディアのシステム開発担当,東京都,年収500万円～650万円,公開していません,Spring転職エージェント
株式会社リクルートスタッフィング,WEBデザイナー・コーダー・マークアップ,東京都 港区 品川駅 徒歩6分,"時給2,300円～",13日前,リクルートスタッフィング
株式会社CyberOwl,フロントエンドエンジニア サイバーエージェントグループで自社開発,東京都 渋谷区,年収408万円～750万円,2日前,リクルートエージェント
株式会社クリーク・アンド・リバー社,大手IT企業 楽天グループ会社で活躍するコーダーのお仕事,東京都 新宿区 四ツ谷駅 徒歩3分,"時給1,600円～1,900円",2日前,CREATIVE JOB
パーソルプロセス&テクノロジー株式会社,フロントエンドエンジニア フロントエンド業務全般／当グループや大手クライアントのクリエイティブ制作,東京都 港区 赤坂見附駅,年収400万円,16日前,レバテックキャリア
ユーザーライク株式会社,Webデザイナー ITスタートアップ企業,東京都,年収450万円～600万円,公開していません,エン エージェント
株式会社アイデンティティー,リードエンジニア,東京都 渋谷区 渋谷駅 徒歩7分,年収500万円～800万円,公開していません,paiza転職
株式会社GRAND DESIGN,サーバーサイドエンジニア／バックエンドエンジニア リーダー／不動産事業のDXを推進／リモートOK,東京都 渋谷区 原宿駅,年収400万円～750万円,19日前,レバテックキャリア
株式会社ZOZO,フロントエンドエンジニア PC・スマホ向けサイトのフロントエンド開発,東京都 港区 表参道駅,年収333万円～,6日前,レバテックキャリア
株式会社パソナテック,フロントエンドエンジニア,東京都 千代田区 東京駅,年収400万円～800万円,19日前,doda
Guidable株式会社,外国人向けサービスを劇的に成長させたいWebエンジニア,東京都 千代田区 溜池山王駅,公開していません,公開していません,Guidable株式会社
株式会社トレジャー・ファクトリー,フロントエンドエンジニア,東京都 千代田区 秋葉原駅 徒歩3分,年収330万円～500万円,19日前,U29JOB
株式会社RoseauPensant,フロントエンジニア／RoseauPensant／フロントエンドエンジニア,東京都,年収400万円～550万円,公開していません,フォーピープル
株式会社システムソフト,UI／UXデザイナー,東京都 千代田区,公開していません,5日前,マイナビAGENT
デロイト トーマツ コンサルティング合同会社,フロントエンドエンジニア,東京都 千代田区,公開していません,公開していません,ELITE Network.
株式会社カオナビ,フロントエンドエンジニア マークアップエンジニア／フロントエンドエンジニア,東京都 港区 虎ノ門駅,"年収450万円～1,000万円",6日前,レバテックキャリア
株式会社スペースマーケット,モバイルアプリエンジニア,東京都 渋谷区 明治神宮前駅 徒歩6分,年収400万円～800万円,公開していません,U29JOB
株式会社イメージソース,フロントエンドエンジニア／渋谷 デジタル空間×リアルを設計／D2Cグループ,東京都 渋谷区,年収350万円～650万円,6日前,リクルートエージェント
TOWN株式会社,エンジニアリーダー,東京都 中央区,年収500万円～700万円,7時間前,ワークポート
フォーシーズンズ株式会社,フロントエンジニア,東京都 中央区 人形町駅 徒歩2分,年収～700万円,1日前,Green
株式会社Viibar,ソフトウェアエンジニア,東京都 渋谷区 渋谷駅 徒歩7分,年収700万円～900万円,公開していません,U29JOB
セリオ株式会社,クラウドアプリケーションエンジニア,東京都 中央区 八丁堀駅 徒歩4分,年収400万円～600万円,公開していません,U29JOB
サイボウズ株式会社,フロントエンドエンジニア 「kintone」のアーキテクチャ刷新プロジェクト／フルリモート勤務可能,東京都 中央区 日本橋駅,公開していません,6日前,レバテックキャリア
弁護士ドットコム株式会社,フロントエンドエンジニア Web完結型電子契約サービス「クラウドサイン」のに関わるさまざまな開発,東京都 港区 六本木駅,年収402万円～904万円,6日前,レバテックキャリア
株式会社フェイス,Webコーディング兼WEBデザイナー／プライム市場上場企業,東京都,年収216万円～300万円,公開していません,Spring転職エージェント
株式会社デジタルプラス,WEBエンジニア,東京都 渋谷区 代々木八幡駅 徒歩4分,年収400万円～800万円,6日前,U29JOB
株式会社PKSHA Communication,Webアプリエンジニア 国内シェアNo.1FAQツール／自社開発／残業ほぼ無し,東京都 渋谷区,年収400万円～700万円,2日前,リクルートエージェント
ピーシーフェーズ株式会社,マークアップエンジニア,東京都 渋谷区 渋谷駅 徒歩12分,年収350万円～600万円,公開していません,paiza転職
キラメックス株式会社,UI／UXデザイナー,東京都 渋谷区,年収400万円～800万円,公開していません,Education Career
株式会社SIVA,フロントエンドエンジニア,東京都 中央区 新富町駅 徒歩7分,年収400万円～600万円,公開していません,U29JOB
株式会社マイベスト,"月間3,000万UU!「mybest」のサーバーサイドエンジニア",東京都 中央区,月給48万円～,1日前,エンジニアHubキャリア
スパイスファクトリー株式会社,ブリッジSE／ブリッジエンジニア フィリピンなどオフショア拠点と連携した開発／打合せは日本語,東京都 台東区 浅草橋駅,年収500万円～800万円,29日前,レバテックキャリア
株式会社エニグモ,フロントエンドエンジニア,東京都 港区 青山一丁目駅 徒歩3分,"年収350万円～1,000万円",4日前,CREATIVE JOB
株式会社ヘルスベイシス,自社SaaS製品 フロントエンドエンジニア 成長率300%／ベストベンチャー100選出,東京都 渋谷区,"年収600万円～1,500万円",5日前,リクルートエージェント
アルサーガパートナーズ株式会社,フロントエンドエンジニア,東京都 渋谷区,年収450万円～600万円,59分前,ワークポート
株式会社アールワークス,システム営業,東京都 千代田区 飯田橋駅 徒歩3分,年収300万円～420万円,公開していません,U29JOB
株式会社SmartHR,サーバーサイドエンジニア／Webアプリケーションエンジニア クラウド労務管理ソフト「SmartHR」...,東京都 港区 六本木一丁目駅,年収510万円～,6日前,レバテックキャリア
株式会社ON,クリエイティブ企業にてWEB制作スタッフ募集,東京都 渋谷区 原宿駅 徒歩10分,年収276万円～540万円,17日前,リクナビNEXT
株式会社ビデックス,WEBエンジニア／第二新卒歓迎 エンタメに興味ある方へ／動画コミックス配信,東京都 渋谷区,年収300万円～450万円,公開していません,リクルートエージェント
株式会社じげん,サーバーサイドエンジニア／バックエンドエンジニア 各種サービス改善における開発実装／新規施策の実装,東京都 港区 神谷町駅,年収400万円～700万円,公開していません,レバテックキャリア
株式会社Prazto,Rails／Herokuエンジニア Salesforceと外部サービスの連携／フルリモート,東京都 渋谷区,年収500万円～650万円,10日前,リクルートエージェント
株式会社インデックスジャパン,IT／エンジニア,東京都 練馬区 大泉学園駅,"時給1,500円",公開していません,ジモティー
株式会社クーリエ,テックリードエンジニア,東京都 渋谷区 恵比寿駅 徒歩13分,年収500万円～800万円,公開していません,U29JOB
アデコ株式会社,在宅可!WEBデザイン編集コーディング業務,東京都 中央区 馬喰横山駅 徒歩4分,"時給1,500円～",9日前,Adecco 派遣
GMOフィナンシャルホールディングス株式会社,フロントエンド担当,東京都,"年収400万円～1,500万円",公開していません,Spring転職エージェント
株式会社グローバルウェイ,フロントエンドエンジニア,東京都 渋谷区,年収400万円～500万円,28日前,キャリコネ転職
株式会社キャリアインデックス,Webデザイナー／自社サービス担当,東京都 港区 白金台駅,年収380万円～540万円,公開していません,Geekly
株式会社日テレWands,フロントエンドエンジニア 日テレグループ,東京都 港区,年収400万円～600万円,6日前,リクルートエージェント
楽天グループ株式会社,フロントエンドエンジニア フロントエンドアーキテクチャ設計・改善／Webテクノロジーを調査、開発,東京都 世田谷区 二子玉川駅,公開していません,公開していません,レバテックキャリア
株式会社MyRefer,フロントエンドエンジニア,東京都 中央区 茅場町駅 徒歩5分                                                                                                                                                                その他 (2),年収400万円～600万円,公開していません,U29JOB
株式会社wonderX,WEBデザイナー 2017年に設立の商品・サービスのトータルPRプロモーション集団,東京都 港区,年収400万円～600万円,5日前,エージェントパーク
株式会社JCG,バックエンドエンジニア／eスポーツ・ゲーム大会システム自社100%運用開発,東京都 江東区 豊洲駅 徒歩6分,年収400万円～800万円,公開していません,Green
CROOZ SHOPLIST株式会社,フロントエンドエンジニア,東京都 品川区 大崎駅 徒歩7分,月給21万円～,2日前,U29JOB
株式会社エムティーアイ,デザイン部のコーディングチームリーダー,東京都,年収480万円～660万円,5日前,Spring転職エージェント
株式会社ess,マークアップエンジニア、Webデザイナー、UIエンジニア,東京都 港区,月給35万円～40万円,公開していません,株式会社ess
株式会社Cygames,フロントエンドエンジニア 東京,東京都 渋谷区 渋谷駅,"年収400万円～1,000万円",6日前,Green
株式会社よりそう,エンディング業界のベンチャー企業にて「Webデザイナー兼コーダー」のお仕事,東京都 品川区 五反田駅 徒歩5分,月給30万円～40万円,2日前,CREATIVE JOB
株式会社インフォディオ,フロントエンドエンジニア,東京都 文京区 本郷三丁目駅,年収380万円～600万円,公開していません,Geekly
株式会社マサムネ,フロントエンドエンジニア 人気ゲーム・アニメ公式サイト／大手顧客と直取引,東京都 渋谷区,年収350万円～,公開していません,リクルートエージェント
ヘイ株式会社,新規事業／SRE,東京都 渋谷区,年収450万円～800万円,公開していません,マイナビAGENT
株式会社ビズリーチ,フロントエンドエンジニア／リクルーティングプロダクト本部,東京都 渋谷区 渋谷駅 徒歩4分,"年収600万円～1,200万円",25日前,paiza転職
楽天モバイル株式会社,フロントエンドエンジニア 1005164,東京都 世田谷区,年収500万円～900万円,公開していません,リクルートエージェント
株式会社インテグリティ・ヘルスケア,ソフトウェア・エンジニア フルリモート,東京都 中央区 水天宮前駅 徒歩3分,年収400万円～550万円,9時間前,Green
株式会社創新ラボ,UI・UXデザイナー,東京都 新宿区 四ツ谷駅,年収420万円～700万円,公開していません,Geekly
株式会社CaSy,リードエンジニア,東京都 品川区 目黒駅,年収650万円～744万円,公開していません,Geekly
株式会社ラクス,UIUXデザイナー／WEBデザイナー,東京都,年収470万円～630万円,公開していません,Spring転職エージェント
株式会社COLSIS,フロントエンドエンジニア:リーダー候補 常駐無し、完全社内開発／リモート可,東京都 千代田区,年収500万円～800万円,公開していません,リクルートエージェント
スタジオアンビルト株式会社,バックエンドエンジニア,東京都 千代田区 東京駅 徒歩3分,"月給29万1,667円～50万円",公開していません,マイナビ転職
株式会社ルーシッドテック,Webサービス系エンジニア・プログラマ,東京都 港区,年収300万円～500万円,3時間前,株式会社ルーシッドテック
株式会社データX,開発リーダー／SIer出身の方歓迎／副業可,東京都 新宿区 新宿駅,"年収420万円～1,140万円",公開していません,Geekly
ファストドクター株式会社,リードエンジニア／開発責任者候補,東京都 港区 三田駅 徒歩3分,"年収800万円～1,200万円",4日前,CREATIVE JOB
株式会社キュー,コーダー,東京都 渋谷区 代々木駅 徒歩5分,年収400万円～600万円,公開していません,U29JOB
株式会社ルーチェ,フロントエンドエンジニア,東京都 渋谷区,年収450万円～,25日前,かんたん応募
株式会社LogicLinks,Webデザイナー,東京都 渋谷区 渋谷駅 徒歩11分,年収400万円,公開していません,IMAGICA DIGITALSCAPE
iYell株式会社,インフラエンジニア,東京都 渋谷区 渋谷駅 徒歩5分,年収450万円～,6日前,CREATIVE JOB
アシアル株式会社,Webディレクター,東京都 文京区 本郷三丁目駅 徒歩4分,年収350万円,19日前,IMAGICA DIGITALSCAPE
ウェブスタッフ株式会社,フル在宅 大手 クルマの総合情報サイトでフロントエンド開発,東京都 港区 赤坂見附駅 徒歩1分,"時給1,900円～2,200円",6日前,エン派遣
株式会社CCG WORKING HEADS,マークアップエンジニア／私服OK／成長機会が多く自由闊達な社風／WEB面接可,東京都 品川区,年収351万円～500万円,公開していません,リクルートエージェント
株式会社Japan technology,WEBデザイナー,東京都 千代田区 東京駅,"月給～40万5,000円",公開していません,株式会社Japan technology
ニューラルポケット株式会社,フロントエンドエンジニア,東京都 千代田区 日比谷駅,"年収400万円～1,200万円",公開していません,Green
エイセル株式会社,電子契約システム改善Pj,東京都 港区 六本木駅,月給46万円～58万円,11日前,エイセル株式会社
PicoCELA株式会社,自社開発クラウド管理ツールPicoManagerの開発,東京都 中央区,年収500万円～800万円,公開していません,リクルートエージェント
株式会社リアリゼイション,リードエンジニア,東京都 渋谷区,年収600万円～800万円,16日前,doda
株式会社スマートドライブ,フロントエンドエンジニア データの力で移動効率を進化／残業~20h,東京都 千代田区,年収500万円～850万円,公開していません,リクルートエージェント
ソルフレア株式会社,フロントエンドエンジニア エンジニア専用オフィスあり toC向けサービス 神保町勤務,東京都 千代田区 神保町駅 徒歩1分,年収350万円～600万円,公開していません,マイナビAGENT
株式会社レグルカセ,フロントエンドエンジニア／東京都内案件,東京都 千代田区,公開していません,27日前,マイナビAGENT
株式会社おいしい健康,WEBエンジニア 自社製品の企画から実装、効果測定まで一気通貫／ヘルステック,東京都 中央区,"年収450万円～1,000万円",公開していません,リクルートエージェント
株式会社カスタムライフ,WEBライター 企画・構成・取材・編集全てにこだわり抜いた記事を一緒に作りませんか,東京都 千代田区,月給24万円～,20日前,エンジニアHubキャリア
株式会社ワンゴジュウゴ,フロントエンド,東京都 千代田区,公開していません,公開していません,マイナビAGENT
株式会社コドモン,UI／UXデザイナー／プロダクトデザイン,東京都 港区 三田駅,年収400万円～600万円,公開していません,Geekly
ブランデックス株式会社,フロントエンドエンジニア,東京都 千代田区,公開していません,24日前,マイナビAGENT
株式会社ディジティ・ミニミ,プログラマ・エンジニア,東京都 渋谷区 渋谷駅 徒歩15分,"年収300万円～1,000万円",19日前,Green
株式会社GA technologies,フロントエンドエンジニア／Vue／React,東京都 港区 六本木駅,年収400万円～700万円,公開していません,Geekly
株式会社日帰り手術ドットコム,WEBコーダー,東京都 渋谷区 渋谷駅,年収420万円～580万円,公開していません,Geekly
株式会社ショーケース,UI／UXデザイナー／リモート可／副業OK,東京都 港区 六本木一丁目駅,年収400万円～600万円,公開していません,Geekly
株式会社TAPP,全国 フロントエンドエンジニア 自社サイトの開発業務／IPO準備中,東京都 港区,"年収520万円～1,000万円",公開していません,リクルートエージェント
株式会社ワンパク,フロントエンドエンジニア,東京都 渋谷区 参宮橋駅 徒歩5分,年収350万円～650万円,公開していません,paiza転職
アソビュー株式会社,UI／UXデザイナー,東京都 渋谷区,年収～700万円,4日前,パソナキャリア
株式会社マーズフラッグ,プログラマ／フロントエンドエンジニア,東京都 中央区,"年収500万円～1,000万円",27日前,マイナビAGENT
株式会社Loco Partners,Webデザイナー ～宿泊予約サービス「Relux」のUI／UXリニューアル実現へ～,東京都 港区,年収400万円～600万円,8日前,doda
株式会社カスタメディア,フロントエンドエンジニア,東京都 新宿区 大久保駅 徒歩4分,月給35万円～60万円,5日前,U29JOB
サーバーフリー株式会社,フルフレックス&フルリモート!時短OKなWebプログラマ,東京都 品川区 目黒駅 徒歩5分,"時給2,700円～3,500円",公開していません,かんたん応募
株式会社ジオコード,Webデザイナー 自社開発プロダクトを担当／昨年上場した成長企業,東京都 新宿区,年収400万円～600万円,公開していません,リクルートエージェント
株式会社TYL,Webエンジニア／ペット関連の自社サービス,東京都 港区 芝公園駅,年収400万円～700万円,公開していません,Geekly
LINE株式会社,フロントエンドエンジニア／AIカンパニー,東京都 新宿区,公開していません,公開していません,LINE株式会社
株式会社デコルテ,HTML／CSS マークアップエンジニア,東京都 港区 浜松町駅 徒歩2分,年収360万円～540万円,2日前,Green
デジタルサーカス株式会社,フロントエンジニア,東京都 港区,年収300万円～800万円,公開していません,キャリコネ転職
note株式会社,データエンジニア／MAU6500万の巨大サービス,東京都 港区 外苑前駅,年収550万円～900万円,公開していません,Geekly
株式会社セレス,Webデザイナー ～プライム市場上場／自社メディア 担当～,東京都 世田谷区,公開していません,12日前,マイナビAGENT
株式会社アップドラフト,コーダー／有給消化100%／定時退社OK／賞与2回,東京都 豊島区 池袋駅 徒歩3分,月給28万円～,15日前,doda
株式会社LYZON,Webデザイナー 大規模サイトのWebデザインやコーディングなど,東京都 千代田区 御茶ノ水駅,年収400万円～600万円,6日前,レバテックキャリア
株式会社LHL,フロントエンジニア,東京都 新宿区 新宿駅,年収340万円～520万円,公開していません,Geekly
株式会社ディーカレットDCP,Site Reliability Engineer,東京都 千代田区,"年収600万円～1,200万円",12日前,doda
株式会社PLAN-B,デザイナー,東京都 品川区 五反田駅 徒歩6分,月給30万円,公開していません,U29JOB
株式会社ライトカフェクリエイション,フロントエンドエンジニア 残業少 リーダー経験も積めてフルスタックエンジニアも目指せ,東京都 中央区,公開していません,27日前,マイナビAGENT
株式会社Lean on Me,フロントエンドエンジニア,東京都,年収600万円～900万円,公開していません,パソナキャリア
株式会社デパート,大手案件多数／フルリモート可能,東京都 品川区,公開していません,12日前,マイナビAGENT
RIZAPグループ株式会社,フロントエンドエンジニア／ボディメイク 事業他,東京都 新宿区 西新宿駅,年収400万円～800万円,12日前,doda
株式会社サイシード,フロントエンジニア／自社AIソリューション「sAIシリーズ」,東京都 新宿区 新宿駅,年収600万円～900万円,21日前,doda
株式会社マネーフォワード,PL／バックエンド,東京都 港区,"年収400万円～1,000万円",公開していません,マイナビAGENT
株式会社スカイウイル,UI・UXデザイナ／フロントエンドエンジニア,東京都,年収350万円～700万円,28日前,マイナビAGENT
イオンスマートテクノロジー株式会社,フロントエンド開発,東京都,年収660万円～960万円,公開していません,paiza転職
株式会社エヌ・ティ・ティ・データ・イントラマート,裁量大／NTTグループ／残業20h程度／在宅勤務可,東京都 港区 赤坂見附駅,年収500万円～750万円,17日前,doda
株式会社インゲージ,フロントエンドエンジニア,東京都 新宿区,年収400万円～800万円,5日前,doda
AMBL株式会社,テクニカルディレクター候補／技術を極めたいフロントエンドエンジニアの方歓迎,東京都 品川区 五反田駅,年収400万円～750万円,公開していません,Geekly
株式会社フライング・ハイ・ワークス,フロントエンドエンジニア募集!多種業種のサイト制作で経験が積める!／渋谷,東京都 渋谷区 渋谷駅 徒歩8分,月給24万円,24日前,Find Job!
Wematch,PG,東京都 港区 芝公園駅 徒歩5分,年収400万円～800万円,6日前,Wematch
株式会社ドライブトライブ,会員数950万人のアプリを進化させる、フロントエンドエンジニアを大募集!IT:CS005-04K0,東京都 新宿区,年収424万円～592万円,公開していません,株式会社ドライブトライブ
株式会社スタイル・エッジ,フロントエンドエンジニア／リーダー候補,東京都 新宿区 新宿駅,年収400万円～700万円,公開していません,Geekly
株式会社求人ジャーナル ジャーナルコネクト,フロントエンドエンジニア,東京都 港区,年収400万円～650万円,14日前,株式会社求人ジャーナル ジャーナルコネクト
株式会社イエソド,フロントエンドエンジニア UIデザイン、評価・改善、デザインシステム・UIフレームワークの構築など,東京都 千代田区 末広町駅,年収360万円～600万円,公開していません,レバテックキャリア
クーガー株式会社,次世代ユーザーインターフェースとしての人型AI開発に挑む、精鋭のJavaScriptエンジニア,東京都 渋谷区,公開していません,公開していません,マイナビAGENT
株式会社エバーグリーンクリエイター,Webデザイナー,東京都 新宿区 新宿御苑前駅 徒歩5分,月給35万円～50万円,8日前,株式会社エバーグリーンクリエイター
Pestalozzi Technology株式会社,サーバーサイドエンジニア／バックエンドエンジニア 教育×スポーツテック領域の自社開発アプリ,東京都 新宿区 西早稲田駅,年収400万円～750万円,公開していません,レバテックキャリア
株式会社MONSTER DIVE,フロントエンドエンジニア,東京都 港区 乃木坂駅 徒歩1分,月給25万円～50万円,7日前,CREATIVE JOB
株式会社ディーカレット,プロダクトオーナー,東京都 千代田区,公開していません,公開していません,マイナビAGENT
WealthPark株式会社,フロントエンドエンジニア,東京都 渋谷区 恵比寿駅 徒歩3分,年収500万円,6日前,IMAGICA DIGITALSCAPE
株式会社フェニシス,Webデザイナー 人気ゲーム・アニメ・おもちゃ等のサイト担当／在宅勤務可／年休125日以上,東京都 中央区,年収360万円～540万円,18日前,doda
株式会社primeNumber,プロダクトデザイナー リクルート他実績多数／自社DX推進SaaS展開スタートアップ,東京都 品川区 目黒駅,年収500万円～800万円,16日前,doda
スローガン株式会社,デザイナー／WEBデザイナー職,東京都 港区,公開していません,公開していません,マイナビAGENT
株式会社ソースポッド,開発／プロダクトリーダー,東京都 千代田区 市ケ谷駅 徒歩8分,年収650万円～800万円,6日前,Green
株式会社エブリー,シニアプロダクトデザイナー,東京都 港区 六本木一丁目駅,"年収600万円～1,000万円",23日前,doda
株式会社アジアンビジネスネットワーク,インフラエンジニア,東京都 豊島区 池袋駅,年収400万円～800万円,24日前,doda
株式会社セルシス,WEBアプリエンジニア クリエイター向けWEBサービスの開発,東京都 新宿区,年収400万円～700万円,6日前,doda
株式会社コアテック,100%自社内!バックエンドエンジニア 月間数千万PVのポータルサイト開発,東京都 世田谷区 池尻大橋駅 徒歩7分,月給37万円～50万円,4日前,en ミドルの転職
株式会社インターエデュ・ドットコム,システムエンジニア 在宅・リモートワーク／柔軟な勤務時間制度で働きやすさ,東京都 新宿区 新宿駅,年収450万円～700万円,17日前,doda
ARCHIPELAGO株式会社,フロントエンドエンジニア／フルリモートワーク可,東京都 新宿区,年収450万円～600万円,22日前,doda
りらいあデジタル株式会社,フロントエンドエンジニア AIチャットボットと未来を創る／自社製品,東京都,年収440万円～730万円,公開していません,Spring転職エージェント
コーディア株式会社,20代30代が活躍する職場です。直取引、在宅、みなし残業なしで快適に働けます,東京都 豊島区 大塚駅 徒歩5分,月給22万円～35万円,8日前,Find Job!
株式会社Theotry arte,映画やエンターテイメントに興味あり!変化を楽しめる、技術的向上心のある仲間を募集,東京都 渋谷区 初台駅 徒歩13分,月給25万円,18日前,Find Job!
株式会社BookLive,フロントエンドエンジニア／総合電子書籍ストア「ブックライブ」の成長を支える,東京都 港区 田町駅,年収400万円～600万円,22日前,doda
jinjer株式会社,フロントエンドエンジニア／サイト制作～バックオフィス業務自社サービス「jinjer」～,東京都 新宿区,年収400万円～800万円,16日前,doda
GROOVE X株式会社,webエンジニア,東京都 中央区 浜町駅 徒歩5分,年収500万円～,1日前,type
株式会社ビーワークス,WEBエンジニア フロントエンド／コーダー,東京都 港区 白金高輪駅 徒歩2分,年収350万円～600万円,9時間前,Green
株式会社Gizumo,リモート研修3カ月以上／未経験歓迎のWeb・アプリエンジニア,東京都 渋谷区 渋谷駅 徒歩2分,"月給21万1,633円～60万円",11日前,doda
株式会社日本経済新聞社,UI／UXデザイナー,東京都 千代田区 大手町駅,"年収600万円～1,000万円",17日前,doda
ココネ株式会社,フロントエンドエンジニア,東京都 世田谷区 若林駅 徒歩4分,"年収500万円～1,200万円",14日前,CREATIVE JOB
株式会社スマートショッピング,シニアマーケティングマネージャー,東京都 品川区 五反田駅 徒歩6分,"年収700万円～1,000万円",14日前,Green
株式会社データⅩ,開発エンジニア／オープンエントリー,東京都 新宿区 西新宿駅 徒歩5分,年収420万円～720万円,6日前,Green
株式会社CINC,バックエンドエンジニア ビッグデータを活用した自社分析ツール「Keywordmap」,東京都 港区 六本木駅,年収500万円～800万円,1日前,doda
株式会社バニッシュ・スタンダード,STAFF×TECHで小売業を変革させる。成長率200%超の自社サービスのバックエンドエンジニア,東京都 渋谷区 原宿駅 徒歩5分,"年収600万円～1,200万円",23時間前,エンジニアHubキャリア
レバレジーズ株式会社,開発組織,東京都,年収500万円～800万円,25日前,Spring転職エージェント
株式会社viviON,フロントエンドエンジニア HTML、CSS、JavaScriptのコーディング,東京都 千代田区 秋葉原駅,公開していません,16日前,レバテックキャリア
合同会社DMM.com,EC／EC&デジタルコンテンツ本部テックリード／エンジニア,東京都 港区 六本木一丁目駅,年収700万円～,1日前,doda
株式会社ヤマップ,フロントエンドエンジニア 東京,東京都 中央区 京橋駅 徒歩1分,年収450万円～700万円,1日前,Green
株式会社OS工芸社,Webデザイナー,東京都 千代田区 市ケ谷駅,年収350万円～500万円,25日前,doda
株式会社Lime,サーバーサイドエンジニア,東京都 渋谷区,月給20万円～,公開していません,株式会社Lime
株式会社ヤプリ,フロントエンドエンジニア,東京都 港区 六本木一丁目駅 徒歩8分,"年収500万円～1,200万円",20日前,Green
株式会社ツクルバ,フロントエンドエンジニア ～不動産プラットフォーム「カウカモ」～,東京都 目黒区,"年収750万円～1,100万円",18日前,doda
株式会社Showcase Gig,Webデザイナー 自社新規／既存Webサイトの開発・運用,東京都 港区 青山一丁目駅,年収450万円～800万円,6日前,レバテックキャリア
株式会社ミクシィ,「minimo」のサーバサイドエンジニア 渋谷スクランブルスクエア勤務,東京都 渋谷区 渋谷駅,年収434万円～840万円,19日前,doda
株式会社サイカ,BtoBマーケター,東京都 千代田区 神保町駅,年収550万円～800万円,21日前,doda
株式会社ブロッコリー,Webコーダー,東京都 練馬区 練馬駅,年収380万円～500万円,12日前,doda
サイトエンジン株式会社,開発エンジニア フルリモート,東京都 千代田区 神保町駅 徒歩7分,年収500万円～800万円,10日前,Green
株式会社きらぼし銀行,フロントエンドエンジニア,東京都 港区,"年収600万円～1,000万円",公開していません,paiza転職
アライドアーキテクツ株式会社,フロントエンドエンジニア,東京都 渋谷区 恵比寿駅,年収551万円～800万円,21日前,doda
株式会社リベロ,自社開発／サーバーサイドエンジニア,東京都 港区 虎ノ門ヒルズ駅,年収400万円～679万円,19日前,doda
la belle vie株式会社,Webデザイナー ～国内大手のフラッシュセールサイト運営企業／ファッションや雑貨に興味のある方歓迎～,東京都 港区 青山一丁目駅,年収450万円～700万円,22日前,doda
株式会社シンク,フロントエンドエンジニア,東京都 港区 虎ノ門ヒルズ駅 徒歩5分,年収400万円～650万円,公開していません,paiza転職
株式会社Fittio,フロントエンドエンジニア／サイト開発業務,東京都 千代田区,"時給2,600円～2,800円",公開していません,Fittio
株式会社Ruby開発,ソフトウェア設計・開発,東京都 中央区,公開していません,公開していません,べティ
株式会社ディー・エヌ・エー,Webフロントエンジニア～女性向けコミュニティサービス「ハレトケ」／リモートワーク可～,東京都 渋谷区 初台駅,"年収600万円～1,000万円",22日前,doda
株式会社ポケットチェンジ,フロントエンドエンジニア,東京都 港区 三田駅 徒歩2分,"年収600万円～1,000万円",2日前,Green
株式会社QUICK,Webデザイナー 日本経済新聞社グループ／テレワーク活用可,東京都 中央区 茅場町駅,年収400万円～600万円,1日前,doda
ソースネクスト株式会社,WEBデザイナー,東京都 港区 新橋駅,年収600万円～878万円,24日前,doda
株式会社ブロードリーフ,プロジェクト統括支援,東京都,年収500万円～800万円,7日前,Spring転職エージェント
エヌ・ティ・ティ・コムウェア株式会社,経営基幹となるデータマーケティング基盤のアジャイル開発メンバー,東京都 港区 赤坂見附駅,年収581万円～681万円,24日前,doda
株式会社アムタス,フロントエンジニア／CMでも話題の電子コミックサイト「めちゃコミック」,東京都 渋谷区 原宿駅,年収450万円～640万円,19日前,doda
株式会社プラゴ,バックエンドエンジニア,東京都 品川区 五反田駅 徒歩8分,年収400万円～800万円,公開していません,Green
アイディア株式会社,フロントエンドエンジニア 海事業界初のDXプラットフォーム／AIやIoTを活用,東京都 渋谷区 北参道駅,年収550万円～800万円,12日前,doda
株式会社パーソル総合研究所,フロントエンドエンジニア,東京都 港区 乃木坂駅 徒歩4分,年収460万円～750万円,1日前,Green
BRANU株式会社,サーバサイドエンジニア,東京都 港区 六本木駅,年収480万円～800万円,23日前,doda
日本情報クリエイト株式会社,システムエンジニア／プログラマー,東京都 新宿区 西新宿駅 徒歩3分,月給25万円～40万円,14日前,かんたん応募
株式会社LOWCAL,Webエンジニア,東京都 渋谷区 恵比寿駅 徒歩3分,月給27万円～,公開していません,U29JOB
株式会社ナチュラルプランツ,バックエンドエンジニア,東京都 中央区 小伝馬町駅,年収500万円～800万円,17日前,doda
株式会社アスリート,"アプリケーションエンジニア,システムエンジニア,プログラマ",東京都 品川区,公開していません,7日前,株式会社アスリート
株式会社カカクコム,「食べログ」のWebデザイナー ～月間利用者数1億人越えのグルメサービス／プライム上場～,東京都 渋谷区 渋谷駅,年収473万円～800万円,21日前,doda
株式会社セゾン情報システムズ,自社製品開発におけるUI・UX領域をご担当／リモートワーク可,東京都 千代田区 溜池山王駅,年収530万円～750万円,16日前,doda
株式会社イオレ,webデザイナー,東京都 港区 高輪台駅 徒歩5分,月給27万円～36万円,18日前,株式会社イオレ
株式会社16bit.,フロントエンドエンジニア,東京都 新宿区 新宿三丁目駅 徒歩8分,年収400万円～600万円,26日前,Green
株式会社マイナビワークス,在宅メイン・人気のテレビ局 TV番組公式サイトの制作・運用,東京都 港区 六本木一丁目駅 徒歩1分,"時給1,950円",8日前,マイナビスタッフ 派遣
パレットクラウド株式会社,フロントエンドエンジニア,東京都 渋谷区 恵比寿駅 徒歩3分,年収500万円～800万円,公開していません,paiza転職
メドピア株式会社,デザイナー,東京都 千代田区,年収400万円～700万円,公開していません,TalentHub
株式会社SORICH,HTMLコーダー・マークアップエンジニア・フロントエンド,東京都 中央区,月給25万円～33万円,6日前,Find Job!
テックタッチ株式会社,導入数46万超え自社プロダクト「Techtouch」／リモート可／フレックス,東京都 千代田区,年収550万円～840万円,17日前,doda
株式会社AdOps,エンジニア職,東京都 渋谷区 笹塚駅 徒歩3分,年収500万円～700万円,公開していません,Green
株式会社レリッシャブル,少数精鋭の環境で“確かな技術”を身に着けませんか,東京都 渋谷区 北参道駅 徒歩5分,月給23万円～30万円,22日前,Find Job!
株式会社WEBマーケティング総合研究所,WEB系企業のシステムエンジニア,東京都 新宿区 新宿駅 徒歩8分,年収336万円～600万円,2日前,Green
株式会社オロ,フロントエンドエンジニア,東京都 目黒区,年収456万円～880万円,公開していません,パソナキャリア
Chatwork株式会社,マークアップエンジニア,東京都 港区,年収600万円～800万円,公開していません,パソナキャリア
株式会社ストラーツ,CTO候補 フルリモート,東京都 港区 表参道駅 徒歩5分,"年収800万円～1,500万円",14日前,Green
anga. inc.,フロントエンドエンジニア、HTMLコーダー募集,東京都 品川区 目黒駅 徒歩6分,年収350万円～,9時間前,anga. inc.
株式会社UNIWORX,フロントエンドエンジニア,東京都 千代田区 半蔵門駅 徒歩4分,年収600万円～700万円,公開していません,U29JOB
株式会社リアクトウォール,開発エンジニア 案件単価還元率:70～80%! 全体の8割がリモート,東京都 新宿区 西新宿駅 徒歩1分,月給27万円～,29日前,女の転職type
株式会社ミツカリ,Webアプリケーションエンジニア バックエンド、フロントエンド,東京都 渋谷区 恵比寿駅,年収400万円～900万円,7日前,Green
トラベルブック株式会社,フロントエンドエンジニア,東京都 中央区 人形町駅 徒歩3分,月給25万円～50万円,公開していません,トラベルブック株式会社
株式会社フォーイット,デザイナー／創立以来右肩上がり,東京都 渋谷区,年収400万円～600万円,7日前,Fittio
ウェルスナビ株式会社,サーバーサイドエンジニア,東京都 渋谷区 渋谷駅 徒歩3分,"年収600万円～1,200万円",1日前,Green
株式会社mediba,React／Vue.js／環境 フロントエンドエンジニア,東京都 港区 六本木一丁目駅,"年収400万円～1,000万円",25日前,doda
株式会社Crunch Style,WEBディレクター,東京都 渋谷区 恵比寿駅 徒歩4分,月給25万円～,3日前,U29JOB
株式会社PLAY,Webデザイナー 「Hulu」などの大規模動画配信サービスサイトの提案、デザイン、コーディング全般,東京都 渋谷区 神泉駅,年収400万円～600万円,公開していません,レバテックキャリア
スパイダープラス株式会社,海外事業担当,東京都 港区 虎ノ門駅 徒歩4分,年収500万円～800万円,公開していません,U29JOB
株式会社ヒューガン,WEBデザイナー 自社アプリ,東京都 渋谷区,年収400万円～600万円,5日前,株式会社ヒューガン
日本通運株式会社,PHPエンジニア,東京都 千代田区 秋葉原駅 徒歩6分,年収600万円～700万円,12日前,Green
株式会社メンバーズ PGT事業,フロントエンド／Team・FW メンバーズキャリアカンパニー,東京都 品川区 五反田駅 徒歩10分,年収400万円～600万円,13日前,Green
株式会社コンフィデンス,ゲームプログラマ,東京都 新宿区 新宿駅 徒歩8分,年収420万円～800万円,公開していません,paiza転職
株式会社M and K,ITエンジニア職,東京都 港区 乃木坂駅,月給20万円～75万円,28日前,株式会社M and K
ダイアモンドヘッド株式会社,フロントエンドエンジニア,東京都,公開していません,公開していません,ダイアモンドヘッド株式会社
株式会社MONSTERDIVE,マークアップエンジニア,東京都 港区 乃木坂駅 徒歩1分,年収300万円～600万円,公開していません,U29JOB
株式会社パレンテ,モール統合管理システム開発エンジニア,東京都 渋谷区 渋谷駅 徒歩5分,年収450万円～700万円,20日前,doda
ナイル株式会社,WEBデザイナー,東京都 品川区,年収400万円～700万円,公開していません,株式会社 Billage
名案企画株式会社,フロントエンドエンジニア,東京都 中央区 人形町駅 徒歩3分,年収450万円～650万円,11時間前,Green
株式会社TwinBee,経験が活かせるゲーム開発エンジニア,東京都 渋谷区,月給30万円～60万円,18日前,U29JOB
エー・アール・システム株式会社,Webエンジニア,東京都 台東区 上野駅 徒歩5分,年収402万円～600万円,公開していません,paiza転職
株式会社ダイヤモンドファンタジー,現年収以上の給与をお約束 Web開発エンジニア,東京都 中央区 銀座駅 徒歩3分,年収400万円～600万円,12時間前,Green
株式会社D2C dot,フロントエンドエンジニア,東京都 港区 汐留駅 徒歩1分,年収400万円～600万円,公開していません,paiza転職
株式会社アイテム,自社開発サービスがメインのITエンジニア,東京都 新宿区 新宿駅 徒歩10分,月給30万円～40万円,21日前,doda
株式会社SKIYAKI,フロントエンドエンジニア,東京都 渋谷区 渋谷駅 徒歩3分,月給40万円～85万円,公開していません,U29JOB
株式会社レンガ,自社サービス開発エンジニア,東京都 港区 新橋駅 徒歩4分,"年収500万円～1,000万円",20日前,Green
株式会社エヌリンクス,Salesforceエンジニア ポテンシャル採用,東京都 中央区 宝町駅 徒歩1分,年収260万円～400万円,公開していません,Green
株式会社パルコデジタルマーケティング,フロントエンドエンジニア,東京都 渋谷区 渋谷駅 徒歩10分,年収360万円～580万円,5日前,type
株式会社リファルケ,WEBディレクター あなたの意思決定を尊重し、将来の選択肢を増やす社員支援型IT企業,東京都 千代田区 有楽町駅 徒歩2分,"年収420万円～1,260万円",公開していません,Green
ラクラス株式会社,システム開発エンジニア,東京都 千代田区,年収430万円～600万円,公開していません,ラクラス株式会社
株式会社エクサウィザーズ,フロントエンドエンジニア,東京都 港区 汐留駅 徒歩1分,"年収420万円～1,500万円",公開していません,type
AnyTech株式会社,フルスタックエンジニア,東京都 文京区 本郷三丁目駅 徒歩2分,年収400万円～800万円,公開していません,U29JOB
株式会社トゥインクル,フロントエンドエンジニア,東京都 多摩市 聖蹟桜ケ丘駅 徒歩3分,年収400万円～600万円,6時間前,paiza転職
ルビー・グループ株式会社,Webデザイナー・HTMLコーダー,東京都 渋谷区 代々木公園駅 徒歩5分,年収350万円～500万円,6日前,Green
CREW株式会社,国内トップクラスのシェアを誇るSaaS企業のサービスの根幹を支える,東京都 渋谷区,"年収520万5,600円～929万8,200円",9日前,ふれツリ求人なび
株式会社タービン・インタラクティブ,バックエンドエンジニア,東京都 品川区,年収350万円～500万円,12日前,paiza転職
株式会社ウィルオブ・ワーク SASS,短期 #コスパ最高 スマホ決済のPR,東京都 新宿区,"時給1,700円",3時間前,タウンワーク
サイバーエージェントグループ,フロントエンドエンジニア募集,東京都 渋谷区,年収408万円～750万円,公開していません,サイバーエージェントグループ
株式会社READY TO FASHION,ファッション業界に貢献したい UI／UX デザイナー,東京都 渋谷区,公開していません,9日前,READY TO FASHION
Original Japan株式会社,フロントエンドエンジニア,東京都 港区,公開していません,公開していません,マイナビAGENT
MiddleField株式会社,WEBフロントエンド開発エンジニア,東京都 世田谷区,公開していません,公開していません,TalentHub
株式会社ookami,webエンジニア,東京都 世田谷区 東松原駅 徒歩5分,年収400万円～650万円,1日前,Green
株式会社アストレア,Webディレクター／開発ディレクター,東京都 新宿区 新宿三丁目駅 徒歩5分,年収420万円,公開していません,paiza転職
株式会社FAN・DREAM 六本木オフィス,サーバーサイドエンジニア Bc,東京都 港区 六本木一丁目駅 徒歩5分,"月給33万3,333円～66万6,666円",公開していません,株式会社FAN・DREAM
株式会社システム・クリエート,PL／PM／プライム案件／自社内開発／リモートワーク可,東京都 豊島区 池袋駅,年収550万円～750万円,公開していません,Geekly
株式会社ビズパ,サーバーサイドエンジニア,東京都 渋谷区 渋谷駅 徒歩5分,年収400万円～900万円,11日前,Green
アルビド・ジャパン株式会社,Webディレクター／大手広告代理店グループ企業／福利厚生充実／年間休日126日,東京都 千代田区,年収350万円～600万円,14日前,STASEON
株式会社UPP‐tone,Webデザイナー／トライアル併用,東京都 千代田区 麹町駅 徒歩3分,月給20万円～60万円,公開していません,ハローワーク飯田橋
株式会社ジーニー,SaaS導入コンサルタント,東京都 新宿区 新宿駅 徒歩10分,年収600万円～800万円,公開していません,U29JOB
ミイダス株式会社,フロントエンド,東京都 渋谷区 渋谷駅 徒歩5分,"年収700万円～1,000万円",19日前,paiza転職
LIFE STYLE株式会社,インサイドセールス,東京都 港区 表参道駅,年収350万円～500万円,7時間前,Green
株式会社DONUTS,フロントエンドエンジニア／HTMLコーダー WordPressを用いたWEBサイトの制作,東京都,公開していません,14日前,株式会社DONUTS
crage株式会社,フロントエンドエンジニア,東京都 新宿区 神楽坂駅 徒歩8分,"年収400万円～1,200万円",公開していません,paiza転職
INI株式会社,フロントエンドエンジニア,東京都 港区 御成門駅 徒歩1分,年収350万円～500万円,6時間前,U29JOB
株式会社ワンキャリア,モバイルアプリエンジニア,東京都 渋谷区,"年収600万円～1,000万円",26日前,株式会社ワンキャリア
株式会社博報堂アイ・スタジオ,（IF）フロントエンドエンジニア（コーダー）,東京都 港区,"月給22万5,000円～",公開していません,博報堂アイ・スタジオ
株式会社フレイ・スリー,テックリード候補,東京都 品川区,年収600万円～900万円,公開していません,paiza転職
東京神奈川ITエンジニア事業部,システムアーキテクト,東京都 品川区,公開していません,公開していません,東京神奈川ITエンジニア事業部
株式会社スタジオディテイルズ,東京／シニアテクニカルディレクター,東京都 渋谷区 原宿駅 徒歩8分,年収800万円～900万円,1日前,Green
株式会社コンテンツワン,憧れの大手で経験できる!サーバサイドエンジニア 優良案件多数!PHP、Java、Ruby,東京都 新宿区,年収350万円～600万円,11時間前,Green
株式会社アフターグロウ,webデザイナー,東京都 渋谷区 代々木上原駅,月給22万円～28万円,2日前,株式会社アフターグロウ
株式会社タノム,全国 WEBアプリケーションエンジニア,東京都 渋谷区 北参道駅 徒歩5分,年収400万円～800万円,4日前,Green
株式会社エイシス,WEBデザイナー,東京都 千代田区 秋葉原駅,月給22万円～35万円,公開していません,株式会社エイシス
株式会社アサーティブ,「WEBエンジニア」フレックス 完全週休2日,東京都 渋谷区,公開していません,4日前,株式会社アサーティブ
マッチングッド株式会社,ソフトウェア設計・開発,東京都 港区,公開していません,公開していません,べティ
ディップ株式会社,フロントエンドエンジニア・UXエンジニア／メンバー職,東京都 港区,年収400万円～600万円,公開していません,ディップ株式会社
クラスメソッド株式会社,ITコンサルタント／Alteryx・Tableauエンジニア 企業向け技術コンサルティング,東京都 千代田区 秋葉原駅,年収450万円～900万円,公開していません,レバテックキャリア
株式会社富士三和総研,POSレジアプリ開発支援業務,東京都 練馬区 光が丘駅 徒歩5分,月給30万円～40万円,公開していません,株式会社富士三和総研
アイティクスシステム株式会社,SE,東京都 中央区 三越前駅 徒歩6分,年収400万円～500万円,公開していません,paiza転職
株式会社ツナググループHC,フロントエンドエンジニア,東京都 千代田区 水道橋駅 徒歩8分,年収450万円～700万円,公開していません,paiza転職
Bizネクストジャパン株式会社 事業開発課,WEBサイト制作STAFF UIデザイン・HTML／CSSでのサイトコーディングなどの業務,東京都 豊島区,月給24万円～45万円,4日前,Bizネクストジャパン株式会社事業開発課
株式会社日本M&Aセンター,フロントエンドエンジニア／Webエンジニア プライム市場／自社運用サイトの制作,東京都 千代田区 東京駅,年収350万円～800万円,6日前,レバテックキャリア
独自のクラウドサービスで成長を続ける東証プライム...,フロントエンドエンジニア／01so,東京都 渋谷区,"年収520万5,600円～929万8,200円",6日前,ふれつり転職相談
サイバーステップ,ウェブデザイナー,東京都 世田谷区 代田橋駅 徒歩8分,月給23万円～,公開していません,サイバーステップ株式会社
株式会社オフィスMARINE,自社HPプログラマ,東京都 新宿区,月給34万円～42万円,9時間前,株式会社オフィスMARINE
アクトインディ株式会社,UI・UXデザイナー／UIデザイナー 「子どもとおでかけ情報 いこーよ」のUI,東京都 品川区 五反田駅,"年収400万円～1,000万円",公開していません,レバテックキャリア
株式会社ブックルックチーム,デザイナー,東京都 調布市 調布駅 徒歩5分,公開していません,公開していません,べティ
株式会社ケイズシステム,プログラマー フロントエンドプログラマ,東京都 目黒区 祐天寺駅 徒歩0分,"時給1,200円～2,500円",公開していません,株式会社ケイズシステム
株式会社ビットストロング,Javaシステムエンジニア／SE／Javaプログラマー／PG,東京都 文京区 春日駅 徒歩3分,月給23万円～50万円,10日前,株式会社ビットストロング
株式会社ウェヴァード,Webデザイナー,東京都 中央区 人形町駅 徒歩3分,月給28万円～45万円,12日前,type
株式会社カイユウ,Webエンジニア,東京都 渋谷区 渋谷駅 徒歩1分,年収400万円～600万円,公開していません,paiza転職
株式会社with,Webサービス系エンジニア・プログラマ 8987,東京都 千代田区 秋葉原駅 徒歩13分,年収500万円～900万円,公開していません,株式会社with
CrafTec,SE システムエンジニア／ゲームエンジニア 未経験から応募OK 経験者歓迎,東京都 中央区                                                                                                                                                                その他 (2),月給24万円～49万円,公開していません,CrafTec
株式会社サイエンスアーツ,SREエンジニア,東京都 千代田区 飯田橋駅 徒歩7分,"年収500万円～1,000万円",10時間前,Green
株式会社クラウド・マーケティング,クリエイター,東京都 港区 広尾駅,月給30万円～,11日前,株式会社クラウド・マーケティング
株式会社Dive into Code,ソフトウェア設計・開発,東京都 渋谷区,公開していません,公開していません,べティ
キュア合同会社,マークアップエンジニア,東京都 国分寺市,"日給8,000円～",公開していません,キュア合同会社
株式会社B.B Enterprise,プログラマー,東京都 文京区 千石駅 徒歩2分,月給25万円～45万円,27日前,株式会社B.B Enterprise
エクサ・システムプランニング株式会社,ゼロから始めるITエンジニア 年間休日128日／土日祝休み／成長したい!に応えます,東京都 江東区 テレコムセンター駅 徒歩5分,月給21万円～50万円,22日前,エン転職
株式会社Dental Happy,営業事務 あなたのアイデアを効果測定し続けられるWebメディア運営者募集,東京都 千代田区,月給23万円～45万円,27日前,株式会社Dental Happy
株式会社ワントゥーテン,フロントエンドエンジニア,東京都 品川区 天王洲アイル駅 徒歩3分,年収400万円～600万円,公開していません,paiza転職
株式会社Global Synergy Solut...,Webエンジニア・コーダー,東京都 台東区 上野駅 徒歩5分,月給23万円～,公開していません,株式会社Global Synergy Solutions
HirePunditJapan株式会社,フルスタック ソフトウェアエンジニア,東京都 中央区,"年収800万円～1,000万円",公開していません,HirePunditJapan株式会社
リベロジック株式会社,Webデザイナー、UIエンジニア,東京都 港区 赤羽橋駅 徒歩5分,月給20万円～30万円,公開していません,リベロジック株式会社
みんなのマーケット株式会社,フロントエンドエンジニア,東京都 渋谷区 渋谷駅 徒歩3分,年収426万円～,公開していません,paiza転職
株式会社f4samurai,フロントエンドエンジニア,東京都 千代田区 秋葉原駅 徒歩3分,"年収400万円～1,000万円",公開していません,paiza転職
株式会社aMi,システムエンジニア,東京都 中野区,月給10万円～30万円,公開していません,株式会社aMi
株式会社KINS,WEBデザイナー 自社ブランドを支えるWebデザイナー,東京都 目黒区,月給30万円～50万円,公開していません,株式会社KINS
株式会社ホールハート,クラウド型電子契約サービス 「クラウドサイン」を担当,東京都 渋谷区,月給23万円～,公開していません,株式会社ホールハート
株式会社富士三和総研 開発会社,Python PHP Django開発,東京都 板橋区 中板橋駅 徒歩5分,月給30万円～40万円,公開していません,株式会社富士三和総研
株式会社エヴォワークス,フロントエンドエンジニア,東京都 品川区 目黒駅 徒歩3分,月給24万円～40万円,公開していません,株式会社エヴォワークス
トランスコスモス株式会社 DEC統括,フロントエンドエンジニア,東京都 渋谷区 渋谷駅 徒歩8分,年収340万円～600万円,4日前,paiza転職
株式会社ニジボックス,リクルートグループ各種メディアのフロントエンジニア,東京都 中央区 勝どき駅 徒歩4分,"月給30万3,553円",公開していません,U29JOB
株式会社エイデン,サーバサイドエンジニア,東京都 渋谷区 原宿駅 徒歩3分,年収350万円～550万円,公開していません,paiza転職
株式会社Billage,UI／UXデザイナー,東京都 千代田区,年収450万円～550万円,公開していません,株式会社Billage
株式会社ガリレオ,T202008055 フロントエンド 開発,東京都 千代田区 東京駅,月給35万円～60万円,公開していません,株式会社ガリレオ
株式会社トラックス,テクニカルディレクター,東京都 渋谷区 渋谷駅 徒歩10分,年収300万円～450万円,17日前,paiza転職
ANNAI株式会社,Webエンジニア,東京都 港区 虎ノ門駅 徒歩5分,"年収700万円～1,200万円",6時間前,paiza転職
医療法人社団千美会 ガーデンクリニック,コーダー／有給消化100%／定時退社OK／賞与2回,東京都 豊島区 池袋駅 徒歩5分,月給28万円～,1日前,医療法人社団千美会 ガーデンクリニック
ハイジ・インターフェイス株式会社,サーバーサイドエンジニア,東京都 渋谷区 代々木上原駅 徒歩4分,年収500万円～,公開していません,paiza転職
グロース・インク株式会社,フロントエンドエンジニアリーダー,東京都 新宿区 新宿駅 徒歩5分,年収600万円～,公開していません,paiza転職
株式会社シナプスイノベーション,Salesforceエンジニア,東京都 港区 青山一丁目駅,年収400万円～700万円,公開していません,paiza転職
FLEX8合同会社,経験者歓迎!東京、大阪、名古屋、福岡,東京都 渋谷区,年収480万円～710万円,公開していません,FLEX8合同会社
株式会社イルミナ,プログラマー フロントエンドエンジニア,東京都 新宿区,公開していません,公開していません,株式会社イルミナ
Y&IGroup株式会社,Webエンジニア,東京都 千代田区,年収420万円～700万円,公開していません,paiza転職
株式会社マイクロウェーブデジタル,SE,東京都 渋谷区 渋谷駅 徒歩2分,年収500万円～700万円,公開していません,paiza転職
株式会社Hershe 株式会社ハーシー,多様な案件をお任せします!フロントエンドエンジニア募集,東京都 目黒区 中目黒駅 徒歩5分,月給22万円～,公開していません,株式会社Hershe
株式会社i-Vinci,Webエンジニア・プログラマー,東京都 千代田区 神保町駅 徒歩4分,年収400万円～600万円,14日前,paiza転職
クラウドエース株式会社,フロントエンドエンジニア,東京都 千代田区 東京駅,年収350万円～800万円,公開していません,paiza転職
キャディ株式会社,フロントエンドエンジニア,東京都 台東区 浅草橋駅 徒歩6分,"年収500万円～1,200万円",1日前,paiza転職
株式会社Cuon,フロントエンドエンジニア,東京都 千代田区 東京駅 徒歩5分,年収400万円～600万円,公開していません,paiza転職
株式会社EMoshU,マネージャー候補,東京都 目黒区 中目黒駅 徒歩6分,年収550万円～,公開していません,paiza転職
株式会社PPFパートナーズ,システムエンジニア,東京都 中央区 水天宮前駅 徒歩3分,月給40万円～60万円,9時間前,株式会社PPFパートナーズ
有限会社BPI,開発エンジニア、スマートフォンエンジニア,東京都,年収300万円～600万円,公開していません,paiza転職
株式会社プロアクティブ,SE,東京都 中央区,年収400万円～600万円,公開していません,パソナキャリア
株式会社スナックミー,フロントエンドエンジニア,東京都 中央区 水天宮前駅 徒歩5分,年収500万円～800万円,公開していません,paiza転職
株式会社リンクス 東京都港区東麻布,残業無／実働6時間 1人目のWebデザイナー 10月設立のドベンチャー 何もなくてすいません,東京都 港区 麻布十番駅 徒歩3分,月給30万円～60万円,公開していません,株式会社リンクス
セカイエ株式会社,開発エンジニア・自社プロダクト,東京都 港区 赤羽橋駅 徒歩5分,年収350万円～500万円,28日前,セカイエ株式会社
株式会社奇兵隊,グローバルで使われるサービスのWebエンジニア募集,東京都 港区 浜松町駅,年収300万円～480万円,公開していません,株式会社奇兵隊
バウンディア合同会社,フロントエンドエンジニア,東京都 港区 田町駅 徒歩5分,年収300万円～600万円,公開していません,paiza転職
ニチカレ株式会社,プロジェクトマネージャー,東京都 品川区 大崎駅 徒歩6分,年収500万円～800万円,4日前,paiza転職
株式会社WAVE,HTMLコーダー／フロントエンドエンジニア,東京都 中央区 東銀座駅 徒歩1分,"月給26万5,000円～",公開していません,株式会社WAVE
株式会社フォトラクション,Webアプリケーションエンジニア,東京都 中央区 築地市場駅 徒歩6分,年収600万円～900万円,公開していません,paiza転職
株式会社クラビス,バックエンドエンジニア,東京都 港区 田町駅 徒歩10分,"年収700万円～1,099万円",公開していません,paiza転職
プロシスタ株式会社,プログラマ,東京都 品川区 五反田駅 徒歩1分,"月給19万775円～43万5,900円",公開していません,プロシスタ株式会社
株式会社キューブリック,WEBディレクター・プランナー募集!今注目のマーケティングDXのコンサル会社でのディレクション業務,東京都 港区 表参道駅,月給20万円～32万円,公開していません,株式会社キューブリック
株式会社アンティー・ファクトリー,フロントエンドエンジニア,東京都 渋谷区 渋谷駅 徒歩12分,年収350万円～450万円,公開していません,paiza転職
2nd Community株式会社,基幹システムバックエンドエンジニア,東京都 渋谷区 代官山駅 徒歩5分,年収400万円～720万円,公開していません,paiza転職
"MODE, Inc.",シニアソフトウェアエンジニア,東京都 中央区 人形町駅 徒歩5分,"年収800万円～1,300万円",20日前,paiza転職
株式会社灯火,SE HTMLコーダー／マークアップエンジニア,東京都 千代田区,年収350万円～600万円,公開していません,株式会社灯火
アルファパートナーズ株式会社,高単価／63万／渋谷／SNS広告運用のwebツールフルスタック開発／AWS／SE,東京都 千代田区 水道橋駅 徒歩3分,"月給51万円～63万7,500円",公開していません,アルファパートナーズ株式会社
paiza株式会社,PdM／サービス企画,東京都 港区 外苑前駅 徒歩4分,"年収600万円～1,300万円",6時間前,paiza転職
株式会社クインテット,Webアプリケーションエンジニア,東京都 千代田区 市ケ谷駅 徒歩7分,年収400万円～800万円,公開していません,paiza転職
株式会社アクアネット,急募!自社ECのフロントエンドエンジニア、コーダー／年間残業20時間以内,東京都 品川区 目黒駅 徒歩4分,月給32万円～,公開していません,株式会社アクアネット
株式会社雨風太陽,フロントエンドエンジニア,東京都 渋谷区 北参道駅 徒歩3分,年収400万円～600万円,公開していません,paiza転職
株式会社フィックスポイント,自動化ソフトウェア開発エンジニア,東京都 渋谷区,年収500万円～700万円,公開していません,paiza転職
株式会社Wiz,プログラマー 自社メディアと共に自身も成長したい,東京都 豊島区 池袋駅 徒歩5分,月給23万円～,公開していません,株式会社Wiz
Tres Innovation株式会社,モダン環境のエンジニア,東京都 目黒区 中目黒駅 徒歩10分,月給30万円～60万円,公開していません,Tres Innovation株式会社
株式会社Sassor,フルリモート可 データサイエンティスト、データ分析エンジニア,東京都 目黒区 中目黒駅 徒歩5分,年収400万円～800万円,12時間前,Green
無限テック合同会社,対戦型スマホRPGゲームのフロントエンド開発／フロントエンドエンジニア,東京都 新宿区 四ツ谷駅,月給50万円～65万円,公開していません,かんたん応募
就労移行支援事業所YASSAS,就労移行支援事業所における支援員,東京都 大田区 西馬込駅 徒歩12分,"時給1,200円～1,400円",19日前,ハローワーク大森
