パーソルエクセルHRパートナーズ株式会社テクニカ...,ネットワークエンジニア,大阪府 大阪市 大阪ビジネスパーク駅 徒歩1分                                                                                                                                                                その他 (11),"時給2,200円～2,500円",1日前,パーソルエクセルHRパートナーズ株式会社テクニカルキャリアサポート第二部
株式会社メイテックフィルダーズ,ITエンジニア エンジニア出身の講師が実践的な学びを授けます...,大阪府,"月給19万100円～47万8,225円",17時間前,エン転職
株式会社フロムオリジン,次世代の働き方を実現! ITエンジニア フルリモート案件95%,大阪府,月給72万円,9日前,マイナビ転職
株式会社リンク,ITエンジニア 案件選択可／単価評価／リモート可／残業月8H...,大阪府 大阪市 大阪駅 徒歩5分,月給28万円～,10日前,エン転職
株式会社大興技研,0から始める エンジニア職 20代活躍中,大阪府 池田市,月給20万円～,13日前,マイナビ転職
JAPAN ENGINEERs 人事部採用課,資格が取り放題のものづくりエンジニア,大阪府 池田市                                                                                                                                                                その他 (33),月給23万円～30万円,6日前,JAPAN ENGINEERs 人事部採用課
ミチル株式会社,ITエンジニア フリーランスの自由度と正社員の安心感を両立／...,大阪府 大阪市 なんば駅 徒歩2分,月給30万円～50万円,3日前,エン転職
株式会社スタッフサービス,テストエンジニア,大阪府 池田市,月給23万円～50万円,10日前,株式会社スタッフサービス エンジニアリング事業本部
株式会社ダイキンアプライドシステムズ,2023 新卒採用 プラント・エンジニアリング,大阪府,"月給19万7,000円～24万3,000円",6日前,リクナビ2023
株式会社キーエンス,フロントエンドエンジニア・Web開発エンジニア,大阪府 大阪市 西中島南方駅 徒歩10分,"月給23万7,000円～",6日前,マイナビ転職
パーソルテクノロジースタッフ株式会社,関西／モデルベース開発エンジニア／リーダー候補・即戦力,大阪府 大阪市 大阪梅田駅 徒歩5分,年収420万円～750万円,2日前,CREATIVE JOB
株式会社ESES,現在の還元率70%!2030年までに80%還元が目標 ITエ...,大阪府 大阪市 本町駅 徒歩3分,月給25万円～70万円,8日前,マイナビ転職
nmsエンジニアリング株式会社,モノづくりエンジニア,大阪府 大阪市,年収360万円～600万円,2日前,nmsエンジニアリング株式会社
株式会社デザイン,ITエンジニア PG・SE／年休125日・月給32万円～,大阪府 大阪市 難波駅,月給32万円～60万円,3日前,リクナビNEXT
株式会社メイテック,機械系エンジニア／企画、構想設計など開発の最上流を担当,大阪府 大阪市,"月給20万6,400円～38万7,600円",7日前,リクナビNEXT
秀英産業株式会社,社内システムエンジニア,大阪府 和泉市,月給22万円,7時間前,JobOffer
神戸技術アクセス株式会社,電気計装エンジニア／お仕事は環境プラント建設工事に関わる業務...,兵庫県,"月給34万1,000円～37万2,000円",9時間前,神戸技術アクセス株式会社
"BOLD, Inc.",インフラエンジニア,大阪府 大阪市 北区,年収400万円～756万円,7日前,ランスタッド キャリアアップ転職
バルテス株式会社,ソフトウェア品質を向上させるプロ集団 QAエンジニア,大阪府 大阪市 西区,月給25万円～,2日前,マイナビ転職
Yi株式会社,ITエンジニア リモート80% 残業月平均9.5h 年休12...,大阪府,月給25万円～60万円,6日前,マイナビ転職
E-agent合同会社,エンジニアスタッフ,大阪府 大阪市 港区,月給19万円～44万円,3時間前,E-agent合同会社
アクサス株式会社,テストエンジニア／Web／IT,大阪府 大阪市 住之江区,月給25万円～,13日前,バイトルPRO
株式会社ユニバーサルソリューション総研,「IT領域で技術を磨く」業績好調につき開発系エンジニアを増員...,大阪府 大阪市 新大阪駅 徒歩2分,月給30万円～60万円,1日前,株式会社ユニバーサルソリューション総研
大阪ガス株式会社,バイオガス製造技術開発・生産技術・プロセスエンジニアリング ...,大阪府,"年収800万円～1,200万円",28日前,日経転職版
IT ENGINEERs 人事部採用課,未経験でもITエンジニア,大阪府 豊中市                                                                                                                                                                その他 (33),月給23万円～30万円,6日前,IT ENGINEERs 人事部採用課
プライム・ストラテジー株式会社,フルリモート／エンジニア 自社プロダクト!世界展開中の「KU...,大阪府,年収500万円～800万円,2日前,en ミドルの転職
日本エフイー・アイ株式会社,年間休日122日!電子顕微鏡のフィールドサービスエンジニア,大阪府 大阪市,月給30万円～54万円,2日前,リクナビNEXT
株式会社ルトラ,フルリモートエンジニア 案件希望100%通ります／9割が年収...,大阪府 大阪市 中央区,月給30万円～80万円,17時間前,エン転職
国華エンジニアリングサービス株式会社,電気の知識が活かせる 計測機器校正エンジニア,大阪府 大阪市 天満橋駅 徒歩5分,"月給20万6,500円～",3日前,リクナビNEXT
原田工業株式会社,2023 新卒採用 プラント・エンジニアリング,兵庫県 姫路市,"月給25万5,000円～28万円",9日前,リクナビ2023
テックマート株式会社,システムエンジニア,大阪府 吹田市 江坂駅 徒歩7分,月給23万円～,1日前,U29JOB
株式会社ヒューマンインプリンク,未経験からのエンジニア職／人材紹介／複数名,大阪府,"月給18万5,000円～19万円",13時間前,ヒューマンインプリンク
株式会社木内計測,2023 新卒採用 プラント・エンジニアリング,大阪府,月給19万円～22万円,20日前,リクナビ2023
株式会社テクノ・サービス／,未経験から目指せるエンジニア,京都府 京都市 下京区,月給20万円～,1日前,株式会社テクノ・サービス
株式会社ビーネックステクノロジーズ,ITエンジニア 賞与年2回／残業月平均12.1h／年間休日最...,大阪府,月給21万円～50万円,7日前,エン転職
株式会社リーディング・エッジ社,ITエンジニア 20代・30代活躍中!未経験歓迎,大阪府 大阪市 中央区,月給21万円～,8日前,リクナビNEXT
株式会社アップライト,オープン系エンジニア,大阪府 大阪市 本町駅,年収320万円～480万円,4日前,paiza転職
オムロン エキスパートリンク株式会社,第二新卒募集 アプリ・組込開発／ITエンジニア 最先端領域,大阪府 大阪市,"月給20万6,500円～50万円",21日前,リクナビNEXT
株式会社アビリーブ,サービスエンジニア系 総合職,大阪府,月給25万円～,20日前,マイナビ転職
Wematch,Findy Teams バックエンドエンジニア15億円の資金...,京都府 京都市,公開していません,7時間前,Wematch
INSIGHT LAB株式会社,データエンジニア／経験言語不問／リモートワーク推進中,大阪府 大阪市 本町駅,月給23万円～49万円,11時間前,doda
株式会社アクシス・クリエイト,ITエンジニア,大阪府 大阪市 北浜駅 徒歩6分,"月給21万7,000円～",10日前,type
株式会社アウトソーシングテクノロジー,ITエンジニア 未経験可 ICT支援員／事務／ヘルプデスク,大阪府 大阪市,月給21万円～,7日前,リクナビNEXT
株式会社KDDIエボルバ,KDDIグループのインフラエンジニア／残業代1分単位で支給／...,大阪府,月給31万円～,17時間前,エン転職
株式会社スタイル・フリー,ITエンジニア 直近1年の定着率94%／リモートワークOK／...,大阪府 大阪市 北区,月給30万円～,7日前,エン転職
株式会社identity,QAエンジニア／フリーランス／大阪／大手ゲーム企業でのQA業務,大阪府 大阪市 大阪駅,月給35万円～45万円,14時間前,modis
株式会社ラクス,Webアプリケーションエンジニア,大阪府 大阪市 大阪梅田駅 徒歩6分,年収484万円～900万円,16日前,paiza転職
CLINKS株式会社,未経験歓迎のITエンジニア／採用枠30名以上／導入研修充実,大阪府 大阪市 北区,月給21万円～,1日前,doda
株式会社シーディア,組込みソフトウェアエンジニア,大阪府,年収450万円～660万円,7日前,doda
株式会社クオンテックス,初級エンジニア PCに向かうと不安になるアナタへ／失敗や挫折...,大阪府 大阪市 大阪駅,月給25万円～,17時間前,エン転職
株式会社アスパーク,モノづくりエンジニア リモートワーク&フレックス有／1年目か...,大阪府,月給21万円～60万円,17時間前,エン転職
株式会社フォーラムエンジニアリング,自動車設計エンジニア そのスキルが、武器になる 東証プライム...,大阪府,"月給20万5,000円～",17時間前,エン転職
R&D ENGINEERs 人事部採用課,未経験から化学系エンジニア,兵庫県 高砂市,月給23万円～30万円,6日前,R&D ENGINEERs 人事部採用課
株式会社ラポールスター,ITエンジニア 還元率73%／年休130日／情報開示率99%...,大阪府,月給30万円～70万円,14日前,エン転職
akippa株式会社,駐車場マーケットプレイス「akippa」の拡大を支えるエンジ...,大阪府 大阪市 なんば駅,"年収800万円～1,000万円",1時間前,doda
株式会社エージェントグロー,ITエンジニア 案件選択制度×単価評価制度で新しいワークスタ...,大阪府 大阪市 淀川区,月給30万円～90万円,3日前,エン転職
Modis株式会社 Tech,初級エンジニア 未経験OK 残業少 年休124日 リモート案...,大阪府,"月給21万5,000円～",17日前,女の転職type
株式会社グッドパワー,サービスエンジニア,大阪府,月給20万円～35万円,6日前,株式会社グッドパワー
Modis株式会社,「調べ癖」を強みにエンジニアデビュー／ヘルプデスク・社内SE,大阪府 大阪市,"月給21万5,000円～",20日前,リクナビNEXT
株式会社インターフェイス,ITエンジニア 残業ほぼなし／土日祝休み／賞与4ヶ月分／家族...,大阪府 大阪市 難波駅,"月給22万6,000円～29万2,000円",7日前,エン転職
株式会社キューボック,WEB開発エンジニア,大阪府 大阪市 堺筋本町駅,年収400万円～600万円,4日前,paiza転職
株式会社フレクト,クラウドシステム開発／エンジニア リモートワーク推奨,大阪府 大阪市,"月給37万5,000円～",7日前,リクナビNEXT
株式会社MAYASTAFFING 関西営業部,大手企業 エンジニア MDM保守業務 在宅勤務あり 土日祝休み,大阪府 大阪市 大阪駅 徒歩3分,月給25万円～,9日前,株式会社MAYASTAFFING エンジニア事業本部 関西営業部
アデコ株式会社,インフラ構築環境のフロントSE・プリセールスエンジニア,大阪府 大阪市 長堀橋駅 徒歩5分,"時給2,300円～",6時間前,Adecco 派遣
テュフ・ラインランド・ジャパン株式会社,産業機器部パワーエレクトロニクスプロジェクトエンジニア,大阪府,年収600万円～850万円,25日前,日経転職版
株式会社KYOSO,開発エンジニア リモートワーク中心 充実の研修 年間休日12...,大阪府 大阪市 中央区,"月給22万5,000円～",20日前,女の転職type
株式会社京信システムサービス,システムエンジニア,京都府,年収340万円～550万円,8日前,Spring転職エージェント
株式会社ヒューガン,組込みソフト開発エンジニア,大阪府 大阪市 北区,年収450万円～680万円,9日前,株式会社ヒューガン
株式会社ディビイ,サーバーエンジニア,大阪府 大阪市 北区,月給30万円,8時間前,JobOffer
共立通信サービス株式会社,年休130日 PC・周辺機器など社内インフラ設置のエンジニア,大阪府 大阪市 十三駅 徒歩11分,"月給21万5,000円～",3時間前,リクナビNEXT
株式会社夢プロエンジ,エンジニア系総合職／ミドル層積極採用,大阪府,月給25万円～60万円,11日前,doda
メディアマックスジャパン株式会社,Webエンジニア,京都府 京都市 出町柳駅 徒歩10分,年収400万円～,4日前,paiza転職
株式会社リーディング・エッジ社 キャリア・キュレ...,開発エンジニア,大阪府 大阪市 中央区,月給30万円～56万円,24日前,type
トライアロー株式会社,ITインフラエンジニア 未経験からインフラエンジニアとしての...,大阪府 大阪市 東梅田駅 徒歩4分,"月給22万5,000円～",27日前,エン転職
株式会社クリアビジョン,ITエンジニア 未経験歓迎／半年かけてじっくり学んでスキルを...,大阪府,月給22万円～,17日前,エン転職
寺岡オート・ドアシステム株式会社,自動ドア製品のサービスエンジニア／未経験OK,大阪府,年収300万円～477万円,公開していません,Spring転職エージェント
マンパワーグループ株式会社,未経験から始めるITエンジニア／パイオニアがしっかりサポート,大阪府 大阪市 中央区,"月給24万8,000円～26万円",13日前,doda
株式会社アテック,IT系エンジニア／未経験歓迎 研修制度がバッチリ 年間休日1...,大阪府 堺市,年収300万円～500万円,2日前,Re就活
gooMet合同会社,自宅がオフィスに!フルリモートOK ITエンジニア 残業月2...,大阪府,月給25万円～50万円,8日前,マイナビ転職
株式会社C-mind,ITエンジニア リモート9割／定着率95%／完休2日!還元率...,大阪府 大阪市 淀川区,月給30万円～50万円,7日前,エン転職
株式会社エヌ・エィチ・エス,ITエンジニア,大阪府 大阪市 西淀川区,年収318万円～692万円,3日前,doda
株式会社アルプスビジネスサービス,大手メーカーで活躍! エンジニア系総合職 年休120日,大阪府,月給17万円～,27日前,マイナビ転職
株式会社リンコード,フロントエンドエンジニア リモート可／機械翻訳・音声認識サー...,大阪府 大阪市 新大阪駅,年収450万円～800万円,13日前,レバテックキャリア
株式会社スマレジ,リードエンジニア／テックリード,大阪府 大阪市 本町駅 徒歩1分,"年収600万円～1,000万円",3時間前,CREATIVE JOB
株式会社マクロアーク,システムエンジニア,大阪府 大阪市 中央区,年収400万円～600万円,5日前,doda
アクロ株式会社,ITエンジニア 売上単価の85%以上を給与支給 フルリモート...,大阪府 吹田市,月給50万円～100万円,16日前,マイナビ転職
株式会社夢テクノロジー,ITエンジニア候補,大阪府 大阪市,月給22万円～27万円,15日前,Create 転職
メルコセミコンダクタエンジニアリング株式会社,ウエハプロセスエンジニア 土日祝休,兵庫県 神戸市 大池駅,月給22万円～42万円,公開していません,マイナビ転職
パーソルエクセルHRパートナーズ株式会社キャリア...,ネットワークエンジニア,大阪府 大阪市 大阪駅 徒歩5分                                                                                                                                                                その他 (13),"時給2,800円",1日前,パーソルエクセルHRパートナーズ株式会社キャリアサポート第五部
大京システム開発株式会社,システムエンジニア ブランクOK 月給25万円以上+賞与年2...,大阪府 大阪市 肥後橋駅,月給25万円～,7日前,女の転職type
住友金属鉱山株式会社,プラントエンジニア ポテンシャル採用／日本を代表する総合非鉄...,兵庫県,年収400万円～700万円,6日前,doda
株式会社G&Iディレクション,システムエンジニア,大阪府 大阪市 南森町駅,年収300万円～800万円,3日前,paiza転職
JFEプラントエンジ株式会社,2023 新卒採用 プラント・エンジニアリング,兵庫県,"月給19万8,500円～22万5,500円",15日前,リクナビ2023
アイムファクトリー株式会社,時短勤務 キャリアアドバイザー ITエンジニア特化の人材サー...,大阪府 大阪市 福島区,年収300万円～600万円,3日前,リクルートエージェント
株式会社ルーシッドテック,業務系アプリケーションエンジニア・プログラマ,大阪府 大阪市 北区,年収400万円～650万円,19日前,株式会社ルーシッドテック
東レエンジニアリング西日本株式会社,プラントエンジニアリング,京都府 京都市 京都駅,年収500万円～750万円,16日前,タイズ
株式会社Scene Live,WEBエンジニア,大阪府 大阪市 本町駅 徒歩3分,年収400万円～780万円,22日前,paiza転職
株式会社Az One,ITエンジニア 先輩や同期と一緒!一人じゃない安心感のもと働...,大阪府 大阪市 南森町駅,年収450万円～960万円,17時間前,エン転職
キャル株式会社,汎用機エンジニア,兵庫県 伊丹市                                                                                                                                                                その他 (386),月給23万円～,公開していません,キャル株式会社
株式会社スマートスタイル,MySQLデータベースエンジニア リモートワークでスキルを発...,大阪府 大阪市 中央区,年収500万円～,2日前,en ミドルの転職
フェンリル株式会社,Webエンジニア,京都府 京都市 烏丸駅 徒歩1分,"年収400万円～1,200万円",1日前,CREATIVE JOB
横河ソリューションサービス株式会社,フレックス制度あり・時短勤務可能・ご経験を活かした就業が可能...,大阪府 堺市 堺区,年収300万円～500万円,10日前,BABナビ
株式会社テクノスマイル,機械設計エンジニア 最大57講座学べるeラーニングあり／年休...,大阪府 池田市,"月給20万5,000円～55万円",17時間前,エン転職
ジャパニアス株式会社,1ヶ月スクール有 ITエンジニア インフラ設計,大阪府 大阪市 中央区,"月給20万5,000円～",16日前,リクナビNEXT
株式会社パソナテック,プロジェクトマネージャー／Microsoft Power P...,大阪府 大阪市 新大阪駅,年収450万円～750万円,13日前,レバテックキャリア
株式会社カンポホールディングス,プログラマー、システムエンジニア,京都府 長岡京市 長岡京駅 車6分,"年収500万円～1,000万円",14日前,株式会社カンポホールディングス
株式会社アサーティブ,選考1回!「未経験大歓迎!／インフラエンジニア」 Re:ゼロ...,大阪府 大阪市 扇町駅 徒歩7分,公開していません,4日前,株式会社アサーティブ
日本フロンティアシステムズ株式会社,サーバーエンジニア 就業環境改善×市場価値UP×給与UPを実現,大阪府 大阪市 大阪駅,年収350万円～600万円,10日前,doda
双葉電気通信株式会社,ネットワークエンジニア,大阪府 大阪市 北区,年収400万円～650万円,21日前,ワークポート
ナッシュ株式会社,100%自社案件・バックエンドエンジニア／月給54万円以上,大阪府 大阪市 渡辺橋駅,月給54万円～,3日前,doda
リンク・プロフィット・システム株式会社,開発エンジニア 前給保証&月給30万円～ 残業月8H 生理休暇,大阪府,年収180万円,4日前,女の転職type
株式会社アイスタンダード,大阪 SESエンジニア,大阪府 大阪市 北区,年収420万円～840万円,4日前,Green
KINTOテクノロジーズ株式会社,Rust・マイクロサービスアーキテクチャを活用する新サービス...,大阪府,"年収490万円～1,300万円",21日前,Spring転職エージェント
株式会社divx,エンジニア・PM 幅広い技術スタック／残業少・リモート,大阪府 大阪市 本町駅 徒歩1分,"月給29万5,000円～",21日前,リクナビNEXT
エイビースタッフ株式会社,化学・バイオエンジニア,京都府 京都市,月給22万円～,2日前,エイビースタッフ株式会社
株式会社マイナビEdge,プラントエンジニア 東芝や東京ガスなどの大手が取引先／土日祝...,大阪府,"月給20万4,000円～28万円",17日前,エン転職
株式会社アクトビ,Webアプリケーション開発エンジニア,大阪府 大阪市 四ツ橋駅 徒歩4分,年収300万円～700万円,1日前,Green
株式会社イズム,開発エンジニア 直接取引多数／Java・PHP・Ruby・P...,京都府,"月給32万円～69万4,000円",7日前,エン転職
株式会社ブルーム,フルスタックエンジニア 直近3年離職者ゼロ／土日祝休み／フル...,大阪府 大阪市 淀屋橋駅 徒歩5分,月給27万円～60万円,24日前,エン転職
株式会社トップエンジニアリング,電気電子設計エンジニア,大阪府 大阪市 淀川区,"月給18万1,500円",公開していません,専門学校の就活 Career Map
株式会社マイスターエンジニアリング,自社開発・画像検査装置フィールドエンジニア 手に職つけたい方...,大阪府 大阪市 淀川区,年収350万円～450万円,3日前,リクルートエージェント
株式会社朝日設計,産業機械の設計／大手企業でフィールドエンジニアとして活躍しま...,大阪府 大阪市 なんば駅,月給30万円～,10日前,朝日設計Works
株式会社スロアストン,ゲームエンジニア 人気シリーズ越えの作品を生む、即戦力募集,大阪府 大阪市 谷町六丁目駅 徒歩2分,月給28万円～,23時間前,マイナビ転職
株式会社ダイフク,フィールドエンジニア 業界売上7年連続世界No.1,大阪府 大阪市 西淀川区,"月給22万1,000円～",19日前,リクナビNEXT
株式会社HAL,初級ITエンジニア,大阪府 大阪市 中央区,月給21万円～30万円,24日前,type
株式会社ビーネックスソリューションズ,ITエンジニア 月の平均残業12.2h／学習コンテンツ400...,大阪府 大阪市 阿波座駅 徒歩5分,"月給19万5,000円～50万円",17時間前,エン転職
株式会社Tech Link,システムエンジニア,大阪府 大阪市 大阪駅,"月給25万5,000円～",15日前,株式会社Tech Link
株式会社クリア,フリーランスのような正社員 リモート92% ITエンジニア,大阪府 大阪市 阿倍野区,月給32万円～60万円,21日前,リクナビNEXT
株式会社アドグローブ,大阪 バックエンドエンジニア 在宅勤務可／副業可／月残業8h...,大阪府 大阪市 北区,年収450万円～900万円,3日前,リクルートエージェント
アイ・エム・アイ株式会社,臨床工学技士歓迎! イチから始める医療機器のサービスエンジニア,大阪府,年収350万円～450万円,2日前,かんたん応募
株式会社トゥインクル,ITエンジニア,大阪府,月給40万円～50万円,3日前,type
昌和輸送機株式会社,完全週休2／転勤なし／業務用エレベーターのサービスエンジニア,大阪府 大阪市 谷町六丁目駅 徒歩2分,月給21万円～,3日前,リクナビNEXT
株式会社アルトナー,システムエンジニア,兵庫県,"年収380万円～1,500万円",1日前,en ミドルの転職
株式会社ボールド,関西 社員の95%が昇給! インフラエンジニア 努力が報われ...,大阪府,年収400万円～700万円,6日前,en ミドルの転職
ゼオライト株式会社,2023 新卒採用 プラント・エンジニアリング,大阪府,"月給24万2,068円",公開していません,リクナビ2023
株式会社ReAct,システムエンジニア、プログラマー,兵庫県 神戸市 ハーバーランド駅 徒歩3分,月給20万円～,7日前,バイトルNEXT
フォーザウィン株式会社,ゲームエンジニア,大阪府 大阪市 東淀川区,月給23万円～25万円,3日前,type
アクセンチュア株式会社,ニーズが急拡大:セキュリティ分野 コンサルタント・エンジニア,大阪府 大阪市,年収430万円～,3日前,リクナビNEXT
株式会社アルプス技研,ものづくりエンジニア 「エンジニア成長力NO.1」の企業,大阪府 大阪市,"年収350万円～1,000万円",公開していません,マイナビAGENT
株式会社アスリード,組み込みエンジニア Web履歴書での自己PR、いりません／転...,大阪府 大阪市 西中島南方駅 徒歩1分,月給25万円～45万円,3日前,エン転職
木村化工機株式会社,2023 新卒採用 プラント・エンジニアリング,兵庫県,"月給20万9,100円～24万4,400円",7日前,リクナビ2023
株式会社ヒューマンクリエイションホールディングス,東京支部 東京 株式会社ブレーンナレッジシステムズ 管理職・...,大阪府 大阪市 北新地駅 徒歩5分,年収500万円～,12時間前,Green
株式会社日本ビジネスデータープロセシングセンター,インフラエンジニア／5001242,大阪府 大阪市 心斎橋駅 徒歩5分,月給22万円～,8日前,doda
株式会社トリニティーホールディングス-人事部 株...,家賃半額負担のフィールドエンジニア／機械保全・設備メンテナン...,兵庫県 神戸市,年収350万円～550万円,公開していません,株式会社トリニティーホールディングス-人事部
システムアーツ株式会社,システムエンジニア,大阪府 大阪市 本町駅 徒歩1分,年収400万円～500万円,4日前,paiza転職
株式会社スタッフサービスエンジニアリング事業本部,自動車開発エンジニア ものづくりに挑戦 土日休み 未経験OK,大阪府,"月給21万5,000円～50万円",公開していません,PROSEEK
株式会社ナノック,ABAPエンジニア・プライベート充実・残業20H,大阪府,年収400万円～,3日前,リクルートエージェント
株式会社イーナ,Webエンジニア,大阪府 大阪市 本町駅 徒歩3分,年収400万円～700万円,24日前,paiza転職
SOLIZE株式会社,ソフトウェア開発エンジニア ～ソフトウエア開発事業の立ち上げ...,大阪府,年収700万円～900万円,10日前,doda
アルカディア・システムズ株式会社,プログラマ・システムエンジニア,大阪府 大阪市 西中島南方駅 徒歩3分,年収550万円～900万円,17日前,type
株式会社デジタルビジョン,保険系開発エンジニア,大阪府 大阪市 淀屋橋駅 徒歩3分,年収400万円～600万円,4日前,paiza転職
株式会社テクノジャパン,ITエンジニア AI、IoT、クラウド&リモート案件あり 前...,大阪府,月給25万円～80万円,21日前,エン転職
三菱電機プラントエンジニアリング株式会社,2023 新卒採用 プラント・エンジニアリング,大阪府,"月給19万7,000円～24万7,000円",公開していません,リクナビ2023
株式会社DRIVE LINE,webエンジニア 新規事業展開に伴う募集!未経験から1000...,大阪府 大阪市 本町駅 徒歩5分,"月給20万5,500円～",7日前,エン転職
株式会社メンバーズ メンバーズエッジカンパニー,Webエンジニア,兵庫県 神戸市 中央区,"月給22万6,600円～66万3,960円",18日前,株式会社メンバーズ メンバーズエッジカンパニー
株式会社アイエスエフネット,インフラエンジニア／インフラ特化／研修充実／キャリアアップで...,大阪府 大阪市 淀川区,"年収350万円～1,000万円",公開していません,マイナビAGENT
株式会社BTM,クラウドインフラエンジニア,大阪府,年収400万円～699万円,9日前,en ミドルの転職
まりもテクノロジー株式会社,Webエンジニア,大阪府 大阪市 大阪駅 徒歩15分,月給21万円～,24日前,type
株式会社Phoenixテクノロジーズ,ITエンジニア 年休125日 残業ほぼナシ ブランク、転職回...,大阪府 大阪市 心斎橋駅 徒歩6分,月給28万円～60万円,17日前,エン転職
株式会社タック,ITエンジニア,京都府,月給25万円～,9時間前,type
アプライド マテリアルズ ジャパン株式会社,将来性ある半導体業界で安心のキャリア メンテナンスエンジニア,京都府 京都市,月給28万円～45万円,9日前,リクナビNEXT
株式会社ムトウテクノス,完全週休2日／土日祝休み／医療機器のサービスエンジニア,大阪府,"月給21万9,100円～",14日前,リクナビNEXT
株式会社デジタルハーツ,オートメーションエンジニア／品質・効率向上のためのテスト自動...,京都府 京都市 南区,年収350万円～700万円,5日前,doda
株式会社中央製作所,サービスエンジニア 土日祝休み,大阪府 大阪市 東成区,月給23万円～34万円,公開していません,マイナビ転職
HapInS株式会社,ITエンジニア 利益80%還元／リモートOK／前給95%UP...,大阪府,"月給27万2,000円～90万円",23時間前,マイナビ転職
opzt株式会社,未経験からエンジニア／リモート／研修充実／自社開発／私服勤務,大阪府 大阪市 本町駅 徒歩1分,月給24万円～,14時間前,doda
株式会社リクルートR&Dスタッフィング,ITエンジニア,京都府,年収450万円,8時間前,type
JAGフィールド株式会社,施工管理／インフラエンジニア／オフィス系 未経験4名募集／研...,大阪府 大阪市 西区,"月給25万6,700円～30万円",15日前,JAGフィールド株式会社
株式会社はてな,新世代のサーバー管理・監視サービス「Mackerel 」のW...,京都府,年収400万円～700万円,21日前,エンジニアHubキャリア
日本ウェブサービス株式会社,組込制御系エンジニア,大阪府 大阪市 大阪駅,年収400万円～800万円,11日前,doda
株式会社GSI,システムエンジニア,大阪府 大阪市 本町駅 徒歩3分,年収380万円～600万円,21時間前,doda
タカラベルモント株式会社,バックエンドエンジニア,大阪府 大阪市 長堀橋駅 徒歩3分,年収520万円～700万円,9日前,paiza転職
株式会社エムワイコーポレーション,各種エンジニア／年齢・ブランク不問,大阪府 大阪市 西梅田駅,月給30万円～42万円,11日前,doda
アヴェイルテクノロジ株式会社,インフラエンジニア,大阪府,年収250万円～350万円,21日前,type
ブレイヴコンピュータ株式会社,カスタマーエンジニア サーバ保守を担当! 残業ほぼなし,大阪府 大阪市 淀川区,年収400万円～600万円,21日前,マイナビ転職
株式会社オーズ,システムエンジニア,大阪府 大阪市 東淀川区,月給30万円,8時間前,JobOffer
株式会社MonotaRO,プロジェクトマネージャー／エンジニアリングマネージャー チー...,兵庫県 尼崎市 出屋敷駅,"年収600万円～1,200万円",1日前,レバテックキャリア
株式会社バリューコア,ITエンジニア 未経験月給24万円～,大阪府 大阪市 大阪梅田駅 徒歩9分,月給24万円～30万円,3日前,リクナビNEXT
ユニアデックス株式会社,インフラエンジニア／勤務地:大阪,大阪府,年収420万円～850万円,22日前,Spring転職エージェント
株式会社インゲージ,クラウドエンジニア,大阪府 大阪市 北区,"年収500万円～1,200万円",1日前,paiza転職
アルファテクノロジー株式会社,組込制御エンジニア,大阪府 大阪市 大阪駅 徒歩7分,年収400万円～600万円,4日前,paiza転職
ミツキンシステム株式会社,フリーランスエンジニア 在宅可,大阪府 大阪市,月給25万円～70万円,公開していません,かんたん応募
株式会社ソディック,サービスエンジニア／食品機械 業界シェアトップの実績,大阪府 豊中市,年収350万円～500万円,3日前,リクルートエージェント
株式会社khronos,システムエンジニア,大阪府 大阪市 淀川区,年収300万円～450万円,14日前,doda
株式会社リッチ,ITエンジニア リッチなら、単価も案件も全てご自身で選択する...,大阪府 大阪市 阿倍野区,月給32万円～60万円,27日前,エン転職
リスタートソリューション合同会社,研修付き!ITエンジニア、プログラマー大募集,大阪府 大阪市 堺筋本町駅 徒歩5分,月給20万円～35万円,公開していません,かんたん応募
株式会社ブレーンナレッジシステムズ,エンジニア／残業少な目で就業環境良好,大阪府,年収300万円～550万円,17日前,Spring転職エージェント
株式会社YUZURIHA,インフラエンジニア,大阪府 大阪市 本町駅 徒歩5分,"年収450万円～1,000万円",20日前,U29JOB
株式会社ソフトエナジーコントロールズ,システム開発エンジニア,大阪府 守口市 土居駅 徒歩2分,年収350万円～600万円,26日前,キャリコネ転職
タクトシステムズ株式会社,システムエンジニア,大阪府 大阪市 新大阪駅 徒歩8分,年収400万円～600万円,4日前,paiza転職
日本メカトロン株式会社,大阪／WEB系エンジニア／成長に合った案件でスキルUP可能／...,大阪府,年収360万円～400万円,3日前,リクルートエージェント
トーテックアメニティ株式会社,初級ITエンジニア 未経験歓迎 年間休日123日 土日祝休み,大阪府 大阪市 北区,"月給20万7,000円～22万5,500円",27日前,マイナビ転職
フューチャー・スクウェア株式会社,インフラエンジニア,大阪府 大阪市 西区,公開していません,14日前,type
株式会社レグルカセ,インフラエンジニア,大阪府 大阪市 扇町駅 徒歩7分,月給20万円～25万円,公開していません,株式会社レグルカセ
ワークスアイディ株式会社,初級エンジニア／春入社大歓迎!未経験から始めるエンジニア こ...,大阪府 大阪市 大阪駅,年収300万円～400万円,2日前,Re就活
株式会社ミギテック,フルリモート案件多彩! ITエンジニア 前職より給与UPを保証,大阪府,月給35万円～,12日前,マイナビ転職
グルーコードテクノロジーズ株式会社,前給+α保証 年休最大140日 経験者面接保証 エンジニア,大阪府,年収360万円～,20日前,マイナビ転職
三浦工業株式会社,20代活躍中!国内トップシェアで安定 フィールドエンジニア,大阪府 大阪市,"月給20万7,500円～",7日前,リクナビNEXT
株式会社鈴木商店,サーバサイドエンジニア,大阪府 大阪市 北浜駅 徒歩3分,年収400万円～650万円,4日前,paiza転職
Sky株式会社,インフラエンジニア,大阪府 大阪市 淀川区,月給53万円～59万円,5日前,doda
株式会社ブール・ジャパン,テストエンジニア／テスト業務の経験者歓迎／上流案件多数,大阪府 大阪市 北区,月給35万円～,1日前,doda
株式会社エスユーエス,ITエンジニア／「社会人学校」事業モデルでVR、AIなどの技...,大阪府,年収300万円～350万円,2日前,Re就活
パナソニックシステムデザイン株式会社,システムエンジニア パナソニックGの案件を担当／フレックスタ...,大阪府 門真市 西三荘駅 徒歩4分,月給25万円～40万円,24日前,エン転職
NECネッツエスアイ・サービス株式会社,ネットワークエンジニア,大阪府 吹田市,年収400万円～600万円,27日前,ワークポート
日総工産株式会社,設備保全エンジニア,大阪府,月給23万円～46万円,14日前,type
株式会社医健コンシェル,開発系エンジニア,大阪府 大阪市 西区,年収300万円～,17日前,株式会社医健コンシェル
株式会社テクノマーク,システムエンジニア 土日休み,大阪府,月給22万円～50万円,公開していません,株式会社テクノマーク
システムクリエイト株式会社,サーバ構築エンジニア,大阪府 大阪市 野田駅,年収300万円～600万円,公開していません,システムクリエイト株式会社
株式会社LUXAS 採用サポート,ITエンジニア,大阪府 大阪市,月給22万円～27万円,10日前,株式会社LUXAS 採用サポート
株式会社インフィライズ,開発エンジニア,大阪府 大阪市 北区,月給25万円～,10日前,type
ヤフー株式会社,システムエンジニア,大阪府 大阪市 大阪駅 徒歩7分,年収500万円～800万円,20日前,U29JOB
株式会社ルーミナス,未経験ITエンジニア／自社開発／安定した給与を得ながら勉強,大阪府 大阪市 長堀橋駅 徒歩3分,月給23万円～,11日前,doda
株式会社アナリティクイエナジャパン,理化学機器のサービスエンジニア,大阪府,年収400万円～800万円,公開していません,Spring転職エージェント
株式会社RevComm,検索エンジニア,大阪府,年収500万円～700万円,23日前,Spring転職エージェント
株式会社カプコン,ゲームエンジン開発エンジニア,大阪府 大阪市 中央区,年収400万円～650万円,公開していません,パソナキャリア
アシストアップ株式会社,自社オリジナルのクラウドサービスのサーバーエンジニア,大阪府 大阪市 本町駅 徒歩2分,公開していません,23日前,アシストアップ株式会社
株式会社アイリッジ,インフラエンジニア,大阪府,年収450万円～800万円,21日前,Spring転職エージェント
株式会社Growship,ITエンジニア 経産省による「健康経営優良法人」認定,大阪府 大阪市 長堀橋駅 徒歩3分,月給23万円～80万円,27日前,エン転職
株式会社イシカワコーポレーション,インフラエンジニア／前職給与保証,大阪府 大阪市 中央区,月給28万円～,公開していません,日経転職版
株式会社アベールジャパン,40代からの転職術 IT一筋54歳の成功例 ITエンジニア,大阪府 大阪市,月給25万円～50万円,23日前,リクナビNEXT
Sansan株式会社,Site Reliabilityエンジニア,大阪府 大阪市 渡辺橋駅 徒歩5分,"年収785万円～1,281万円",2日前,CREATIVE JOB
サン・エム・システム株式会社,ITエンジニア,大阪府 大阪市 中央区,月給22万円～,13日前,type
Nota株式会社,Webインフラ／セキュリティエンジニア,京都府 京都市 上京区,年収400万円～800万円,13日前,doda
株式会社ジェイ・ステップ,機械系エンジニア 年間休日120日 &残業少なめ 医療・物流...,大阪府,月給21万円～40万円,17時間前,エン転職
KCCSキャリアテック株式会社,未経験から”ITエンジニア”にキャリアチェンジ,大阪府,"月給20万円～21万6,000円",7日前,建職バンク
株式会社NEFコミュニケーションズ,ITエンジニア／還元率85%／月給35万円以上／未経験歓迎,大阪府 大阪市 北区,月給35万円～80万円,9日前,doda
株式会社マネーフォワード,エンジニアマネージャー／マネーフォワードクラウド,大阪府 大阪市 中央区,"年収500万円～2,000万円",15時間前,doda
株式会社AGEST,テストエンジニア,大阪府,年収350万円～700万円,16日前,エンジニアHubキャリア
株式会社ラグザス・クリエイト,Webエンジニア,大阪府 大阪市 大阪駅,年収400万円～600万円,8日前,paiza転職
株式会社グッドワークス,ITエンジニア チーム体制で活躍／還元率75%／成長環境,大阪府 大阪市 中央区,月給30万円～80万円,2日前,リクナビNEXT
株式会社リクルートスタッフィング,開発エンジニア + セールスエンジニア,大阪府 大阪市 大阪駅 徒歩4分,"時給2,000円～",9日前,リクルートスタッフィング
株式会社テクロス,バックエンドエンジニア・リード／新規DX事業「ものづくり支援」,京都府 京都市 四条駅,年収550万円～800万円,13日前,doda
株式会社アクロビジョン,初級エンジニア 未経験歓迎 残業少なめ 年間休日126日 面...,大阪府 大阪市 北区,月給24万円～50万円,7日前,女の転職type
情報セキュリティ株式会社,インターンシップ／神戸市勤務!セキュリティエンジニア・データ...,兵庫県 神戸市 元町駅 徒歩4分,"時給1,000円～",6日前,ゼロワンインターン
ルビー・グループ株式会社,開発・運用エンジニア,大阪府 大阪市 北区,年収350万円～650万円,15日前,type
アイテックソリューション株式会社,システムエンジニア、プログラマー,大阪府 大阪市 大阪駅 徒歩4分,年収350万円～450万円,10日前,paiza転職
Daigasガスアンドパワーソリューション株式会社,プラント 設計エンジニア,大阪府 大阪市 淀屋橋駅,年収400万円～650万円,22時間前,doda
株式会社ヒップ,システムエンジニア 無期雇用派遣／研修充実／1回面接／二卒歓迎,京都府,年収350万円～400万円,3日前,リクルートエージェント
T&T kindergarden,育成、評価が充実!長く働けるITエンジニア,大阪府 大阪市,月給26万円～46万円,5日前,かんたん応募
DIエージェント障害者求人／No.12268,大手グループ企業のグループで安心就業・時短勤務制度ありで働き...,大阪府 大阪市 北区,年収360万円～,10日前,BABナビ
パーソルエクセルHRパートナーズ株式会社,施工管理職、プラントエンジニア,兵庫県 姫路市 広畑駅 車5分,"時給1,800円～2,000円",10日前,ジョブチェキ！
シネロン・キャンデラ株式会社,手厚いOJT研修で安心勤務! 医療機器サービスエンジニア／臨...,大阪府 大阪市 北区,年収400万円～700万円,2日前,かんたん応募
株式会社トライト,自社メディアのWEBエンジニア,大阪府 大阪市 東梅田駅 徒歩1分,"年収500万円～1,100万円",12時間前,Green
株式会社セラク,未経験インフラエンジニア職,大阪府 大阪市 西区,年収250万円～400万円,公開していません,マイナビAGENT
株式会社IIJエンジニアリング,ネットワーク／データセンタエンジニア ～未経験OK／研修制度...,大阪府 大阪市 中央区,年収240万円～300万円,3日前,リクルートエージェント
株式会社テクノクリエイティブ,フロントエンドエンジニア,大阪府 大阪市 中央区,年収370万円～700万円,10日前,doda
株式会社Pacing,WEBエンジニア,大阪府 大阪市 北区,月給23万円～80万円,22日前,株式会社Pacing
リバティ・フィッシュ株式会社,VB.NETエンジニア,大阪府 大阪市 長堀橋駅 徒歩2分,年収290万円～700万円,4日前,paiza転職
株式会社Information Plus-T,上流工程のスキルが磨ける!システムエンジニア 土日祝休,大阪府 大阪市 新大阪駅 徒歩2分,月給30万円～60万円,3日前,リクナビNEXT
株式会社レッツアイ,マークアップ／フロントエンジニア,大阪府 大阪市 本町駅                                                                                                                                                                その他 (11),"時給1,500円～1,700円",29日前,Let's i
アクサス株式会社 正社員採用,技術的なサポートを受けられるITエンジニア,大阪府 大阪市 梅田駅,月給35万円～,2日前,アクサス株式会社AX事業本部 正社員採用
株式会社Freewill,ITエンジニア 上流案件多数／海外プロジェクトあり 未経験歓迎,大阪府,月給25万円～84万円,7日前,エン転職
株式会社アソウ・アルファ,機械エンジニア 未経験歓迎!研修制度充実,大阪府 大阪市,月給20万円～30万円,9日前,リクナビNEXT
SUN株式会社,IT・WEBエンジニア／リモート70%以上／残業月平均10h,大阪府 大阪市 大阪駅,月給25万円～50万円,11日前,doda
株式会社BeForward,web・業務系エンジニア,大阪府 大阪市 淀屋橋駅,年収350万円～600万円,13日前,doda
CTCテクノロジー株式会社,インフラエンジニア／設計・構築・運用・保守 20代活躍中,大阪府 大阪市 大阪駅 徒歩1分,"月給19万4,000円～26万円",16日前,リクナビNEXT
株式会社キャリア・ブレスユー,ITエンジニア／未経験可!知識学歴不問／残業なし／在宅勤務可,大阪府 大阪市 心斎橋駅 徒歩3分,月給22万円～32万円,6日前,doda
インフィニティコミュニケーション株式会社,ネットワークエンジニア,大阪府,年収500万円～700万円,20日前,U29JOB
株式会社クリーク・アンド・リバー社,リモートあり! エンタメに携わる～テレビ番組のWebエンジニア,大阪府 大阪市 中央区,"時給1,400円～1,600円",1日前,CREATIVE JOB
株式会社ロックウェーブ,サーバサイドエンジニア／リードエンジニア,大阪府 大阪市 新大阪駅 徒歩55分,年収276万円～650万円,6日前,paiza転職
エックスサーバー株式会社,アプリケーションエンジニア／メンバー大募集,大阪府 大阪市 大阪駅 徒歩2分,年収400万円～700万円,4日前,paiza転職
株式会社ウイルテック,コール業務 お客様とエンジニアの調整,大阪府 大阪市 新大阪駅 徒歩10分,"月給20万4,000円～",6日前,株式会社ウイルテック
株式会社アドカン,システムエンジニア,大阪府 大阪市 中央区,年収350万円～600万円,5日前,doda
株式会社ヒューマンウェイブ,サーバ・NWエンジニア,大阪府,年収400万円～800万円,7日前,type
株式会社ロジカルスタジオ,PHPエンジニア 大阪,大阪府 大阪市 本町駅 徒歩3分,年収400万円～600万円,12時間前,Green
株式会社セレマアシスト,NEW 大阪 インフラエンジニア,大阪府 大阪市 北区,年収500万円～800万円,11時間前,Green
株式会社第一コンピュータサービス,ITエンジニア 昨年度賞与3.5ヶ月分／約7割がリモートワー...,大阪府,月給24万円～60万円,21日前,エン転職
株式会社フュージョニア,未経験歓迎!最初の第一歩 ITエンジニア・NW運用・事務,大阪府 大阪市,"月給21万5,000円～",8日前,リクナビNEXT
マイクロ波化学株式会社,大阪 プロセスエンジニア ～マイクロ波プロセスで世界中の化学...,大阪府 大阪市 住之江区,"年収500万円～1,000万円",3日前,リクルートエージェント
株式会社TOPWELL,市場価値の高いPLMエンジニア／製造業DXで注目集まるPLM,大阪府 大阪市 淀川区,年収500万円～650万円,3日前,リクルートエージェント
株式会社シー・アイ・エス,ITエンジニア 前給保証／有休取得率80%以上／残業10時間...,大阪府 大阪市 本町駅 徒歩1分,月給25万円～,27日前,エン転職
株式会社NEXCOシステムズ,ITエンジニア／自社勤務／年間平均休日130日／残業月23時...,大阪府,年収400万円～800万円,23日前,Spring転職エージェント
カワサキロボットサービス株式会社,サービスエンジニア1day選考会!6月25日,兵庫県 明石市 西明石駅 徒歩15分,年収330万円～550万円,26日前,タイズ
クラスメソッド株式会社,サーバサイドエンジニア,大阪府,年収450万円～650万円,4日前,paiza転職
デンツプライシロナ株式会社,サービス部 大阪サービス サービスエンジニア,大阪府,年収400万円～700万円,9日前,Spring転職エージェント
株式会社日本教育クリエイト,エンジニア,大阪府 大阪市 大阪駅 徒歩6分,"月給21万5,000円～23万5,000円",9日前,株式会社日本教育クリエイト
パーソルR&D株式会社,アプリケーションエンジニア 最先端ハイスキル開発エンジニア集...,大阪府,年収550万円～750万円,9日前,en ミドルの転職
ネクストウェア株式会社 東京オフィス,ITエンジニア,大阪府 大阪市 中央区,月給26万円～,3日前,type
株式会社アップロード,ITエンジニア／8月・9月入社OK 手厚い研修で全くの未経験...,大阪府 大阪市 大阪ビジネスパーク駅 徒歩1分,年収300万円～500万円,2日前,Re就活
株式会社アベールヒューマンスタッフ,ITエンジニア スキルUP可!元請・リモートワーク案件多数,大阪府 大阪市,月給25万円～50万円,2日前,リクナビNEXT
株式会社テラスカイ,セールスエンジニア／クラウドインテグレーションエンジニア プ...,大阪府 大阪市 淀屋橋駅,公開していません,1日前,レバテックキャリア
株式会社フツパー,AIエンジニア、マーケティング、セールス 営業,大阪府 大阪市 東三国駅 徒歩5分,"年収300万円～1,000万円",3日前,Green
システム・エボリューション株式会社,ITエンジニア,大阪府 大阪市 西梅田駅,年収350万円～650万円,12日前,doda
株式会社シー・エヌ・エス,スマホ・ウェブエンジニア,大阪府 大阪市 肥後橋駅 徒歩1分,年収320万円～550万円,4日前,paiza転職
株式会社リクルートスタッフィング情報サービス,IT事務・ITエンジニア・PCサポート職,大阪府,年収250万円～300万円,公開していません,Aidem Smart Agent 転職
ビジネスラリアート株式会社,システムエンジニア 京都勤務,京都府 京都市 丹波口駅 徒歩2分,年収300万円～600万円,11時間前,Green
株式会社マイナビワークス,大手エンジニアリングソリューション企業のフィールドエンジニア...,大阪府,年収350万円～710万円,26日前,マイナビジョブ20's
株式会社SEITEN,経験を活かせる「エンジニア」／月給25万円～+賞与年2回&イ...,大阪府 大阪市 本町駅,月給25万円～,公開していません,Office Lady
株式会社テイジイエル,ITインフラエンジニア サーバ開発・運用保守／クラウド,大阪府 大阪市 港区,月給35万円～,4時間前,リクナビNEXT
フルカイテン株式会社,データエンジニア,大阪府 大阪市 福島区,年収500万円～800万円,7日前,パソナキャリア
米花工業株式会社,サービスエンジニア,大阪府 大阪市 堺筋本町駅 徒歩2分,年収320万円～450万円,6日前,doda
三井化学株式会社,大阪／プロセスエンジニア プライム市場上場,大阪府 高石市,年収550万円～900万円,3日前,リクルートエージェント
株式会社Y&K Narita Internati...,エンジニア,大阪府 大阪市,"月給21万5,000円～30万円",公開していません,かんたん応募
株式会社アライズ,エンジニア／未経験OK／充実した教育／年休125日,大阪府 大阪市 大阪駅,"月給19万5,000円～",9日前,doda
株式会社アスキング,システムエンジニア 基本自社開発 フルリモート可 希望の案件...,大阪府 大阪市 福島区,年収400万円～700万円,7日前,doda
合同会社Over.ZERO Meeting BA...,ITエンジニア／未経験可／研修完備,大阪府 大阪市 淀川区,月給28万円～,8日前,合同会社Over.ZERO
ラフターグループ株式会社,システムエンジニア SE,大阪府 大阪市 中之島駅 徒歩11分,月給25万円～60万円,公開していません,ラフターグループ株式会社
株式会社ブリンクグル―プ,ITエンジニア 定着率95%!キャリア&給与アップ全力支援,大阪府 大阪市,月給23万円～70万円,21日前,リクナビNEXT
住友化学株式会社,機械設計エンジニア,大阪府 大阪市 此花区,年収600万円～900万円,16日前,タイズ
日本イデアシステム株式会社,大阪組込エンジニア 創業期の会社で挑戦可能／賞与年3回／残業...,大阪府,年収350万円～600万円,3日前,リクルートエージェント
ローム株式会社,フィールドアプリケーションエンジニア,京都府 京都市 右京区,年収400万円～750万円,6時間前,マイナビAGENT
ケイ.イー.シー.株式会社,インフラエンジニア,大阪府 大阪市 大阪梅田駅,"月給23万円～25万4,000円",1日前,ケイ.イー.シー.株式会社
株式会社ヨドック,自社内開発のITエンジニア 残業ほぼナシ／有休消化率約90%...,大阪府 大阪市 新大阪駅 徒歩2分,月給25万円～,21日前,エン転職
株式会社ラヴェリオリンクスタッフ,企画営業／法人営業／コンサルタント エンジニアサポート会社で...,大阪府 吹田市 江坂駅 徒歩5分,"月給25万円～40万4,000円",14日前,株式会社ラヴェリオリンクスタッフ
株式会社ネットオン,フロントエンドエンジニア,大阪府 大阪市 大阪駅 徒歩12分,年収428万円～686万円,公開していません,paiza転職
ブライザ株式会社,システム開発エンジニア,大阪府 大阪市 大阪駅 徒歩9分,月給30万円～55万円,7日前,type
富士ソフト株式会社,未経験ITエンジニア／9月1日入社で同期と一緒にエンジニアデ...,大阪府,年収350万円～450万円,1日前,Re就活
クラウドエース株式会社,フロントエンドエンジニア・エンジニアリングマネージャー,大阪府 大阪市 北区,年収500万円～800万円,3日前,Green
株式会社タンバリン,フロントエンドエンジニア,大阪府 大阪市 天満駅 徒歩5分,年収350万円～600万円,22日前,U29JOB
ゲティンゲグループ・ジャパン株式会社,IC事業部:病院向け滅菌器・洗浄器のフィールドサービスエンジ...,兵庫県,年収400万円～600万円,15日前,Spring転職エージェント
日立グローバルライフソリューションズ株式会社,20～30代の若手活躍中 家電製品の整備・サービスエンジニア,京都府,年収700万円,9日前,リクナビNEXT
株式会社ダイヤモンドパーソネル,三菱電機グループの設計エンジニア 年休125日 福利厚生充実,大阪府 大阪市,月給24万円～35万円,21日前,エン転職
三井住友トラスト・システム&サービス株式会社,福利厚生充実 社内インフラエンジニア,大阪府 豊中市 千里中央駅 徒歩2分,月給24万円～,9日前,リクナビNEXT
株式会社ウィズツーワン,システムエンジニア,大阪府 大阪市 扇町駅,年収350万円～600万円,14日前,doda
インフォメーションサービスフォース株式会社,システムエンジニア,大阪府 大阪市 肥後橋駅 徒歩1分,年収250万円～600万円,12日前,doda
株式会社インタードリーム,システムエンジニア 自社内開発 100%／私服勤務OK／残業...,兵庫県 神戸市 みなと元町駅 徒歩3分,月給40万円～,24日前,エン転職
freee株式会社,Webアプリケーションエンジニア／freee会計開発エンジニア,大阪府 大阪市 都島区,"年収500万円～1,000万円",15時間前,doda
Jeisys Medical Japan株式会社,サービスエンジニア,大阪府,年収400万円～550万円,公開していません,Aidem Smart Agent 転職
株式会社メディアバーン,ITエンジニア ――未経験者も経験者も、有意義となる転職を,京都府,"月給22万1,000円～",23時間前,マイナビ転職
株式会社NIS,PG・サーバエンジニア／業務系アプリ設計・開発,大阪府 大阪市 大阪駅,月給20万円～,6日前,リクナビNEXT
株式会社アーシャルデザイン,"ITエンジニア ""スポーツ"" × ""IT"" × ""東京""",兵庫県 神戸市,月給22万円～30万円,23日前,かんたん応募
ダイキン工業株式会社,製造業向け業務改革パッケージのシステムエンジニア,大阪府 大阪市 梅田駅,年収500万円～900万円,8日前,doda
ビートテック株式会社,インフラエンジニア 成長意欲の高い方歓迎／FPGA・ASIC...,大阪府 大阪市 大阪駅,公開していません,1日前,レバテックキャリア
株式会社ジンアース,開発エンジニア,大阪府 大阪市 大阪駅,月給22万円～,9時間前,type
ポールトゥウィン株式会社,テストエンジニア,大阪府 大阪市 堺筋本町駅 徒歩4分,年収250万円～350万円,26日前,キャリコネ転職
株式会社フィーリスト,Webエンジニア,京都府 京都市 中京区,年収350万円～550万円,17日前,paiza転職
株式会社Cloud Equity,インフラエンジニア～リモートワーク可／NFT／上流工程／客先...,大阪府 大阪市 なんば駅 徒歩7分,年収396万円～600万円,13日前,doda
株式会社D・Ace,開発エンジニア,大阪府 大阪市 西中島南方駅 徒歩4分,年収430万円～600万円,9時間前,type
株式会社ジェーエムエーシステムズ,ITエンジニア,大阪府 大阪市 淀屋橋駅,年収420万円～600万円,12日前,doda
デジタルプロセス株式会社,CAE解析エンジニア～元日産自動車グループで現富士通グループ...,大阪府,年収400万円～650万円,9日前,doda
株式会社RISING,ITエンジニア 学歴不問／高待遇,大阪府 大阪市 北区,月給28万円～80万円,公開していません,かんたん応募
株式会社プログデンス,大阪／増員 ネットワークエンジニア 運用業務から、上流工程へ...,大阪府 大阪市 大阪駅,年収350万円～900万円,14日前,Green
Person’s株式会社,ITエンジニア／残業月10h／リモート案件多数／年休130日,大阪府,月給30万円～,10日前,doda
株式会社フューチャー・コミュニケーションズ,インフラエンジニア,大阪府 大阪市 福島駅 徒歩5分,"時給2,000円",9日前,イーキャリア
日立造船株式会社,37 プラントエンジニアリング,大阪府 大阪市 コスモスクエア駅,年収400万円～800万円,10日前,doda
株式会社ツビックローエル,経験者優遇 少数精鋭エンジニア集団 サービスエンジニア,大阪府 大阪市,月給40万円～70万円,4時間前,リクナビNEXT
星和電機株式会社,IoT照明のインフラエンジニア,京都府 城陽市 城陽駅,年収470万円～570万円,5日前,doda
株式会社インターネットイニシアティブ,大阪 事業基盤システムエンジニア,大阪府 大阪市 中央区,年収420万円～850万円,公開していません,マイナビAGENT
株式会社ジョブカン会計,アプリエンジニア／企画フェーズから参画／使いやすさに拘るエン...,大阪府 大阪市 浪速区,年収420万円～600万円,7日前,doda
SOLIZE Engineering株式会社,CAEエンジニア,大阪府,年収350万円～600万円,公開していません,Aidem Smart Agent 転職
ヴァイタル・インフォメーション株式会社,システムエンジニア@大阪,大阪府 大阪市 本町駅 徒歩3分,年収400万円～750万円,1日前,Green
株式会社サンキテック,開発エンジニア／100%自社案件／リモート・時短OK／転勤無,大阪府 大阪市 天満駅 徒歩7分,月給30万円～80万円,4日前,doda
クボタ環境エンジニアリング株式会社,2023 新卒採用 プラント・エンジニアリング,大阪府 八尾市,"月給21万3,000円～22万1,000円",21日前,リクナビ2023
Gateテクノロジーズ株式会社,エンジニア,大阪府 大阪市 中央区,"月給19万1,850円",公開していません,専門学校の就活 Career Map
株式会社JOINT CREW,システムエンジニア,大阪府 大阪市 中津駅,年収350万円～600万円,11日前,doda
株式会社エクサウィザーズ,構造化機械学習エンジニア,京都府 京都市 左京区,年収480万円～540万円,公開していません,株式会社エクサウィザーズ
株式会社パソナ,IT業界 システムエンジニア,大阪府 大阪市 堺筋本町駅 徒歩5分,"時給2,100円",7日前,パソナJOBサーチ
関西電力株式会社,プラントエンジニア・プロジェクトマネージャー 年休121日,大阪府 大阪市 北区,"月給21万6,000円～",3日前,リクナビNEXT
Daigasエナジー株式会社,熱 エンジニアリング職,大阪府 大阪市 淀屋橋駅,年収450万円～750万円,8日前,doda
エヌアイシィ株式会社,ITエンジニア／第二新卒歓迎／異業種からの転職者を幅広く採用...,大阪府 大阪市,年収300万円～400万円,2日前,Re就活
株式会社D-design,システムエンジニア,大阪府,月給19万円～,公開していません,U29JOB
Baseconnect株式会社,エンジニアマネージャー／営業効率化サービス「Musubu」展...,京都府 京都市 二条駅,"年収600万円～1,000万円",9日前,doda
株式会社ジーウェーブ,システムエンジニア、プログラマー,大阪府 大阪市,月給25万円～45万円,公開していません,Q-JiN
インターネット・ビジネスサービス株式会社,ITエンジニア,大阪府 大阪市 北区,月給22万円～,3日前,type
メディアサイト株式会社,開発エンジニア・リーダークラス／映像配信プラットフォーム,大阪府 吹田市 江坂駅,年収450万円～550万円,6日前,doda
株式会社デザインネットワーク,アプリケーションエンジニア,兵庫県,年収400万円～600万円,22日前,U29JOB
ホリゾン・ジャパン株式会社,サービスエンジニア IoT化推進優良企業／国内シェアNo.1,京都府 京都市 南区,年収400万円～700万円,3日前,リクルートエージェント
パーソルエクセルHRパートナーズ,構築から上流へ!ネットワークエンジニア!得意な分野をお任せ,大阪府 大阪市 大阪ビジネスパーク駅 徒歩1分,"時給2,200円～2,500円",11日前,エン派遣
ラーニンギフト株式会社,インフラエンジニア PJ手当月平均6万円／高額昇給制度有／住...,大阪府 大阪市 中央区,月給23万円～35万円,14日前,エン転職
コンピューターサイエンス株式会社,開発エンジニア 時短OK 年休125日 6割がリモート中 育...,大阪府,月給24万800円～,4日前,女の転職type
株式会社FUSIONIA,開発エンジニア,大阪府 大阪市 中央区,月給32万円～65万円,9時間前,type
株式会社Hampstead,自社内の開発エンジニア プライム・受託開発100%／フルリモ...,京都府 京都市 烏丸御池駅 徒歩5分,月給24万円～35万円,27日前,エン転職
株式会社マキシム,Webエンジニア,兵庫県 神戸市 貿易センター駅 徒歩3分,年収400万円～600万円,6日前,paiza転職
株式会社トリサン,Unityエンジニア／モバイル向け新作オリジナルタイトル 高...,大阪府 大阪市 北浜駅 徒歩3分,"時給2,000円～3,500円",公開していません,トリサンクリエイター
株式会社スタッフサービス・エンジニアリング,エンジニア職,大阪府 大阪市 北区,公開していません,公開していません,マイナビAGENT
富士フイルムメディカル株式会社,日系大手。臨床工学技士歓迎! 医療機器サービスエンジニア募集,大阪府 大阪市 港区,年収450万円～700万円,2日前,かんたん応募
GMOサイバーセキュリティ byイエラエ株式会社,セキュリティエンジニア,大阪府 大阪市 大阪駅,"年収450万円～1,000万円",8日前,doda
株式会社フォトシンス,インフラエンジニア,大阪府 大阪市 北新地駅 徒歩3分,"年収600万円～1,200万円",4日前,Green
オークラサービス株式会社,2023 新卒採用 機械・プラントエンジニアリング,大阪府 大阪市,"月給18万5,000円～22万5,000円",16日前,あさがくナビ2023
株式会社パートナー,設計・構築を目指す! インフラエンジニア 年間休日124日,大阪府 大阪市 北区,月給20万円～50万円,公開していません,マイナビ転職
株式会社ディ・アイ・システム,システムエンジニア／ネットワークエンジニア,大阪府 大阪市 北区,月給20万600円,公開していません,専門学校の就活 Career Map
フルウィル株式会社,インフラエンジニア／月給32万～／還元率70%超／上場Grp,大阪府 大阪市 西区,月給32万円～60万円,15日前,doda
株式会社エスワイシステム,ITエンジニア 1年の研修を3ヶ月で習得できる!未経験エンジ...,大阪府 大阪市 中央区,月給22万円～,14日前,エン転職
株式会社ネクプロ,AWSエンジニア ウェビナーマーケティング支援プラットフォー...,京都府,"年収500万円～1,000万円",5日前,doda
三井金属エンジニアリング株式会社,2023 新卒採用 プラントエンジニアリング,大阪府,"月給18万3,700円～23万4,500円",16日前,キャリタス就活2023
ディーピーティー株式会社,ITエンジニア 未経験・微経験スタート歓迎 個別研修も実施中,大阪府,月給23万円～50万円,13日前,マイナビ転職
万佳株式会社,アプリ開発エンジニア,大阪府 大阪市 梅田駅 徒歩6分,年収400万円～700万円,12時間前,Green
アイオステクノロジー株式会社,プログラマ・システムエンジニア,大阪府 大阪市 浪速区,月給30万円～55万円,11日前,doda
株式会社日本ピュアシステム,インフラエンジニア 大手生保会社と直接取引／年間休日125日...,大阪府 大阪市 本町駅 徒歩4分,年収340万円～650万円,8日前,doda
AJ・Flat株式会社,ITエンジニア／給与待遇の最大化を実現,大阪府 大阪市 福島駅,月給30万円～40万円,1日前,doda
株式会社ティーネットジャパン,機械系モノづくりエンジニア 未経験歓迎!意欲重視／土日祝休み...,大阪府,月給27万円,17時間前,エン転職
合同会社マサル,前職給保証&希望勤務地確約!ストレスフリーな ITエンジニア,大阪府 大阪市 淀川区,月給35万円～,23日前,マイナビ転職
株式会社アイセル,システムエンジニア,大阪府 大阪市 西梅田駅 徒歩4分,月給23万円～,1日前,U29JOB
株式会社サンウェル,システムエンジニア,大阪府,年収420万円～600万円,22日前,U29JOB
株式会社PLAN-B,エンジニアリングマネージャ 大阪勤務,大阪府 大阪市 西大橋駅 徒歩1分,"年収600万円～1,000万円",6日前,Green
共同エンジニアリング株式会社,兵庫 プラントエンジニア 未経験から市場価値の高い人材になれ...,兵庫県,年収308万円～,3日前,リクルートエージェント
株式会社松風,WEBエンジニア 業界唯一の上場企業,京都府 京都市 東山区,年収400万円～660万円,3日前,リクルートエージェント
株式会社マス商事,サービスエンジニア 完全週休2日,大阪府 大阪市 淀川区,月給25万79円～45万446円,15日前,マイナビ転職
株式会社アルダック,システムエンジニア,大阪府 大阪市 清水駅,年収300万円～570万円,12日前,doda
株式会社ワンパク,Ruby／PHPエンジニア,大阪府 大阪市 大阪駅 徒歩8分,年収350万円～650万円,9日前,paiza転職
シキボウ株式会社,未経験から技術を身に着けられる技術開発／機械・電気エンジニア,大阪府 高石市 羽衣駅,月給17万円～29万円,2日前,リクナビNEXT
株式会社ドリームラボ,パティシエ専門求人サイトのWebエンジニア／業界未経験可／年...,大阪府 大阪市 中崎町駅,月給26万円～40万円,14日前,女の転職type
株式会社NECT,総合職／営業・エンジニア・スタッフ管理・人材コーディネーター...,大阪府,年収350万円～800万円,2日前,Re就活
株式会社Brushup,Webエンジニア,大阪府 大阪市 大阪駅 徒歩5分,年収400万円～700万円,4時間前,CREATIVE JOB
日揮株式会社,空調設計エンジニア,大阪府,"年収700万円～1,200万円",公開していません,建設・設備求人データベース
Micoworks株式会社,エンジニア,大阪府 大阪市 中津駅,"年収800万円～1,200万円",6日前,doda
株式会社日本アシスト,開発エンジニア,大阪府 大阪市 天王寺駅 徒歩2分,年収455万円,3日前,type
パーソル テクノロジー スタッフ株式会社,インフラエンジニア ～リーダー候補 関西×残業少×福利厚生充...,大阪府 大阪市 北区,年収400万円～650万円,公開していません,マイナビAGENT
株式会社デルタエンジニアリング,実務半年～可!インフラエンジニア,大阪府 大阪市 梅田駅,"月給22万2,600円～54万4,100円",公開していません,かんたん応募
株式会社石垣,セールスエンジニア,大阪府 大阪市 新大阪駅,年収400万円～500万円,9日前,doda
株式会社スリーエース,開発エンジニア,京都府 京都市 丸太町駅 徒歩8分,年収350万円～600万円,10日前,paiza転職
株式会社グリーンウェイズ,Webエンジニア 年休130日以上 残業少なめ 未経験OK・...,大阪府 大阪市 北区,月給26万円～60万円,8日前,女の転職type
株式会社トリニティ,製品設計～大学や大手メーカーとの共同開発多数のトータルエンジ...,大阪府,年収340万円～600万円,14日前,doda
辰巳電子工業株式会社,システムエンジニア,大阪府,年収304万円～728万円,公開していません,Spring転職エージェント
株式会社スプレッド,システムエンジニア,大阪府 大阪市 中央区,年収300万円～656万円,5日前,doda
NEXT株式会社,インフラエンジニア,大阪府 大阪市 心斎橋駅 徒歩3分,年収400万円～800万円,22日前,U29JOB
YK Global Education,エンジニア職 文系 未経験OK,大阪府,"月給21万5,000円～",公開していません,かんたん応募
株式会社ジークス,Webシステムエンジニア,大阪府 大阪市 肥後橋駅 徒歩1分,年収400万円～600万円,4日前,paiza転職
京セラコミュニケーションシステム株式会社,フレームワーク開発エンジニア／KCビジネスイノベーション部,京都府 京都市 伏見区,年収500万円～800万円,公開していません,マイナビAGENT
株式会社フラット,ITエンジニア 社内業務ゼロ／ゆる～く自由に働ける／リモート...,大阪府 大阪市 阿倍野区,月給32万円～60万円,3日前,エン転職
株式会社ライズサービス,組み込み系エンジニア,大阪府 大阪市 本町駅 徒歩4分,月給30万円～46万円,公開していません,株式会社ライズサービス
株式会社ネクストビート,AIリードエンジニア,大阪府 大阪市 中津駅 徒歩3分,"年収700万円～1,200万円",13日前,doda
株式会社エイチーム,Web開発エンジニア,大阪府 大阪市 梅田駅 徒歩3分,年収600万円～,4日前,paiza転職
株式会社コージャル,テレフォニーエンジニア 大手企業と直接取引／設立30年以上／...,大阪府 守口市 大日駅 徒歩5分,月給30万円～40万円,27日前,エン転職
株式会社ゼネック,AWSクラウド周りのインフラエンジニア,大阪府 大阪市,年収350万円～650万円,公開していません,マイナビAGENT
テクノブレイブ株式会社,インフラエンジニアPM／社員定着率96.2%／全社平均残業1...,大阪府,年収550万円～650万円,12日前,doda
B&R株式会社,製造現場を制御する アプリケーション・エンジニア,大阪府 大阪市,"月給32万1,429円～46万4,286円",3日前,リクナビNEXT
JOHNAN株式会社,水中ドローンのメンテナンスエンジニア,京都府 宇治市 大久保駅 徒歩12分,年収370万円～470万円,7日前,doda
株式会社アクターリアリティー,ITエンジニア ～活躍できるフィールド多数～,大阪府 大阪市 京橋駅 徒歩4分,月給20万円～55万円,9日前,かんたん応募
日本ビジネスシステムズ株式会社,SE／クラウドアプリケーションエンジニア／案件拡大中／WLB,大阪府 大阪市 淀川区,年収420万円～750万円,3日前,リクルートエージェント
WDB株式会社,システムエンジニア,兵庫県 姫路市 姫路駅 徒歩15分,"時給1,600円～1,700円",1日前,WDB.com
エクセルコンピュータサービス株式会社,インフラエンジニア,大阪府 大阪市 肥後橋駅,年収350万円～450万円,13日前,doda
株式会社ルートゼロ,ITエンジニア 高還元率75% 上流へのステップアップも、フ...,大阪府 大阪市 西区,月給28万円～,27日前,エン転職
ケルヒャー ジャパン株式会社,サービスエンジニア,大阪府,年収350万円～500万円,16日前,Aidem Smart Agent 転職
株式会社エイトエンジニアリング,中途メンバー全員が、収入UPの実績! 設計エンジニア,大阪府 池田市,月給25万円～80万円,公開していません,マイナビ転職
アトラスシステム株式会社,ITエンジニア フレックスタイム制、残業月10時間ほど,大阪府 大阪市 本町駅 徒歩1分,"月給19万5,000円～39万5,000円",27日前,エン転職
株式会社コンステックホールディングス,システムエンジニア,大阪府 大阪市 北浜駅 徒歩6分,年収450万円～600万円,6日前,paiza転職
株式会社丸島アクアシステム,2023 新卒採用 プラント・エンジニアリング,大阪府 大阪市 中央区,"月給18万522円～27万5,359円",21日前,リクナビ2023
株式会社シンプルソフトウェア研究所,初級ITエンジニア 休める 学べる 楽しめる,大阪府 大阪市 西中島南方駅 徒歩4分,月給20万円～,公開していません,マイナビ転職
株式会社SCAシステム,ITエンジニア 未経験歓迎 残業月10h／在宅勤務あり／賞与...,大阪府,月給21万円～60万円,23日前,マイナビ転職
株式会社IAT,制御設計エンジニア 世界最大市場、中国へ向けた自動車開発,京都府 京都市 中京区,年収420万円～560万円,3日前,リクルートエージェント
株式会社日本AIコンサルティング,WEBエンジニア フルスタック／開発責任者,大阪府 吹田市 江坂駅 徒歩3分,年収300万円～700万円,12時間前,Green
富士インフォックス・ネット株式会社,サーバ・ネットワークエンジニア ワークライフバランス推進企業...,大阪府,月給29万円～50万円,12時間前,en ミドルの転職
アイチケット株式会社,サーバサイドエンジニア,大阪府 大阪市 新大阪駅 徒歩8分,年収400万円～600万円,4日前,paiza転職
App Hearts株式会社,ITエンジニア 経験の浅い方もOK,大阪府 大阪市 大江橋駅 徒歩3分,月給30万円～70万円,9日前,マイナビ転職
タマダ株式会社,2023 新卒採用 プラント・エンジニアリング,大阪府,"月給17万3,000円～19万9,000円",公開していません,リクナビ2023
株式会社スリー・イー,インフラエンジニア／キャリアチェンジ入社の先輩社員多数!“エ...,大阪府 大阪市 中央区,年収300万円～350万円,2日前,Re就活
株式会社グローバー,WEBエンジニア,大阪府 大阪市 肥後橋駅,年収300万円～600万円,10時間前,doda
アマゾン ウェブ サービス ジャパン合同会社,クラウドサポートエンジニア／在宅勤務可／第二新卒歓迎,大阪府 大阪市 北区,年収700万円～,13日前,女の転職type
グロースアンドコミュニケーションズ株式会社,福岡 システムエンジニア／プログラマ／サーバエンジニア／デー...,大阪府 大阪市 中央区,年収360万円～840万円,12時間前,Green
株式会社メディブレーン,自社内開発エンジニア／社会インフラに関わる仕事／抜群の安定感,大阪府 大阪市 堺筋本町駅,月給25万円～30万円,10日前,doda
株式会社I2C,未経験歓迎 ITエンジニア 20代活躍中 女性7割 文系7割,大阪府 大阪市 大阪駅,"月給21万3,600円",6日前,マイナビ転職
SCSKサービスウェア株式会社,SCSKグループのインフラエンジニア,大阪府 大阪市 北浜駅,"月給25万5,000円～",23時間前,doda
応用技術株式会社,AWS エンジニア ～自社内勤務～,大阪府 大阪市 北区,年収380万円～650万円,公開していません,マイナビAGENT
株式会社エニシアス,大阪 アプリケーションエンジニア:主力メンバ・リーダー候補,大阪府 大阪市 新大阪駅 徒歩3分,年収300万円～600万円,12時間前,Green
株式会社ISID-AO,CAD・PLMソリューションエンジニア,大阪府,公開していません,11日前,ELITE Network.
株式会社ギャラクシィ・ファームウェア,未経験歓迎!ネットワーク・Webエンジニア,大阪府 大阪市,"月給22万8,000円～",3日前,リクナビNEXT
SHODA株式会社,サービスエンジニア～未経験歓迎／教育制度あり～,大阪府 東大阪市 吉田駅,年収320万円～500万円,12日前,doda
株式会社松井製作所,サービスエンジニア,大阪府 枚方市 樟葉駅 バス15分,"月給22万6,000円～",2日前,株式会社松井製作所
株式会社ユニクエスト,フルリモート勤務 SREエンジニア／リードエンジニア web...,大阪府 大阪市 本町駅 徒歩7分,年収600万円～850万円,12時間前,Green
山陽ファースト株式会社,WEBエンジニア,大阪府 大阪市 谷町九丁目駅 徒歩3分,年収450万円～550万円,2日前,Green
株式会社スタートアップテクノロジー,Webエンジニア クライアントワークをアジャイル開発で,大阪府,年収500万円～800万円,17日前,Spring転職エージェント
TIS株式会社,TIS事業を技術で牽引するリードエンジニア,大阪府 大阪市 北区,公開していません,公開していません,TIS株式会社
株式会社堀場テクノサービス,フィールドエンジニア,京都府 京都市 西大路駅,年収400万円～600万円,16時間前,doda
帝人株式会社,建築エンジニア,大阪府 大阪市 肥後橋駅,年収470万円～850万円,13時間前,doda
ネクストフィールド株式会社,テストエンジニア ゲーム・アプリ好き歓迎／年休125日～／残...,大阪府,"月給21万3,500円～",27日前,エン転職
株式会社ダイセル,計画・設計／プラントエンジニア,兵庫県 姫路市,年収400万円～600万円,公開していません,マイナビAGENT
株式会社システナ,システムエンジニア／PM,大阪府,"年収400万円～1,000万円",16日前,イーキャリアFA
ダイキンエアテクノ株式会社,サービスエンジニア 空調世界No.1のダイキングループ,兵庫県 神戸市 中央区,年収450万円～600万円,5日前,doda
株式会社EIGHTIST,ITエンジニア 入社後のスキルアップ達成率100%／残業ほぼ...,大阪府 大阪市 長堀橋駅 徒歩5分,月給27万円～55万円,27日前,エン転職
フリュー株式会社,アプリエンジニア,京都府 京都市 下京区,年収450万円～760万円,3日前,paiza転職
株式会社KiizanKiizan,フロントエンドエンジニア,大阪府 大阪市 本町駅 徒歩6分,年収440万円～660万円,4日前,Green
株式会社サン・エンジニアリング,システムエンジニア・プログラマー,大阪府 大阪市 新大阪駅 徒歩10分,年収250万円～600万円,26日前,キャリコネ転職
