株式会社るーぷ,WEBサイトのフロントエンジニア／SE,奈良県 奈良市 高の原駅 徒歩6分,月給27万円～,1時間前,リクナビNEXT
株式会社Dolls,女性ブランド「mayla」のWEBエンジニア・社内SE,大阪府 堺市 堺駅 徒歩2分,月給24万円～,3時間前,リクナビNEXT
株式会社モトヤ,WEBエンジニア／PHPシステム開発 正社員後はテレワーク,大阪府 大阪市 堺筋本町駅 徒歩4分,"時給2,200円～2,300円",公開していません,DTPジョブズ
株式会社伸和トータルエンジニアリング,WEBエンジニア,大阪府 大阪市 大阪天満宮駅 徒歩6分,年収300万円～500万円,8日前,U29JOB
株式会社メディベース,Web エンジニア,大阪府 大阪市 大阪駅 徒歩2分,年収400万円～,5日前,Green
株式会社グローバー,WEBエンジニア,大阪府 大阪市 肥後橋駅,年収300万円～600万円,7日前,doda
株式会社キーエンス,フロントエンドエンジニア・Web開発エンジニア,大阪府 大阪市 西中島南方駅 徒歩10分,"月給23万7,000円～",公開していません,マイナビ転職
株式会社GWF,Webエンジニア,大阪府 大阪市 新大阪駅 徒歩7分,年収300万円～,14日前,Green
株式会社エイデック,Webエンジニア,大阪府 大阪市 大阪ビジネスパーク駅,年収440万円～590万円,6日前,Green
ラフデザイン株式会社,店舗スタッフ／営業／Web制作「デザイナー・エンジニア」他 勤務職種は本人の希望を考慮の上,兵庫県 西宮市 西宮北口駅 徒歩7分,月給18万円～30万円,3日前,ラフデザイン株式会社
ナツメアタリ株式会社,WEBエンジニア,大阪府 大阪市 西梅田駅 徒歩7分,年収350万円～700万円,1日前,Green
株式会社キューボック,WEB開発エンジニア,大阪府 大阪市 堺筋本町駅,年収400万円～600万円,公開していません,paiza転職
ケントシステム株式会社,モバイル系システムエンジニア／Web／IT,大阪府 大阪市 堺筋本町駅 徒歩7分,月給20万円～50万円,公開していません,バイトルPRO
株式会社ラグザス・クリエイト,Webエンジニア,大阪府 大阪市 大阪駅,年収400万円～600万円,公開していません,paiza転職
株式会社デジタルトラスト,Webエンジニア 企画段階から携われます,大阪府 大阪市 北浜駅 徒歩6分,月給32万円～,18日前,エン転職
株式会社ダトラ,Webエンジニア,大阪府 大阪市 本町駅,年収400万円～700万円,11日前,doda
株式会社Scene Live,WEBエンジニア,大阪府 大阪市 本町駅 徒歩3分,年収400万円～780万円,公開していません,paiza転職
株式会社イーナ,Webエンジニア,大阪府 大阪市 本町駅 徒歩3分,年収400万円～700万円,19日前,paiza転職
株式会社ハート・オーガナイゼーション,Webエンジニア,大阪府 大阪市 淀川区,年収400万円～800万円,22日前,doda
株式会社Qript,Webエンジニア,大阪府 大阪市 心斎橋駅 徒歩5分,年収360万円～600万円,公開していません,paiza転職
リバティ・フィッシュ株式会社,Ruby on Rails システムエンジニア・Webエンジニア,大阪府,"月給21万6,000円～35万円",公開していません,PROSEEK
まりもテクノロジー株式会社,ワークライフバランスを大切にして働ける WEBエンジニア,大阪府 大阪市 大阪駅 徒歩15分,月給21万円～,3時間前,リクナビNEXT
株式会社日本AIコンサルティング,WEBエンジニア フルスタック／開発責任者,大阪府 吹田市 江坂駅 徒歩3分,年収300万円～700万円,16時間前,Green
株式会社松風,WEBエンジニア 業界唯一の上場企業,京都府 京都市 東山区,年収400万円～660万円,公開していません,リクルートエージェント
タイガーラック株式会社,Webエンジニア ～職場環境と福利厚生の充実に注力・スキルアップ支援あり～,大阪府 東大阪市 布施駅,年収390万円～450万円,17日前,doda
小山株式会社,Webエンジニア／創業128年の医療福祉用具のリーディングカンパニー,大阪府 大阪市 天王寺駅,年収400万円～600万円,20日前,doda
株式会社ルート・シー,Webエンジニア マネージャー候補,大阪府 大阪市 JR難波駅,年収550万円～750万円,1日前,Green
有限会社クレスト,Web・オープン系システムエンジニア 大阪,大阪府 大阪市 四ツ橋駅 徒歩2分,年収400万円～600万円,16時間前,Green
日本フードデリバリー株式会社,Web開発エンジニア,大阪府 大阪市 肥後橋駅,年収520万円～910万円,7日前,paiza転職
株式会社Minato,WEBエンジニア,兵庫県 神戸市 元町駅 徒歩1分,年収300万円～600万円,17時間前,Green
トラストリング株式会社,"webデザイナー,エンジニア,広報,営業 オンライン会社説明会でお酒を飲みながら新卒採用",大阪府 大阪市 緑橋駅 徒歩3分,"月給20万6,000円",公開していません,かんたん応募
株式会社ブリッジコーポレーション,Webエンジニア,京都府 京都市 烏丸御池駅 徒歩1分,年収500万円～620万円,公開していません,U29JOB
ネゾット株式会社,Webアプリケーションエンジニア プログラマー,兵庫県 姫路市 姫路駅 徒歩5分,年収500万円～650万円,16時間前,Green
株式会社ドリームラボ,パティシエ専門求人サイトのWebエンジニア／業界未経験可／年休125日,大阪府 大阪市 中崎町駅,月給26万円～40万円,15日前,女の転職type
ashworld株式会社,プログラマー WEBエンジニア 6ヶ月間のカリキュラムでプロのエンジニアになれる,大阪府 大阪市 心斎橋駅 徒歩5分,"月給20万5,500円～24万円",公開していません,ashworld株式会社
ナッシュ株式会社,WEBエンジニア,大阪府 大阪市 本町駅 徒歩5分,"月給25万円～39万1,000円",5日前,U29JOB
株式会社インゲージ,WEBエンジニア／継続率99%のSaaS／IPO,大阪府 大阪市 北区,年収400万円～800万円,公開していません,リクルートエージェント
アッシュワールド株式会社,WEBエンジニア 未経験スタートから6ヶ月のカリキュラムでプロのエンジニアに,大阪府 大阪市 心斎橋駅 徒歩5分,"月給20万5,500円～30万円",21日前,アッシュワールド株式会社
株式会社テイジイエル,Webシステム開発エンジニア,大阪府 大阪市 大阪ビジネスパーク駅,年収500万円～650万円,11日前,doda
株式会社セルバ,フルリモート 平均残業時間月14.63時間 100%自社開発 Webエンジニア 大手企業,大阪府 大阪市 北浜駅,年収456万円～700万円,2日前,Green
株式会社エイジェックスデジタルストラテジーズ,未経験可 WEBエンジニア,京都府 京都市 四条駅,年収450万円～650万円,9日前,Green
株式会社プロリード,WEBアプリエンジニア,大阪府 大阪市 新福島駅,年収300万円～600万円,17日前,doda
株式会社ナスピア,WEBエンジニア職／100%自社内勤務／残業10H以下／私服勤務OK,大阪府 大阪市 北区,年収350万円～500万円,公開していません,リクルートエージェント
株式会社W-ENDLESS,Webエンジニア,大阪府 大阪市 四ツ橋駅 徒歩1分,"月給21万4,000円～",公開していません,U29JOB
株式会社プロキシー,Webエンジニア,大阪府 大阪市 西中島南方駅,年収450万円～500万円,18日前,doda
株式会社グランネット,社内システムエンジニア／Webエンジニア,大阪府 大阪市 北区,公開していません,公開していません,マイナビAGENT
アイプラザ株式会社,Webシステムエンジニア,大阪府 大阪市 淀屋橋駅,年収350万円～600万円,21日前,doda
株式会社MIRISE,WEBデザイナー又はWEBエンジニア募集,京都府 京都市 円町駅 徒歩3分,"時給980円～1,200円",公開していません,株式会社MIRISE
GEEKS株式会社,Webエンジニア,大阪府 大阪市 心斎橋駅 徒歩5分,年収300万円～450万円,公開していません,paiza転職
株式会社デジアサ,WEB エンジニア,大阪府 大阪市 福島駅,"月給20万9,500円",公開していません,株式会社デジアサ
株式会社リプロス,Webエンジニア,大阪府 大阪市 天神橋筋六丁目駅 徒歩4分,年収500万円～800万円,8日前,Green
ななし株式会社,Webエンジニア,大阪府 大阪市 中津駅,年収348万円～800万円,22日前,doda
株式会社パスカル,WEBサービス開発のエンジニア,大阪府 大阪市 天満橋駅 徒歩3分,月給24万円～30万円,10日前,かんたん応募
株式会社コウズ,ウェブエンジニア,大阪府 大阪市 本町駅 徒歩3分,"月給37万5,000円～42万円",公開していません,株式会社コウズ
アイ・エイ・ジェイ株式会社,Webエンジニア・サーバレスエンジニア,兵庫県 神戸市 摂津本山駅,年収400万円～600万円,18日前,doda
株式会社シー・エヌ・エス,スマホ・ウェブエンジニア,大阪府 大阪市 肥後橋駅 徒歩1分,年収320万円～550万円,公開していません,paiza転職
eBASE GROUP,Webデザイナー webエンジニア／正社員採用,大阪府 大阪市 中津駅,公開していません,公開していません,eBASE GROUP
株式会社インクルード,Webエンジニア,大阪府 大阪市 本町駅,年収400万円～500万円,16日前,doda
株式会社Atomis,Webエンジニア,京都府 京都市 出町柳駅 徒歩5分,年収500万円～,公開していません,paiza転職
株式会社だんきち,Webエンジニア、アプリエンジニア,大阪府 摂津市,月給25万円～,公開していません,株式会社だんきち
株式会社フィールドロジック,Webエンジニア,大阪府 大阪市 渡辺橋駅,年収500万円～530万円,19日前,doda
INTLOOP株式会社,WEBシステムエンジニア,兵庫県,年収300万円～600万円,公開していません,U29JOB
株式会社GENECH DATA SOLUTIONS,Webサービスエンジニア,京都府 京都市 烏丸御池駅 徒歩1分,年収420万円～600万円,22日前,doda
LDG,WEBデザイナー・エンジニア募集,大阪府 大阪市 西区,年収300万円～,公開していません,LDG
辰巳電子工業株式会社,WEB開発エンジニア,大阪府 大阪市 本町駅 徒歩8分,年収400万円～600万円,公開していません,U29JOB
株式会社Rise UP,Webエンジニア,大阪府 大阪市 西区,年収532万円～840万円,14日前,doda
株式会社YUZURIHA,WEBアプリケーションエンジニア プライム案件100%／挑戦できる環境,大阪府 大阪市 西区,年収400万円～600万円,15日前,doda
Bacallan株式会社,Webシステムエンジニア,大阪府 大阪市 なんば駅 徒歩3分,年収300万円～956万円,公開していません,U29JOB
アステック株式会社,プロジェクトリーダー／Webエンジニア PL・PM候補／クラウド関連システムの受託開発,大阪府 吹田市 江坂駅,年収470万円～650万円,5日前,レバテックキャリア
株式会社イトクロ,Webエンジニア フルリモート／教育メディアのシステム開発／計画～実装、テスト～リリース,大阪府 大阪市 本町駅,年収510万円,公開していません,レバテックキャリア
株式会社エイチーム,Web開発エンジニア,大阪府 大阪市 梅田駅 徒歩3分,年収600万円～,公開していません,paiza転職
ノックス株式会社,Webエンジニア,大阪府 大阪市 福島区,年収500万円～700万円,18日前,doda
株式会社メディアテック,WEBエンジニア,大阪府 大阪市 中央区,年収380万円～550万円,12日前,doda
株式会社アウラ,Webエンジニア／プログラマ,大阪府 大阪市 天神橋筋六丁目駅,"時給1,000円～",公開していません,株式会社アウラ
株式会社キーマネジメントソリューションズ,WEBシステム開発エンジニア,大阪府 大阪市 堺筋本町駅 徒歩4分,年収380万円～500万円,公開していません,U29JOB
スマートキャンプ株式会社,Webアプリケーションエンジニア Saas メディア事業 BPO事業,京都府 京都市 中京区,"年収600万円～1,000万円",公開していません,リクルートエージェント
akippa株式会社,Webエンジニア 会員数230万人超え／駐車場シェアサービス／残業少なめ,大阪府 大阪市 大阪難波駅,公開していません,公開していません,レバテックキャリア
株式会社アルファス,WEBデザイナー兼マークアップエンジニア,京都府 京都市 京都駅,年収320万円～480万円,17日前,doda
株式会社スポーツフィールド,自社Webエンジニア,大阪府 大阪市 梅田駅,年収290万円～400万円,17日前,doda
株式会社アイメック,Web系システムエンジニア SE,兵庫県 神戸市 三ノ宮駅 徒歩7分,年収～600万円,8日前,Green
株式会社ウィズ・ワン,Webアプリケーションエンジニア,京都府,年収400万円～700万円,公開していません,U29JOB
シルバーエッグ・テクノロジー株式会社,Webエンジニア,大阪府 吹田市,公開していません,公開していません,マイナビAGENT
ダイレクト出版株式会社,既卒歓迎／Webエンジニア／Ruby／外部から表彰されるチームで技術を磨く,大阪府 大阪市 本町駅 徒歩5分,年収350万円～700万円,10日前,Re就活
住友電工情報システム株式会社,Web系システムエンジニア,大阪府 大阪市 新大阪駅,年収406万円～759万円,4日前,doda
カワサキロボットサービス株式会社,Webエンジニア,兵庫県 明石市 西明石駅 徒歩15分,年収500万円～700万円,7日前,doda
株式会社TUM,webエンジニア #未経験可,大阪府 大阪市,月給20万円～,公開していません,株式会社TUM
エフアンドエムネット株式会社,Webエンジニア,大阪府 吹田市 江坂駅,年収450万円～800万円,18日前,doda
株式会社クリエイティブヒーローズ,Webエンジニア／フルリモート／上流工程も経験可能,大阪府 大阪市 大阪駅,年収350万円～600万円,15日前,doda
株式会社アンクシステムズ,Web系ソフトウェアエンジニア／プログラマ 大阪,大阪府 大阪市 心斎橋駅,年収300万円～500万円,公開していません,Green
株式会社カスタムジャパン,WEBフロントエンジニア 業界トップシェア／急成長ベンチャー,大阪府 大阪市 中央区,年収600万円～800万円,公開していません,リクルートエージェント
テコネット株式会社,Web開発エンジニア ～未経験歓迎／残業ほぼなし／年休120日～,大阪府 大阪市 梅田駅,年収300万円～500万円,11日前,doda
株式会社Just.Assist,Web系システムエンジニア,大阪府,年収375万円～675万円,15日前,doda
株式会社エス・エス・シービジネスサポート,Webデザイナー、UIエンジニア,大阪府 大阪市 西区,"月給21万200円～33万7,950円",27日前,株式会社エス・エス・シービジネスサポート
応用技術株式会社,WEB面接可 アプリケーションエンジニア ～自社内開発・自社サービスあり～,大阪府 大阪市 梅田駅,年収400万円～700万円,18日前,doda
株式会社ケイアンドケイコーポレーション,UIエンジニア WEBデザイナー／リモート勤務可／残業10H／自社サービス,大阪府 大阪市 浪速区,年収440万円～,公開していません,リクルートエージェント
有限会社NITコンサルタント,Webエンジニア,大阪府 大阪市 西区,年収240万円～600万円,公開していません,有限会社NITコンサルタント
株式会社シーディア,システム開発 WEB・オープン・パッケージ エンジニア 大阪,大阪府 大阪市 新大阪駅 徒歩5分,年収300万円～650万円,19日前,Green
株式会社エイチームフィナジー,自社サービスWeb開発エンジニア／リモートワーク／企画等上流工程も有／東証一部上場グループ,大阪府 大阪市 大阪駅,年収360万円～550万円,22日前,doda
株式会社BeForward,web・業務系エンジニア,大阪府 大阪市 淀屋橋駅,年収350万円～600万円,16日前,doda
株式会社メクゼス,Webデザイナー・エンジニア／PL・SE／RPA／Bi・Ai・IoT、等,大阪府 大阪市 本町駅,年収350万円～600万円,17日前,doda
トランス･コスモス株式会社,Webエンジニア,大阪府 大阪市 肥後橋駅 徒歩7分,年収500万円～700万円,5日前,CREATIVE JOB
株式会社FREEMIND,Web系システムエンジニア,京都府 京都市 丸太町駅,年収300万円～400万円,21日前,doda
楽天モバイル株式会社,フロントエンドエンジニア／コーポレートWeb & デザイン 1005164,大阪府 大阪市 北区,"年収500万円～1,000万円",公開していません,リクルートエージェント
株式会社ジェーエムエーシステムズ,Webアプリケーション開発エンジニア,大阪府 大阪市 淀屋橋駅,年収530万円～960万円,20日前,doda
株式会社ブレーンナレッジシステムズ,スマホ用Webシステム開発エンジニア,大阪府,年収400万円～550万円,8日前,doda
DataLabs株式会社,Webアプリケーションエンジニア 創業二期目の3次元データ×急成長ベンチャー企業,大阪府,"月給10万7,000円～",6日前,en ミドルの転職
株式会社アスリード,組み込みエンジニア Web履歴書での自己PR、いりません／転職回数不問,大阪府 大阪市 西中島南方駅 徒歩1分,月給25万円～45万円,18日前,エン転職
アイテック阪急阪神株式会社,Webシステムエンジニア,大阪府 大阪市 野田阪神駅,年収400万円～700万円,18日前,doda
株式会社ウイングノア,Webサービスエンジニア,大阪府 大阪市 北区,月給30万円～50万円,21日前,株式会社ウイングノア
株式会社ステークホルダーコム,WEB開発エンジニア～教育系システム開発に強み／アプリ開発黎明期からの実績多数～,大阪府 大阪市 本町駅,年収306万円～700万円,24日前,doda
SuprieveHoldings株式会社,マークアップエンジニア／コーダー／WEBデザイナー,大阪府 大阪市 大阪駅,月給25万円～60万円,公開していません,かんたん応募
株式会社新日本ニーズ,オープン・WEB系システムエンジニア,大阪府 大阪市 肥後橋駅,"月給25万5,000円～",3日前,株式会社新日本ニーズ
クオリティソフト株式会社,大阪／Webサーバサイドエンジニア,大阪府 大阪市 堺筋本町駅,年収582万円～796万円,17日前,doda
age採用事業部,介護施設法人本部でWEBディレクターWEBエンジニア,奈良県 香芝市,公開していません,13日前,age採用事業部
株式会社パワーハウス,Web・オープン系エンジニア,大阪府 大阪市 本町駅 徒歩3分,年収320万円～600万円,16時間前,Green
株式会社NTTデータNJK,WEBシステム開発エンジニア、ITディレクター,大阪府 大阪市 西区,年収420万円～700万円,公開していません,マイナビAGENT
マンパワーグループ株式会社,Webアプリ開発エンジニア,大阪府 大阪市 中央区,年収310万円～996万円,11日前,paiza転職
株式会社GSIもしくは、大阪府内顧客先,未経験からWEBエンジニアに!／転勤無し／最大4ヵ月の研修制度有,大阪府 大阪市 本町駅,月給21万円～,公開していません,株式会社GSI
ペタビット株式会社,フロントエンドエンジニア、WEBコーダー,兵庫県 神戸市 三宮駅 徒歩10分,年収366万円～460万円,8日前,Green
株式会社NYKシステムズ,自社Web開発エンジニア,大阪府 大阪市 北区,年収330万円～800万円,19日前,doda
株式会社シー・エス・イー,Web・モバイルアプリ開発エンジニア,大阪府 大阪市 西区,年収350万円～550万円,公開していません,マイナビAGENT
株式会社NTTスマイルエナジー,Webサービス開発エンジニア／自社サービス:再生可能エネルギー関連,大阪府 大阪市 中央区,年収550万円～750万円,19日前,doda
株式会社ユニクエスト,自社WEBアプリエンジニア,大阪府 大阪市 本町駅,年収450万円～850万円,19日前,doda
株式会社テクノクリエイティブ,WEBエンジニア,大阪府,年収370万円～700万円,公開していません,マイナビAGENT
エックスサーバー株式会社,Webエンジニア／アプリケーションエンジニア,大阪府 大阪市 大阪駅 徒歩3分,年収300万円,18日前,IMAGICA DIGITALSCAPE
株式会社i-plug,WEBアプリケーションエンジニア,大阪府 大阪市 西中島南方駅,"年収560万円～1,000万円",20日前,doda
株式会社アクトビ,Webアプリケーション開発エンジニア リモート可能／残業平均20時間程度,大阪府 大阪市 西区,年収400万円～700万円,20日前,doda
サイボウズ株式会社,アプリケーションエンジニア／Webエンジニア 「kintone」の開発全般／スクラム開発,大阪府 大阪市 大阪駅,"年収600万円～1,200万円",公開していません,レバテックキャリア
株式会社ケーアイエス,Web開発エンジニア大阪,大阪府 大阪市 堺筋本町駅 徒歩3分,年収350万円～,1日前,Green
株式会社パスコ,Web開発エンジニア,大阪府 大阪市 難波駅,年収450万円～650万円,7日前,doda
ユニティ株式会社,Webエンジニア リーダー候補,大阪府 大阪市 西中島南方駅 徒歩5分,年収500万円～600万円,1日前,Green
トゥモローゲート株式会社,WEBエンジニア,大阪府 大阪市 心斎橋駅 徒歩3分,年収300万円～700万円,公開していません,U29JOB
クラスメソッド株式会社,WEB開発エンジニア,大阪府,"年収450万円～1,000万円",公開していません,マイナビAGENT
Sky株式会社,Web系開発エンジニア,大阪府 大阪市 淀川区,月給53万円～59万円,19日前,doda
株式会社上武,Webアプリ開発エンジニア,大阪府 大阪市 天満橋駅 徒歩3分,年収350万円～550万円,17時間前,Green
ARアドバンストテクノロジ株式会社,Web系アプリケーションエンジニア,大阪府 大阪市 中央区,年収600万円～900万円,公開していません,マイナビAGENT
株式会社レポハピ,Webサービス開発エンジニア／急成長中のスタートアップ,大阪府 大阪市 北区,年収400万円～700万円,19日前,doda
心幸ホールディングス株式会社,WEB系システムエンジニア,兵庫県 尼崎市,月給32万円～,1日前,心幸ホールディングス株式会社
ノルディア株式会社,Web系アプリケーション開発エンジニア,大阪府 大阪市,年収287万円～387万円,18日前,doda
アクティス・ジャパン株式会社,関西エリア／高還元 WEB系開発システムエンジニア SE／PG,大阪府 大阪市 本町駅 徒歩3分,年収350万円～720万円,公開していません,Green
アクサス株式会社,開発エンジニア／Web業務システムやサイト開発、スマートフォンアプリ開発など,大阪府 大阪市 大阪駅,年収420万円～720万円,公開していません,Ｔジョブ
株式会社彩凛システム,Webエンジニア,大阪府 大阪市 天満橋駅 徒歩5分,年収350万円～650万円,19日前,Green
株式会社バックスグループ,Webエンジニア,大阪府 大阪市 本町駅 徒歩3分,年収350万円～450万円,3日前,Green
株式会社ゼロイチ,Webエンジニア,大阪府 大阪市 西中島南方駅 徒歩4分,年収350万円～500万円,26日前,paiza転職
株式会社ビヨンド,大阪 サーバーサイド 自社サービス開発エンジニア Webサービス事業部,大阪府 大阪市 なんば駅 徒歩1分,年収320万円～600万円,2日前,Green
TIPSシステム株式会社,Webオープン系エンジニア 大阪,大阪府 大阪市 南森町駅 徒歩6分,年収350万円～650万円,公開していません,Green
永野設備工業株式会社,Webアプリケーションエンジニア,大阪府 岸和田市 東岸和田駅 徒歩10分,年収400万円～600万円,公開していません,paiza転職
株式会社キングプリンターズ,Webエンジニア 大阪,大阪府 大阪市 御幣島駅 徒歩8分,年収400万円～500万円,28日前,Green
株式会社三協,WEB面接可／システムエンジニア／完全自社内開発／100%元請け／完全週休二日制,大阪府 東大阪市,公開していません,公開していません,マイナビAGENT
ソプラ株式会社,Web・業務系システムエンジニア,大阪府 大阪市 北新地駅,年収340万円～600万円,24日前,doda
株式会社電通デジタル,webデザイナー／フロントエンドエンジニア,大阪府 大阪市 大江橋駅 徒歩1分,"年収450万円～1,000万円",5日前,CREATIVE JOB
ワールドビジネスセンター株式会社,ネットワーク・インフラエンジニア～Web面接可／創業55年の安定経営～,京都府 京都市,年収350万円～450万円,18日前,doda
トランスコスモス株式会社 DEC統括,Webシステム開発エンジニア,大阪府 大阪市 西区,年収380万円～550万円,公開していません,paiza転職
株式会社フィットクルー,フロントエンドエンジニア／Webコーダー／HTMLコーダー,大阪府 大阪市 本町駅 徒歩2分,月給25万円～30万円,4日前,doda
ラーニンギフト株式会社,WEBエンジニア,大阪府 大阪市 本町駅 徒歩5分,公開していません,16時間前,Green
株式会社クロノス,WEBエンジニア,大阪府 大阪市 本町駅 徒歩3分,年収300万円～600万円,公開していません,キャリコネ転職
株式会社HIT,オープニングメンバー募集!webエンジニアを目指す方! 未経験者求む,大阪府 大阪市 心斎橋駅,月給20万円～50万円,公開していません,株式会社HIT
株式会社ビジネスエージェント,WEBエンジニア,大阪府 大阪市 阿波座駅 徒歩1分,年収400万円～780万円,7日前,Green
WDB株式会社,WEBエンジニア,兵庫県 姫路市 姫路駅 徒歩5分,月給26万円～33万円,公開していません,WDB株式会社
株式会社Ruby,Web系エンジニア,大阪府,月給20万円～35万円,公開していません,株式会社Ruby
株式会社グラフィック,Webエンジニア・フロントエンドエンジニア 営業本部@京都西院,京都府 京都市 西院駅 徒歩5分,年収550万円～750万円,17時間前,Green
株式会社アリベル,WEB系・オープン系エンジニア ストレス負荷が無い人間関係とワークライフバランスが強み,大阪府,年収400万円～800万円,19日前,かんたん応募
テックマート株式会社,Web・オープン系システムエンジニア／Web／IT,大阪府 吹田市 江坂駅 徒歩5分,月給35万円～45万円,公開していません,バイトルPRO
株式会社KYOSO,Web開発エンジニア,大阪府 大阪市 中央区,年収353万円～680万円,公開していません,マイナビAGENT
株式会社ワンダーツリー,Webエンジニア／年休130日～／案件多／未経験・経験者歓迎,大阪府 大阪市 梅田駅 徒歩0分,月給26万円～60万円,18日前,doda
銀河ホールディングス,SE／PG／Webディレクター エンジニア 土日祝休み／PCが使えなくても 未経験でもOK,大阪府 大阪市 四天王寺前夕陽ケ丘駅 徒歩9分,月給20万円～,公開していません,銀河ホールディングス
株式会社エックスポイントワン,Webエンジニア,京都府 京都市 四条駅,年収450万円～830万円,公開していません,paiza転職
株式会社ネクステージ,Web・オープン系システムエンジニア／ソフトウェア設計・開発,大阪府 大阪市 梅田駅 徒歩5分,年収300万円～500万円,公開していません,バイトルPRO
ローム株式会社,パワー半導体デバイス生産技術エンジニア／WEB面接可,京都府 京都市 西京極駅,年収500万円～850万円,18日前,doda
株式会社ポテンシャルユナイテッド,WEBエンジニア、社内SE,大阪府 大阪市 天満橋駅 徒歩5分,年収400万円～680万円,公開していません,paiza転職
HappyLifeCreators株式会社,VR・AR技術が得意なITスタートアップでギークなWebエンジニア,大阪府 大阪市 西中島南方駅 徒歩1分,月給30万円～,22日前,エンジニアHubキャリア
株式会社トリニティーホールディングス-人事部,Webエンジニア／完全フルリモート／フルフレックス,兵庫県 神戸市,年収500万円～900万円,公開していません,株式会社トリニティーホールディングス-人事部
PCI-NK-プロジェクト,新規設立のWEB制作会社での制作業務全般／WEBエンジニア,大阪府 茨木市 茨木市駅,月給20万円～,公開していません,PCI-NK-プロジェクト
株式会社ジンジブ,アプリ・Webエンジニア,大阪府 大阪市 堺筋本町駅 徒歩2分,年収480万円～600万円,4日前,Green
株式会社アクロビジョン,ITエンジニア／Web面接／配属先決定まで研修／給与高額還元,大阪府 大阪市 西区,月給24万円～,公開していません,doda
K.S.ロジャース株式会社,Webエンジニア フルリモート／フルフレックス ～日本のITを変える会社～,兵庫県,年収600万円～900万円,公開していません,リクルートエージェント
株式会社TAPP,フロントエンドエンジニア 不動産×webマーケで300%成長のベンチャー 服装自由,大阪府 大阪市 大阪駅,"年収520万円～1,000万円",21日前,doda
株式会社ドリームジャック,システムエンジニア／Web系,大阪府 大阪市 新大阪駅,年収420万円～600万円,公開していません,Geekly
株式会社ヒューマンウェイブ,Web・オープン系システムエンジニア／通信・インターネット・ソフトウェア,大阪府 大阪市 心斎橋駅,月給17万円～45万円,17時間前,バイトルPRO
GIVEXTEND,WEB・業務系エンジニア PL／PL候補 WEB面接OK,大阪府 大阪市,月給30万円～50万円,25日前,GIVEXTEND
株式会社khronos,Web・オープン系システムエンジニア／通信・インターネット・ソフトウェア,大阪府 大阪市 西中島南方駅 徒歩2分,月給24万円～32万円,13日前,バイトルPRO
株式会社ラージック,フロントエンドエンジニア／Web系／明確な評価制度で社員に還元,大阪府,年収300万円～,公開していません,リクルートエージェント
株式会社システナ,WEBアプリエンジニア ロボット・AI・IoT・スマホアプリ,大阪府,"月給23万5,000円",1日前,U29JOB
日本メカトロン株式会社,WEBエンジニア／経験浅い方も歓迎!育成環境,大阪府,年収240万円～360万円,公開していません,リクルートエージェント
株式会社DiO,Webデザイナー、コーダー、UIエンジニア,京都府 京都市 今出川駅 バス12分,月給20万円～34万円,公開していません,株式会社DiO
株式会社島津ビジネスシステムズ,Webエンジニア 島津グループのマーケティングDX推進／英語力を活かす,京都府 京都市 中京区,年収475万円～625万円,公開していません,リクルートエージェント
株式会社エスユーエス,京都滋賀／エリア限定職 Web開発エンジニア 積極キャリアUP支援／WEB面接可,京都府 京都市 下京区,年収450万円～600万円,公開していません,リクルートエージェント
株式会社リープ,WEB系エンジニア,大阪府 大阪市 西区,公開していません,13日前,Tジョブ Uターン・Iターンに特化した求人情報サイトの全国版!!
株式会社神戸デジタル・ラボ,アプリ・Web開発エンジニア,兵庫県 神戸市 中央区,年収400万円～800万円,公開していません,パソナキャリア
パーソルエクセルHRパートナーズ株式会社 テクニ...,Web・オープン系システムエンジニア／Web／IT,京都府 京都市 西京極駅 徒歩12分                                                                                                                                                                その他 (6),"時給1,600円～1,800円",2日前,バイトルPRO
ロジカル・アーツ株式会社,WEB面接可 アプリケーションエンジニア 事業成長／年休120／残業20h,大阪府 大阪市 中央区,年収300万円～750万円,公開していません,リクルートエージェント
株式会社トリニティーホールディングス-人事部 株...,Webエンジニア,兵庫県 神戸市 東灘区,年収400万円～600万円,公開していません,株式会社トリニティーホールディングス-人事部
ネットワンシステムズ株式会社,NOS WEB開発エンジニア,大阪府 大阪市 淀川区,月給26万円～,公開していません,ネットワンシステムズ株式会社
Intelligence Design株式会社,Webフロントエンジニア／サーバサイドエンジニア,奈良県,年収400万円～700万円,公開していません,paiza転職
株式会社Az One,Webエンジニア／前職給与保証／年休130日／フルリモート可,大阪府 大阪市 南森町駅 徒歩5分,年収450万円～900万円,9日前,doda
株式会社システムデバイステクノロジー,エンジニア／Webアプリケーション開発,大阪府 大阪市 西大橋駅 徒歩1分,月給27万円～32万円,5日前,株式会社システムデバイステクノロジー
株式会社NTTデータ・ニューソン,Web開発エンジニア 主軸メンバーとして提案～導入まで一貫したサービスを提供,京都府 京都市 伏見駅,年収361万円～619万円,6日前,レバテックキャリア
株式会社イマジカデジタルスケープ,Webエンジニア／アプリケーションエンジニア,大阪府 大阪市 淀屋橋駅 徒歩1分,"時給1,300円",18日前,IMAGICA DIGITALSCAPE
社会福祉法人誠敬会,WEBディレクター／WEBエンジニア,奈良県 香芝市,"月給19万2,000円～26万5,100円",14日前,ハローワーク大和高田
バルテス株式会社,開発エンジニア Webシステム／PL・PM,大阪府 大阪市 本町駅,年収400万円～700万円,6日前,レバテックキャリア
株式会社ボールド,システムエンジニア、webエンジニア,大阪府 大阪市 大阪駅,年収400万円～756万円,公開していません,paiza転職
中央システムサービス株式会社,Web・オープン系システムエンジニア／Web／IT,大阪府 大阪市 西大橋駅 徒歩3分,月給20万円～,公開していません,バイトルPRO
ヒューマンソフト株式会社,Web・オープン系システムエンジニア／Web／IT,大阪府 大阪市 本町駅,公開していません,公開していません,バイトルPRO
トランスコスモス株式会社,サーバーサイドエンジニア／Webシステム開発エンジニア 自社内勤務100%／リモートワーク推進,大阪府 大阪市 中之島駅,年収300万円～500万円,5日前,レバテックキャリア
株式会社インターテクノ,経験者歓迎のWEBアプリ開発 システムエンジニア,大阪府 大阪市 新大阪駅 徒歩5分,"時給2,500円",公開していません,ジョブルックKansai
株式会社アルテクス,WEB系・言語系エンジニア,大阪府 大阪市 西中島南方駅 徒歩7分,月給22万円～38万円,公開していません,ハローワーク淀川
株式会社グリーンウェイズ,Web・開発エンジニア／年間休日130日以上・経験を活かしてキャリアアップ,大阪府 大阪市 西区,月給25万円～60万円,公開していません,かんたん応募
株式会社アドインテ,Webエンジニア AI×マーケが強みの自社サービス／年休128日,京都府 京都市 下京区,年収360万円～800万円,公開していません,リクルートエージェント
株式会社AMDlab,WEBエンジニア WEB開発スキルを磨ける／建築業界のDX推進,兵庫県 神戸市 灘区,年収400万円～700万円,公開していません,リクルートエージェント
アルカディア・システムズ株式会社,オープン・WEB系エンジニア プライム案件有,大阪府 大阪市 淀川区,年収300万円～600万円,公開していません,パソナキャリア
アイピーシステム株式会社,システムエンジニア WEB系ソフトウェア開発 IUターン歓迎,大阪府 大阪市 淀川区,"月給21万7,000円～",公開していません,マイナビ転職
株式会社ウィファブリック,自社開発WEBエンジニア 新しい形のアパレルECアウトレットモールの構築と運用,大阪府 大阪市 本町駅 徒歩7分,年収400万円～800万円,4日前,Green
デジタル総合印刷株式会社,WEB開発エンジニア・SE 大阪勤務,大阪府 大阪市 東部市場前駅 徒歩4分,年収380万円～530万円,4日前,Green
Vareal株式会社,Webシステムエンジニア ～リモートOK／受託・自社内開発／Rubyのフルスタック開発が強み,大阪府,年収400万円～700万円,17日前,Vareal株式会社
株式会社ゼネック,Web・オープン系システムエンジニア／Web／IT,京都府 京都市 上鳥羽口駅 徒歩3分,月給25万円～35万円,公開していません,バイトルPRO
TDCソフト株式会社,Web系システムエンジニア,大阪府,年収357万円～598万円,公開していません,Spring転職エージェント
マインドフリー株式会社,Webアプリケーションエンジニア,大阪府 大阪市 北浜駅,年収400万円～600万円,公開していません,Green
株式会社B・P・S,今月応募者に入社祝金30万支給 業務、オープン・Web系エンジニア,大阪府 大阪市 大阪駅 徒歩10分,月給27万円～50万円,公開していません,PROSEEK
株式会社ライズクリエイション,未経験可ポテンシャル採用 GoogleDriveを中心とした社内業務の改善 Webエンジニア,奈良県 奈良市 奈良駅 バス10分,年収250万円～650万円,20日前,Green
株式会社レッツアイ,Webプログラマー／システムエンジニア,大阪府 大阪市 本町駅,"時給1,400円～1,500円",公開していません,Let's i
株式会社エイチ・エル・シー,202107Web・オープン系エンジニア,大阪府 大阪市 本町駅 徒歩3分,年収330万円～500万円,2日前,Green
クローバーラボ株式会社,Webエンジニア／アプリケーションエンジニア,大阪府 大阪市 中津駅 徒歩2分,年収280万円,10日前,IMAGICA DIGITALSCAPE
グリーンシステム株式会社,Web系システム開発エンジニア,大阪府 大阪市 北区,月給30万円～50万円,13日前,Tジョブ Uターン・Iターンに特化した求人情報サイトの全国版!!
株式会社コンタクト,Web系エンジニア プログラマー,大阪府 大阪市 堺筋本町駅 徒歩3分,月給19万円～20万円,公開していません,ハローワーク大阪東
株式会社アイスタンダード,Web開発エンジニア,大阪府,年収420万円～800万円,12日前,paiza転職
株式会社アイエスサービス,システムエンジニア Web系・オープン系,大阪府 大阪市 堺筋本町駅 徒歩5分,年収360万円～860万円,5日前,Green
株式会社エクシオジャパン,プログラマー WEBアプリケーション開発エンジニア,大阪府 大阪市 大阪駅,年収800万円,18日前,株式会社エクシオジャパン
シビレ株式会社,大阪に新拠点も。創造的な活動にフォーカスできる社会へ!Webアプリケーションエンジニア,大阪府 大阪市 大阪駅 徒歩5分,月給30万円～,公開していません,シビレ株式会社
株式会社トレス・バインド,オープン・Web系エンジニア,大阪府 大阪市 北区,年収283万円～860万円,公開していません,マイナビAGENT
MARQS株式会社,Webデザイナー、UIエンジニア,大阪府 大阪市 心斎橋駅 徒歩3分,月給25万円～40万円,公開していません,MARQS株式会社
東京都千代田区の東証マザーズ上場グループ企業／c...,開発エンジニア／Webシステム／01so,大阪府 大阪市 西区,年収350万円～700万円,5日前,ふれつり転職相談
株式会社ネットオン,自社サービス開発Webシステムエンジニア,大阪府 大阪市 梅田駅,月給21万円～,公開していません,株式会社ネットオン
Bone株式会社 大阪 北堀江,フロントエンドエンジニア・WEBコーダー,大阪府 大阪市 四ツ橋駅 徒歩2分,月給25万円～50万円,公開していません,Bone株式会社
株式会社インサイト,web系開発エンジニア,大阪府 豊中市 千里中央駅 徒歩5分,月給20万円～,公開していません,株式会社インサイト
In.Te株式会社,オープン系・WEB系エンジニア,大阪府,年収280万円～500万円,公開していません,パソナキャリア
東京都千代田区の東証マザーズ上場IT企業／crew,クオリティエンジニア／Webシステム系／01so,大阪府 大阪市 西区,"年収400万円～1,000万円",5日前,ふれつり転職相談
SGフィルダー株式会社,経験を活かしてステップアップできるWeb・オープン系エンジニア,大阪府 大阪市 東淀川区,月給25万円～35万円,10日前,SGフィルダー株式会社
バルテス・モバイルテクノロジー株式会社,システムエンジニア／モバイル／Web系ソフト エンジニア,大阪府 大阪市 西区,年収350万円～700万円,公開していません,マイナビAGENT
株式会社フレーム,業界未経験歓迎 IT技術を身に付けたい方／SE／エンジニア／Web／開発／インフラエンジニア,大阪府 大阪市 大阪駅,月給25万円～40万円,17日前,株式会社フレーム
株式会社KIDA,WEBアプリエンジニア,大阪府 大阪市 福島区,月給25万円～,27日前,株式会社KIDA
株式会社Phoenixテクノロジーズ,Web系開発エンジニア,大阪府 大阪市 長堀橋駅 徒歩3分,月給26万円～40万円,公開していません,ハローワーク大阪西
DiCE JAPAN株式会社,Web・オープン系システムエンジニア／通信・インターネット・ソフトウェア,大阪府 大阪市 梅田駅 徒歩5分,"時給1,000円～1,200円",公開していません,バイトルPRO
株式会社フィールド,HTMLコーダー、Webエンジニア、フロントエンドエンジニア,京都府 京都市 四条駅,"月給20万1,600円～33万6,000円",公開していません,株式会社フィールド
株式会社パイ・アール,完全自社開発!webエンジニア／大阪／転勤なし,大阪府 大阪市 天満橋駅,月給24万円～30万円,公開していません,株式会社パイ・アール
ワークスアイディ株式会社,Webアプリケーション開発エンジニア／大手企業約900社の取引実績あり,大阪府 大阪市 大阪駅,公開していません,公開していません,マイナビAGENT
井上株式会社,WEB・システムエンジニア,京都府 福知山市 福知山駅 車2分,"月給19万6,500円～30万6,500円",公開していません,ハローワーク福知山
株式会社金剛情報システム,Web・オープン系エンジニア,大阪府 大阪市 中央区,月給20万円～60万円,公開していません,株式会社金剛情報システム
株式会社PPFパートナーズ,オープン系・Web系システムエンジニア,大阪府,年収300万円～500万円,公開していません,Aidem Smart Agent 転職
株式会社Carve,WEB開発システムエンジニア,大阪府 大阪市 南森町駅 徒歩5分,"月給16万2,000円～60万円",公開していません,ハローワーク梅田
株式会社エースラボ,Webコーダー・フロントエンドエンジニア,大阪府 大阪市 天神橋筋六丁目駅 徒歩3分,月給22万円～,公開していません,株式会社エースラボ
インフォームシステム株式会社,Webエンジニア,大阪府 大阪市 西中島南方駅 徒歩5分,年収350万円～600万円,公開していません,paiza転職
株式会社ギャラクシィ・ファームウェア,未経験歓迎!ネットワーク・Webエンジニア,大阪府 大阪市,"月給22万8,000円～",4時間前,リクナビNEXT
株式会社アイム,汎用系システムエンジニア／Web／IT,大阪府 大阪市 大阪梅田駅 徒歩5分,月給35万円～38万円,23時間前,バイトルPRO
エイビースタッフ株式会社,WEBアプリケーションエンジニア,兵庫県 神戸市,月給21万円～44万円,2日前,エイビースタッフ株式会社
株式会社ノース,Web・オープン系システムエンジニア／Web／IT,京都府 京都市 北区,月給23万円～30万円,1日前,バイトルPRO
株式会社村田製作所,車載用コンデンサのセールスエンジニア／WEB面接可,京都府 長岡京市,年収435万円～900万円,1日前,リクルートエージェント
ダイキン・ザウアーダンフォス株式会社,品質エンジニア／WEB面接可,大阪府 摂津市,年収400万円～500万円,1日前,リクルートエージェント
株式会社GEクリエイティブ,経験1年以上でOK!Webエンジニア,兵庫県,年収300万円～700万円,17時間前,Green
株式会社デジタルブロックス,ITエンジニア Web・オープン系開発SE,大阪府 大阪市 中央区,年収400万円～600万円,4日前,株式会社デジタルブロックス
株式会社パリエ,システムエンジニア アプリ・WEBシステムの開発,大阪府 門真市,"時給2,500円～3,000円",2日前,株式会社パリエ
株式会社トリックスター,WEBデザイナー、フロントエンジニア,大阪府 大阪市 堺筋本町駅 徒歩5分,"時給1,200円～2,000円",2日前,しゅふJOB
シャープ株式会社,AIoT家電Webアプリケーション システムエンジニア,大阪府 八尾市 久宝寺駅,年収400万円～750万円,3日前,シャープ株式会社
ユニオンエタニティ株式会社,リードエンジニア・テックリード・Webエンジニア,大阪府 大阪市 四ツ橋駅 徒歩5分,年収500万円～750万円,1日前,Green
株式会社プロシーズ,システムエンジニア Web／モバイル／インフラ 大阪勤務,大阪府 吹田市 江坂駅 徒歩3分,年収300万円～900万円,15時間前,Green
株式会社デジタルシープラーニング,プロジェクトリーダー／アプリケーションエンジニア Webアプリ「eラーニング」の設計、開発、運用,大阪府 大阪市 大阪駅,年収600万円～700万円,5日前,レバテックキャリア
株式会社ロックウェーブ,WEBエンジニア,大阪府 大阪市 新大阪駅 徒歩5分,"月給45万8,000円～",5日前,U29JOB
ジャパニアス株式会社,サーバーサイドエンジニア／システムエンジニア Webおよびアプリ開発。スキルを発揮できる環境,大阪府 大阪市 堺筋本町駅,年収300万円～800万円,5日前,レバテックキャリア
リバーコンティニュー株式会社,アプリケーションエンジニア、Webエンジニア,大阪府 大阪市 中崎町駅 徒歩6分,年収360万円～700万円,2日前,Green
株式会社Flucle,WEBエンジニア 日本各地から募集,大阪府 大阪市 中央区,年収400万円～700万円,1日前,Green
山陽ファースト株式会社,WEBエンジニア,大阪府 大阪市 谷町九丁目駅 徒歩3分,年収450万円～550万円,2日前,Green
コベルコソフトサービス株式会社,アプリケーションエンジニア Web・オープン系／関西勤務／キャリアアップOK,兵庫県 神戸市 岩屋駅,年収340万円～530万円,6日前,レバテックキャリア
株式会社スプーキーズ,アプリケーションエンジニア サーバーサイドエンジニア／Webエンジニア RubyやJava,京都府 京都市 烏丸駅,年収320万円～700万円,5日前,レバテックキャリア
株式会社ジー・コミュニケーション,WEBエンジニア 大阪,大阪府 貝塚市 森駅 徒歩4分,年収350万円～600万円,4日前,Green
株式会社銀河総合研究所,未経験歓迎!ネットワーク・Webエンジニア,大阪府 大阪市,"月給22万8,000円～",12日前,リクナビNEXT
株式会社レベルアップ,スマホアプリエンジニア／Web／IT,京都府,"月給20万6,000円～43万3,000円",7日前,バイトルPRO
株式会社KOSHIKI,Webエンジニア EC領域でクライアントと共にビジネスを加速させませんか,大阪府 大阪市 難波駅 徒歩1分,年収420万円～550万円,6日前,Green
リベラ株式会社,神戸 webシステムエンジニア 技術力を高めたい方へ／常駐無／働きやすさ,兵庫県 神戸市 中央区,年収400万円～700万円,8日前,リクルートエージェント
株式会社インフォクレスト,Webエンジニア,京都府 京都市 中京区,年収400万円～650万円,4日前,Green
日本アシスト株式会社,システムエンジニア Web系システム開発,大阪府 大阪市 大阪駅,年収300万円～550万円,5日前,レバテックキャリア
株式会社パナR&D,WEB面接可／ITエンジニア・関西 無期雇用派遣／キャリア支援有,大阪府,年収360万円～700万円,9日前,リクルートエージェント
株式会社メタバーズ,メタバース関連 WEBサービスのエンジニア募集,京都府 京都市 烏丸御池駅 徒歩3分,月給30万円～60万円,12日前,Find Job!
株式会社ライズサービス,WEBエンジニア・SE,大阪府 大阪市 本町駅 徒歩4分,月給30万円～46万円,11日前,株式会社ライズサービス
株式会社学生情報センター,WEB系システムエンジニア,京都府 京都市 京都駅 徒歩3分,年収600万円～700万円,8日前,U29JOB
Chatwork株式会社,Webフロントエンドエンジニア,大阪府 大阪市 北区,"年収500万円～1,000万円",11日前,パソナキャリア
株式会社ダイセル,兵庫 化学プラントの建築エンジニア Web面接可,兵庫県 姫路市,年収450万円～850万円,10日前,リクルートエージェント
北浜グローバル経営株式会社,WEBエンジニア,大阪府 大阪市 北区,年収450万円～,13日前,リクルートエージェント
株式会社共和技術研究所,SE 業務系WEBアプリケーションエンジニア職 年350万円~800万円,大阪府 大阪市 大阪駅 徒歩4分,月給21万円～44万円,11日前,株式会社共和技術研究所
三菱電機株式会社,神戸／第二新卒／インフラエンジニア／WEB面接可,兵庫県 神戸市 兵庫区,年収350万円～550万円,15日前,リクルートエージェント
日本ソフトウェアデザイン株式会社,Web・オープン系システムエンジニア／通信・インターネット・ソフトウェア,大阪府 大阪市 長堀橋駅 徒歩4分,月給23万円～35万円,13日前,バイトルPRO
株式会社京信システムサービス,Web・オープン系システムエンジニア／通信・インターネット・ソフトウェア,大阪府,月給25万円～45万円,14日前,バイトルPRO
Bizネクストジャパン株式会社 事業開発課,エンジニアスタッフ WEBやインフラなどのシステムの開発・サポート業務 ロボコン大会出場,大阪府 大阪市 北区,月給28万円～,6時間前,Bizネクストジャパン株式会社事業開発課
株式会社ミウラ,WEB面接可 インフラエンジニア NTTグループ案件,大阪府 大阪市 西区,年収400万円～600万円,13日前,リクルートエージェント
ApexSolution合同会社,WEBデザイナー WEBデザイナーエンジニア,大阪府 大阪市 北区,月給26万円～50万円,1日前,ApexSolution合同会社
アクティオサポート株式会社,Webディレクター、システムエンジニア、データ入力、タイピング,大阪府 大阪市 谷町四丁目駅 徒歩5分,"時給1,500円～",20日前,バイトル
株式会社ラフール,Webアプリエンジニア,大阪府,月給45万円～59万円,15日前,エンジニアHubキャリア
アステツク株式会社,WEBエンジニア クラウド／AI／フレックス／転勤無,大阪府,年収500万円～700万円,21日前,Spring転職エージェント
株式会社インデペンデンス,Webエンジニア 証券業務を支援する業務系Webシステム開発／SPA開発ノウハウを吸収するチャンス,大阪府 大阪市 北浜駅,年収340万円～700万円,18日前,レバテックキャリア
株式会社クリエイション,Web・オープン系システムエンジニア／通信・インターネット・ソフトウェア,大阪府 大阪市 南森町駅 徒歩5分,"月給25万8,000円～34万8,000円",18日前,バイトルPRO
SC-ConsultingLLC,SE アプリケーションエンジニア／プログラマ WEBアプリケーション 業務系アプリケーション,大阪府 大阪市 中央区,月給28万円～70万円,4日前,SC-ConsultingLLC
株式会社SOBAプロジェクト,WEBアプリケーションエンジニア,京都府 京都市 下京区,月給40万円～50万円,20日前,マイナビ転職エージェントサーチ
株式会社アレグロマジック,Webエンジニア 居住地制限無 月平均残業10HでWLB充実,大阪府 大阪市 中央区,年収350万円～500万円,23日前,リクルートエージェント
株式会社アクターリアリティー,業務・Web系システム開発エンジニア,大阪府 大阪市 京橋駅 徒歩5分,月給25万円～50万円,3日前,株式会社アクターリアリティー
東京コンピュータサービス株式会社,WEB・オープン系システムエンジニア／神戸支店・転勤なし,兵庫県 神戸市 三宮駅 徒歩5分,"月給20万2,000円～28万5,600円",3日前,ハローワーク神戸
株式会社ファン・タップ,Webエンジニア 自社サービス開発,京都府 京都市 丹波口駅 徒歩5分,年収500万円～900万円,17日前,Green
株式会社spunto,PG／SE クラウド経験者歓迎 完全在宅 Web開発 エンジニア／人材紹介,大阪府 大阪市 渡辺橋駅 徒歩5分,"月給29万2,363円～43万4,225円",25日前,株式会社spunto
株式会社ブイ・クルーズ,Webエンジニア／プログラマー募集中! 我こそは!という方は是非御覧ください。,京都府 京都市 中京区,月給20万円～,6日前,株式会社ブイ・クルーズ
合同会社A×C,WEBデザイン／WEBエンジニア・完全週休二日制・土日祝休み・プライベート充実,大阪府 大阪市 都島区,月給25万円～38万円,10日前,合同会社A×C
株式会社リクルートスタッフィング,開発エンジニア + WEB運用・更新,兵庫県 神戸市 マリンパーク駅 徒歩10分,"時給2,100円～",26日前,リクルートスタッフィング
株式会社プラメド,WEBアンケート画面作成エンジニア 医療領域／リモート可／平均残業20H程度,京都府 京都市 下京区,年収400万円～450万円,27日前,リクルートエージェント
株式会社EMI,SE 未経験入社7割以上 第二新卒歓迎 完全週休2日制 モダンな技術にチャレンジ!WEBエンジニア,大阪府 大阪市 福島区,月給23万円～,11日前,株式会社EMI
株式会社リモハブ,WEBアプリエンジニア,大阪府 吹田市 江坂駅 徒歩6分,年収500万円～800万円,29日前,U29JOB
株式会社ヴィジョナリー,Webエンジニア／名作を支える実力派開発会社,大阪府 大阪市 北新地駅 徒歩2分,"時給3,000円～3,500円",公開していません,VISIONARY派遣
日本トライスタイル株式会社,Web・オープン系システムエンジニア／Web／IT,大阪府 大阪市 大阪梅田駅 徒歩7分,月給25万円～45万円,28日前,バイトルPRO
不動くん株式会社,WEBシステムエンジニア・プログラマー,大阪府 大阪市 玉造駅 徒歩3分,月給35万円～50万円,13日前,ハローワーク大阪東
株式会社俄,Webエンジニア・サーバーサイドエンジニア,京都府 京都市 中京区,年収390万円～700万円,公開していません,リクルートエージェント
株式会社アッドワン,Webエンジニア,大阪府 大阪市 淀屋橋駅 徒歩5分,"月給21万560円～35万6,940円",13日前,ハローワーク梅田
N’s Creates株式会社,WEBエンジニア UX／UIデザインに強み／リモートワーク主体／独自制度豊富,兵庫県 神戸市 中央区,年収400万円～600万円,公開していません,リクルートエージェント
DiCEJAPAN株式会社,未経験から始めるプログラマーへの道。Web系ITエンジニア,大阪府 大阪市 肥後橋駅 バス85分,"月給18万1,500円～83万4,100円",13日前,DiCEJAPAN株式会社
株式会社ZIQCOM,Webエンジニア,大阪府 大阪市 西中島南方駅,"月給20万5,000円～22万円",11日前,ハローワーク淀川
グローバルライフサイエンステクノロジーズジャパン...,大阪／フィールドエンジニア／WEB面接可 米国ダナハーグループ／夜間休日呼出無,大阪府 大阪市 福島区,年収400万円～700万円,公開していません,リクルートエージェント
株式会社Oz link,"WEBエンジニア 顧客向け及び月商1,500万美容系自社EC制作",京都府 京都市 中京区,年収390万円～580万円,公開していません,リクルートエージェント
インテグレートトータルシステム株式会社,インフラエンジニア、ネットワークエンジニア・運用／Web／IT,大阪府 大阪市 南方駅 徒歩5分,月給20万円～35万円,公開していません,バイトルPRO
株式会社日本ピュアシステム,業務系アプリエンジニア Webエンジニア,大阪府 大阪市 本町駅 徒歩5分,年収350万円～650万円,公開していません,paiza転職
TRASP株式会社,マークアップエンジニア／Webコーダー マネージャー候補,大阪府 大阪市 南森町駅,年収360万円～700万円,公開していません,レバテックキャリア
株式会社堀場テクノサービス,自動車計測装置の返送品校正エンジニア／WEB面接可能,京都府 京都市 南区,年収400万円～,公開していません,リクルートエージェント
株式会社堀場エステック,流体制御機器のサービスエンジニア／WEB面接可能,京都府 京都市 南区,年収400万円～600万円,公開していません,リクルートエージェント
株式会社ハイシンク創研,Web・オープン系システムエンジニア／IT通信インフラ構築事業,京都府 京都市 丹波口駅 徒歩10分,年収580万円～800万円,公開していません,バイトルPRO
キャル株式会社,Web系開発エンジニア,大阪府 大阪市 心斎橋駅 徒歩1分,月給25万円～50万円,11日前,ハローワーク大阪西
アバンテック株式会社,WEB系システムエンジニア,大阪府 大阪市 長堀橋駅 徒歩3分,"月給23万1,125円～42万円",10日前,ハローワーク大阪西
株式会社MTTH,プログラマー・Web系エンジニア職募集!未経験者歓迎,京都府 京都市 北区,公開していません,13日前,株式会社MTTH
株式会社クボタ,農業向けWebアプリケーションエンジニア,大阪府 堺市,年収450万円～850万円,公開していません,リクルートエージェント
株式会社メンバーズ メンバーズエッジカンパニー,Webエンジニア 関西／クライアントのプロダクト開発・ビジネスグロースを支援／アジャイル 開発,兵庫県 神戸市 三ノ宮駅,年収350万円～750万円,公開していません,レバテックキャリア
株式会社SOUNE,WEBデザイナー Webデザイナー／エンジニア,大阪府 大阪市 北区,"時給1,500円～2,800円",12日前,株式会社SOUNE
Tree Financial株式会社,未経験OK!手に職つけられるWEBエンジニア,大阪府 堺市,月給25万円～,17日前,Tree Financial株式会社
株式会社Varios,未経験OK 手に職つけるWEBエンジニア／土日祝休み,大阪府 大阪市,月給25万円～,17日前,株式会社Varios
株式会社GREETING WORKS,WEBエンジニア ～ユーザーの声からやりがいに～,大阪府 大阪市 西区,年収400万円～600万円,公開していません,リクルートエージェント
ミーレ・ジャパン株式会社,フィールドサービスエンジニア WEB面接可,大阪府 大阪市 住之江区,年収400万円～500万円,公開していません,リクルートエージェント
株式会社GSC,WEBアプリケーションエンジニア,大阪府 大阪市 西中島南方駅 徒歩5分,月給20万円～30万円,17日前,株式会社GSC
日本テクニカルシステム株式会社,Web系開発システムエンジニア,大阪府 大阪市 新大阪駅 徒歩8分,月給27万円～45万円,18日前,ハローワーク淀川
株式会社ニューズピックス,Webアプリケーションエンジニア ソーシャル経済メディア「NewsPicks」,大阪府,"年収615万円～1,000万円",公開していません,リクルートエージェント
株式会社ビジョンクリエイト,Web・オープン系システムエンジニア／Web／IT,大阪府 大阪市 淀屋橋駅,"月給20万2,000円～44万円",公開していません,バイトルPRO
アップ株式会社,webエンジニア／PHP／Vue.js／Laravel,奈良県 奈良市 大和西大寺駅 徒歩6分,"時給1,200円～",23日前,ピラティス ボディ
株式会社パートナー,Web・オープン系システムエンジニア／通信・インターネット・ソフトウェア,大阪府 大阪市 本町駅                                                                                                                                                                その他 (3),月給22万円～60万円,公開していません,バイトルPRO
株式会社NetValue,インフラエンジニア、ネットワークエンジニア・運用／Web／IT,大阪府 大阪市 大阪ビジネスパーク駅 徒歩3分,月給22万円～40万円,公開していません,バイトルPRO
合同会社春名,プログラマー・Web系エンジニア職募集!未経験者歓迎,大阪府 大阪市 西区,月給20万円～40万円,21日前,合同会社春名
株式会社RAWCREW,WEB系エンジニア 2023新卒,大阪府 大阪市 谷町四丁目駅 徒歩5分,月給18万円～,20日前,株式会社RAWCREW
株式会社SPICA,プログラマー・Web系エンジニア職募集!未経験者歓迎,大阪府 大阪市 北区,月給20万円～40万円,20日前,株式会社SPICA
株式会社VALT,Webデザイナー、UIエンジニア,大阪府 大阪市 天満橋駅 徒歩5分,月給15万円～25万円,20日前,株式会社VALT
ESシステム株式会社,Web・オープン系システムエンジニア／Web／IT,大阪府 大阪市 扇町駅 徒歩3分,月給30万円～50万円,公開していません,バイトルPRO
新明和ソフトテクノロジ株式会社,Web・オープン系システムエンジニア／通信・インターネット・ソフトウェア,兵庫県 宝塚市 仁川駅 車8分,年収450万円～600万円,公開していません,バイトルPRO
NUシステムズ株式会社,Web・オープン系システムエンジニア／Web／IT,大阪府 大阪市 心斎橋駅 徒歩2分,月給20万円～45万円,公開していません,バイトルPRO
learningBOX株式会社,システムエンジニア 自社Webシステム開発,兵庫県 たつの市 本竜野駅 徒歩10分,月給25万円～40万円,17日前,learningBOX株式会社
株式会社Ligato,プログラマー・Web系エンジニア職募集!未経験者歓迎,大阪府 大阪市 北区,月給20万円～40万円,21日前,株式会社Ligato
日本エクサシステム株式会社,Web・オープン系システムエンジニア／通信・インターネット・ソフトウェア,大阪府 大阪市 西中島南方駅 徒歩5分,"月給24万1,000円～63万7,000円",公開していません,バイトルPRO
株式会社セレクティ,WEBサイトエンジニア,大阪府 大阪市 大阪駅,月給25万円～55万円,19日前,ハローワーク梅田
株式会社ケーアンドエス,プログラマー・Web系エンジニア職募集!未経験者歓迎,大阪府 豊中市,月給20万円～40万円,21日前,株式会社ケーアンドエス
株式会社スリーエース,Web・オープン系システムエンジニア／IT,京都府 京都市 丸太町駅 徒歩7分,年収300万円～550万円,公開していません,バイトルPRO
オムロンヘルスケア株式会社,システムエンジニア／Web・クラウド・アプリ,京都府 京都市 桂川駅 徒歩5分,年収500万円～850万円,公開していません,タイズ
株式会社マキシム,Webエンジニア 神戸／月間3千万PV超の自社ECサイト／フルスタックエンジニアを目指せる,兵庫県 神戸市 貿易センター駅,年収400万円～600万円,公開していません,レバテックキャリア
株式会社エムコスミック,インフラエンジニア、ネットワークエンジニア・運用／Web／IT,大阪府 大阪市 本町駅 徒歩4分,"月給33万3,000円～54万1,000円",公開していません,バイトルPRO
株式会社ソフトサービスライフケア,Web・オープン系システムエンジニア／通信・インターネット・ソフトウェア,大阪府 大阪市 大阪ビジネスパーク駅,年収350万円～600万円,公開していません,バイトルPRO
株式会社Colobiz,システムエンジニア Webアプリケーションの構築、既存サービスの保守／管理、社内システム開発など,大阪府 大阪市 桜川駅,年収264万円～600万円,公開していません,レバテックキャリア
NOa Infinity株式会社,Webアプリ開発エンジニア,大阪府 大阪市 西区,月給20万円～70万円,19日前,NOa Infinity株式会社
株式会社Qukuri,Webシステムエンジニア,大阪府 大阪市 本町駅 徒歩3分,月給30万円～45万円,25日前,ハローワーク大阪西
株式会社メディアタージ,Webエンジニア 裁量労働制／フルスタックエンジニア歓迎,大阪府 大阪市 堺筋本町駅,年収350万円～560万円,公開していません,レバテックキャリア
株式会社モイネットシステム,Webデザイナー、UIエンジニア,兵庫県 神戸市 長田区,"時給1,300円～",24日前,株式会社モイネットシステム
株式会社麻布管理,Web・アプリ・ITエンジニア／研修制度整っております! オンラインでの面接OK,兵庫県 神戸市 中央区,月給25万円～,26日前,株式会社麻布管理
株式会社くすりの窓口,WEBエンジニア,兵庫県 神戸市 鷹取駅 徒歩9分,年収400万円～700万円,公開していません,U29JOB
株式会社コージャル,有線電話技術者及びインフラエンジニア／Web面接OK,大阪府 大阪市 肥後橋駅 徒歩3分,月給30万円～40万円,25日前,株式会社コージャル
株式会社ビー・グルーヴ,Web・オープン系システムエンジニア／Web／IT,兵庫県 神戸市 中央区,月給35万円～,公開していません,バイトルPRO
SECOND STAGE株式会社,WEBエンジニア,大阪府 大阪市 西区,月給26万円～55万円,28日前,SECOND STAGE株式会社
TISソリューションリンク株式会社,WEB系システムエンジニア,大阪府 大阪市 北区,年収300万円～550万円,公開していません,ワークポート
株式会社ナノコネクト,エンジニア Webシステム・アプリ開発,兵庫県 神戸市 三ノ宮駅,年収400万円～800万円,公開していません,Green
株式会社Deftribe,Webデザイナー・UIエンジニア,大阪府 大阪市 心斎橋駅 徒歩3分,月給25万円～,26日前,株式会社Deftribe
株式会社アスパーク,SE Web開発エンジニア,大阪府 大阪市 北区,月給20万円～30万円,24日前,株式会社アスパーク
合同会社increase,webエンジニア／未経験,大阪府 大阪市 北区,月給20万円～25万円,25日前,合同会社increase
株式会社クロスユーアイエス,汎用系システムエンジニア／Web／IT,大阪府 大阪市 心斎橋駅 徒歩5分,"月給23万8,000円～",公開していません,バイトルPRO
ケイプラス株式会社,Java、PHP等のWeb系エンジニア、プログラマー,大阪府 大阪市 堺筋本町駅 徒歩5分,"月給21万9,900円～40万4,900円",27日前,ハローワーク大阪東
株式会社PASS THE BATON,システムエンジニア クラウド・Webアプリ・Windowsアプリ受託開発 A,大阪府 大阪市 中央区,月給24万円～,公開していません,株式会社PASS THE BATON
株式会社UKnet,Web系システムエンジニア,大阪府 大阪市 天満橋駅 徒歩5分,月給20万円～72万円,公開していません,ハローワーク王子
株式会社アドカン,WEB系エンジニア,大阪府 大阪市 淀屋橋駅 徒歩6分,月給28万円～45万円,公開していません,ハローワーク大阪東
株式会社ウィズツーワン,Web・オープン系システムエンジニア／Web／IT,大阪府 大阪市 扇町駅 徒歩1分,月給23万円～40万円,公開していません,バイトルPRO
株式会社エクセルライン,Web系システムエンジニア SE,大阪府 大阪市 梅田駅 徒歩10分,月給23万円～40万円,公開していません,ハローワーク梅田
株式会社サイプレス・ソリューションズ,WEB系システムエンジニア・プログラマー経験者,兵庫県 神戸市 元町駅 徒歩7分,月給21万円～30万円,公開していません,ハローワーク神戸
株式会社SIGNATE,WEBエンジニア／国内最大データサイエンスコンペ運営／フルリモート,大阪府,年収600万円～800万円,公開していません,リクルートエージェント
株式会社テックエデュケイションカンパニー SE,Web・オープン系システムエンジニア／Web／IT,大阪府 大阪市 なんば駅,月給20万円～30万円,公開していません,バイトルPRO
株式会社京都システム技研,経験者歓迎 WEB系アプリ開発エンジニア,大阪府,"月給23万5,000円～45万円",公開していません,PROSEEK
合同会社NET-R,バックエンドエンジニア／ウェブアプリケーション開発／クローリング開発／チューニング／Scala,大阪府 大阪市 中央区,月給25万円～40万円,公開していません,合同会社NET-R
株式会社システムトラスト,Web・オープン系システムエンジニア／通信・インターネット・ソフトウェア,大阪府 大阪市 扇町駅 徒歩1分,"月給20万300円～45万6,300円",公開していません,バイトルPRO
株式会社坂ノ途中,Webアプリケーション開発エンジニア,京都府 京都市 西京極駅,年収300万円～600万円,公開していません,Geekly
株式会社トライト,Webエンジニア,大阪府,"年収450万円～1,000万円",公開していません,Geekly
株式会社ケー・エス・ディー,Web・オープン系システムエンジニア／通信・インターネット・ソフトウェア,大阪府 大阪市 心斎橋駅 徒歩7分,年収450万円～650万円,公開していません,バイトルPRO
株式会社サザンウィッシュ,Webエンジニア／自社サービス／Saasアプリケーション,京都府 京都市 京都駅,年収500万円～700万円,公開していません,Geekly
株式会社アイダックス,Web系システム開発エンジニア,大阪府 大阪市 谷町四丁目駅 徒歩3分,月給19万円～33万円,公開していません,ハローワーク大阪東
有限会社アイエムジーフロー,WEBエンジニア,大阪府 大阪市 阿波座駅 徒歩5分,月給24万円～45万円,公開していません,ハローワーク大阪西
株式会社グッド・フィール,Webエンジニア,大阪府 大阪市 梅田駅,年収400万円～550万円,公開していません,Geekly
マツダ株式会社,グローバルWebプラットフォームエンジニア／フルリモート,大阪府,年収400万円～900万円,公開していません,パソナキャリア
システムクリエイト株式会社,制御・組み込み系システムエンジニア／Web／IT,大阪府 大阪市 新大阪駅 徒歩2分,年収300万円～420万円,公開していません,バイトルPRO
株式会社テクノスフィア,webオープン系開発エンジニア,大阪府 大阪市 肥後橋駅 徒歩5分,"月給23万2,000円～69万5,000円",公開していません,ハローワーク大阪西
株式会社バトンズ,Webエンジニア／フルスタックエンジニアへのキャリアアップ,京都府 京都市 京都駅,年収400万円～600万円,公開していません,Geekly
株式会社クレアリンクテクノロジー,WEBアプリケーションエンジニア,京都府 精華町,"月給19万8,000円～35万円",公開していません,ハローワーク京都田辺
株式会社伸和トータルエンジニアリング／開発センター,WEB系システムエンジニア,大阪府 大阪市 大阪天満宮駅 徒歩6分,月給20万円～,公開していません,株式会社伸和トータルエンジニアリング
株式会社イーシーキューブ,Web開発エンジニア／日本No.1ECオープンプラットフォーム「EC-CUBE」,大阪府 大阪市 北区,年収500万円～700万円,公開していません,リクルートエージェント
サイバーパテント株式会社,システムエンジニア／Webアプリケーション,京都府 京都市 京都駅,年収550万円～650万円,公開していません,Geekly
株式会社プラスワン,オープン系・Web系システムエンジニア,兵庫県 姫路市 姫路駅 徒歩15分,月給22万円～35万円,公開していません,ハローワーク姫路
株式会社人財バンク,Web・オープン系システムエンジニア／Web／IT,京都府 京都市 西大路駅 徒歩5分,年収400万円～,公開していません,バイトルPRO
関西ビジネスインフォメーション株式会社,エネルギー事業企業のシステムエンジニア／WEBサービス開発エンジニア,大阪府 大阪市 淀屋橋駅 徒歩5分,年収462万円～591万円,公開していません,マイナビジョブ20's
日本ウェブサービス株式会社,WEBオープン系システムエンジニア／賞与3回,大阪府 大阪市 大阪駅,年収400万円～800万円,公開していません,マイナビジョブ20's
株式会社illmatics,webアプリ開発エンジニア,大阪府 大阪市 梅田駅,月給25万円～90万円,公開していません,ハローワーク梅田
株式会社2way,Webエンジニア,大阪府 大阪市 本町駅 徒歩5分,月給20万円～60万円,公開していません,ハローワーク大阪東
フィット産業株式会社,Web系システムエンジニア,大阪府 大阪市 新大阪駅,月給26万円～46万円,公開していません,ハローワーク淀川
株式会社オープン・システム・ソリューションズ,Web系システムエンジニア、組込み系システムエンジニア,京都府 京都市 丹波口駅 徒歩5分,月給20万円～72万円,公開していません,ハローワーク京都七条
株式会社テックエデュケイションカンパニー,WEBエンジニア,大阪府 大阪市 西区,月給25万円～,公開していません,株式会社テックエデュケイションカンパニー
株式会社with,Webサービス系エンジニア・プログラマ,大阪府 大阪市 大阪駅 徒歩15分,年収550万円～700万円,公開していません,株式会社with
株式会社都商,WEBエンジニア募集,大阪府 大阪市 大阪駅,月給20万円～100万円,公開していません,PROSEEK
株式会社HATCH,Webデザイナー、UIエンジニア,大阪府 大阪市 中央区,月給20万円～30万円,公開していません,株式会社HATCH
株式会社CBS DESIGN 株式会社CBSデザ...,Webデザイナー、UIエンジニア,兵庫県 神戸市 元町駅,月給20万円～35万円,公開していません,株式会社CBS DESIGN
株式会社オンデーズ,WEBアプリケーションエンジニア,大阪府 大阪市 中央区,月給25万円,公開していません,専門学校の就活 Career Map
メモリーハウス株式会社,Web・オープン系システムエンジニア／Web／IT,大阪府 大阪市 長堀橋駅 徒歩5分,公開していません,公開していません,バイトルPRO
株式会社ヨシダ,ITエンジニア／Webアプリ開発／社内システム開発／インフラ,大阪府 大阪市 福島区,"月給21万5,000円～48万円",公開していません,株式会社ヨシダ
アイオステクノロジー株式会社,Webエンジニア 経験者 オンライン面接実施中,大阪府 大阪市 難波駅,月給22万円～55万円,公開していません,アイオステクノロジー株式会社
Like合同会社,Webデザイナー、UIエンジニア,大阪府 貝塚市,"時給1,000円～1,500円",公開していません,Like合同会社
株式会社ラージ,Webデザイナー、UIエンジニア,大阪府 大阪市 中央区,月給20万円～30万円,公開していません,株式会社ラージ
ヴァイタル・インフォメーション 株式会社,Web開発エンジニア,大阪府 大阪市 本町駅 徒歩3分,月給23万円～45万円,公開していません,ハローワーク大阪東
株式会社ユアスタイル,WEB系システムエンジニア・プログラマー,大阪府 大阪市 大阪天満宮駅,月給30万円～50万円,公開していません,ハローワーク梅田
リスタートソリューション合同会社,研修付き!ITエンジニア、プログラマー／ウェブライター大募集,大阪府 大阪市 大阪駅 徒歩8分,月給20万円～70万円,公開していません,かんたん応募
日本インターシステムズ株式会社,Web系システム開発エンジニア,大阪府 大阪市 北新地駅 徒歩1分,月給21万円～25万円,公開していません,ハローワーク梅田
株式会社システムマーケティング研究所,プログラマー・webサービス系エンジニア,兵庫県 神戸市 元町駅 徒歩5分,月給25万円～32万円,公開していません,ひょうごで働こう！マッチングサイト
株式会社パートナーズ,WEBフロントエンドエンジニア,大阪府 大阪市 新大阪駅 徒歩3分,月給25万円～40万円,公開していません,ハローワーク豊橋
株式会社BLUE,IT、WEBエンジニア,大阪府 大阪市 肥後橋駅 徒歩5分,月給18万円～,公開していません,株式会社BLUE
株式会社トライアンフ 東京オフィス,サービスエンジニア Web面接可,大阪府 大阪市 阿波座駅 徒歩2分,月給20万円～,公開していません,株式会社トライアンフ
株式会社エイアンドティ,Webサービスエンジニアを募集しています,大阪府,年収300万円～600万円,公開していません,かんたん応募
株式会社フレワーク,プログラマー Webエンジニア,大阪府 大阪市 北区,月給23万円～35万円,公開していません,株式会社フレワーク
株式会社ビジネスポート,SE ーお客様の笑顔と共にステップアップを目指すー 業務システム・Webシステム開発エンジニア,京都府 京都市 京都駅 徒歩5分,月給25万円～,公開していません,株式会社ビジネスポート
プロシスタ株式会社,Webデザイナー・UIエンジニア,大阪府 大阪市 新大阪駅 徒歩8分,"月給19万775円～43万5,900円",公開していません,プロシスタ株式会社
株式会社YCMリアルエステートインターナショナル,ゲームテスター／デバッガー Web・アプリ・ITエンジニア,兵庫県 神戸市 中央区,月給25万円～,公開していません,株式会社YCMリアルエステートインターナショナル
アンクラージェ株式会社,Web・オープン系エンジニア 未経験,大阪府 大阪市 本町駅 徒歩4分,月給20万円～28万円,公開していません,アンクラージェ株式会社
株式会社SNJAPAN,急募!ゲーム・webエンジニア大募集,兵庫県 神戸市 中央区,月給25万円～40万円,公開していません,株式会社SNJAPAN
株式会社リーベルタース,業界未経験歓迎／安心して始められる研修あり／システムエンジニア／Webシステムアプリのプログラミング,京都府 京都市 中京区,月給30万円～60万円,公開していません,株式会社リーベルタース
株式会社ファイブステージ,Webデザイナー、UIエンジニア,大阪府 大阪市 なんば駅,"時給1,500円～3,000円",公開していません,株式会社ファイブステージ
株式会社ジャム・デザイン,Webディレクター、WEBデザイナー、Webエンジニア／移住支援金対象,兵庫県 神戸市 三宮駅 徒歩10分,月給20万円～40万円,公開していません,ひょうごで働こう！マッチングサイト
株式会社サンフィールド,Webデザイナー、UIエンジニア,大阪府 大阪市 桜川駅 徒歩5分,月給30万円～45万円,公開していません,株式会社サンフィールド
株式会社リノア 大阪OFFICE,Webデザイナー、UIエンジニア,大阪府 大阪市 西中島南方駅 徒歩5分,"時給1,200円～",公開していません,株式会社リノア
株式会社ICBM 大阪市北区西天満3丁目6番22号,Webデザイナー、UIエンジニア,大阪府 大阪市 北区,"時給1,300円～1,500円",公開していません,株式会社ICBM
株式会社リエイト,Webデザイナー、UIエンジニア,奈良県 生駒市 生駒駅 徒歩5分,時給900円～950円,公開していません,株式会社リエイト
株式会社アイティープランニング,WEBエンジニア,大阪府 大阪市 肥後橋駅 徒歩1分,月給20万円～,公開していません,株式会社アイティープランニング
有限会社アトム,ウエブエンジニア、ウエブディレクター,兵庫県 宝塚市 逆瀬川駅 徒歩4分,年収750万円～,公開していません,有限会社アトム
株式会社アクレット,Webデザイナー、UIエンジニア,兵庫県 神戸市 三宮駅 徒歩10分,月給18万円～45万円,公開していません,株式会社アクレット
株式会社平和実業,WEBエンジニア・WEBデザイナー,奈良県 田原本町 笠縫駅 徒歩30分,"時給1,000円～1,300円",公開していません,かんたん応募
カーポートマルゼン住之江オフィス,Webデザイナー、UIエンジニア,大阪府 大阪市 住之江区,"月給19万6,000円～35万円",公開していません,株式会社カーポートマルゼン
総合経営サポートセンター,WEBアプリケーションエンジニア,京都府 京田辺市,月給21万円～44万円,公開していません,総合経営サポートセンター
株式会社アスパーク 姫路オフィス,ソフトウェアエンジニアWeb面接可,兵庫県 姫路市 姫路駅 徒歩2分,月給18万円～36万円,公開していません,株式会社アスパーク
株式会社JIRITA,社内WEBエンジニア,大阪府 大阪市 中崎町駅,年収300万円～350万円,公開していません,株式会社JIRITA
株式会社ティルトローター,マークアップエンジニア・ WEBプログラマ,大阪府 大阪市 大国町駅 徒歩5分,月給28万円～,公開していません,株式会社ティルトローター
株式会社FAN・DREAM 大阪オフィス,クオリティエンジニア／WEBシステム／PL・PM Va,大阪府 大阪市 本町駅 徒歩5分,月給33万円～83万円,公開していません,株式会社FAN・DREAM
株式会社ZERO-ONE 大阪,Webデザイナー、UIエンジニア,大阪府 吹田市 吹田駅 徒歩7分,月給23万円～30万円,公開していません,株式会社ZERO-ONE
NexusLink株式会社,Webエンジニア・未経験歓迎 スキルが身に付く 研修充実 家賃5割負担,大阪府 大阪市 北区,月給20万円～60万円,公開していません,NexusLink株式会社
株式会社Her's 大阪府,組み込み／制御系システム／スマホアプリ／Webシステム開発システムエンジニア,大阪府 大阪市 大阪駅,年収400万円～500万円,公開していません,株式会社Her's
株式会社グランドデザインホールディングス,Webデザイナー、UIエンジニア,大阪府 大阪市 西区,"時給1,100円～1,200円",公開していません,株式会社グランドデザインホールディングス
合同会社テックコネクト,Webデザイナー、UIエンジニア,大阪府 大阪市 大阪駅,"月給21万4,200円～35万7,000円",公開していません,合同会社テックコネクト
株式会社ブロックヘッドワークス,WEBエンジニア・プログラマー,兵庫県 神戸市 六甲道駅 徒歩2分,"時給1,200円～",公開していません,株式会社ブロックヘッドワークス
ヴァイタル・インフォメーション株式会社,WEB／オープン系 エンジニア,大阪府 大阪市 本町駅 徒歩3分,"月給20万5,000円～40万円",公開していません,ヴァイタル・インフォメーション株式会社大阪本部
アートノイズ,Webデザイナー、UIエンジニア,兵庫県 神戸市 三宮駅,月給30万円～50万円,公開していません,アートノイズ
株式会社プロフィットバンク,Webアプリケーションエンジニア,大阪府 大阪市 新大阪駅 徒歩5分,月給25万円～45万円,公開していません,株式会社プロフィットバンク
ソーシャルブラザーズ株式会社,未経験OK!テストエンジニア／Web面接OK,奈良県 奈良市,月給20万円～25万円,公開していません,ソーシャルブラザーズ株式会社
株式会社デルタエンジニアリング,WEBアプリケーションエンジニア,京都府 京都市 下京区,年収400万円～600万円,公開していません,株式会社デルタエンジニアリング
株式会社FAN・DREAM,クオリティエンジニア／Webシステム／PL・PMbt n,大阪府 大阪市 本町駅 徒歩3分,"月給33万円～83万3,000円",公開していません,株式会社FAN・DREAM
株式会社グラント,オープン・WEB系エンジニア,大阪府 大阪市 大阪天満宮駅,月給26万円～40万円,公開していません,株式会社グラント
株式会社AIE,プラントエンジニア／WEB面接OK,大阪府 大阪市 淀川区,"時給2,000円～3,000円",公開していません,株式会社AIE
株式会社RIZE,スキル・知識0から始めるWEBエンジニア,大阪府 高槻市,月給20万円～25万円,公開していません,株式会社RIZE
株式会社ソフトハート,WEBエンジニア,大阪府 大阪市 大阪駅 徒歩5分,年収250万円～500万円,公開していません,U29JOB
株式会社ソフテムコム,オープン・Web系エンジニア,大阪府 大阪市 本町駅,年収400万円～700万円,公開していません,PROSEEK
ユーニス株式会社,WEB系エンジニア,大阪府 大阪市 中央区,年収380万円～520万円,公開していません,U29JOB
GRASグループ株式会社,Webアプリエンジニア,大阪府,公開していません,公開していません,べティ
株式会社Y&K Narita Internati...,IT システムエンジニア プログラマー WEBデザイナー,大阪府,月給30万円～59万円,公開していません,かんたん応募
株式会社ドイコンピュータマネージメント,2023 新卒採用 情報処理,大阪府,"月給19万9,000円～22万円",公開していません,リクナビ2023
株式会社インタークエスト,2023 新卒採用 ソフトウェア,大阪府 大阪市 中央区,"月給22万円～25万5,000円",公開していません,リクナビ2023
株式会社ピーエスシー,2023 新卒採用 インターネット関連,大阪府,"月給21万480円～22万1,860円",22日前,リクナビ2023
株式会社キャリア・ブレスユー,ITエンジニア／未経験可!知識学歴不問／残業なし／在宅勤務可,大阪府 大阪市 中央区,月給22万円～32万円,14日前,doda
株式会社フラスコ100cc,2023 新卒採用 専門店／スポーツ用品,大阪府 大阪市 中央区,月給20万800円,公開していません,リクナビ2023
ega採用,介護・医療法人のWEBディレクター,奈良県 香芝市 近鉄下田駅 徒歩5分,"月給19万2,000円～26万5,100円",10日前,ega採用
プライム・ストラテジー株式会社,フルリモート／エンジニア 自社プロダクト!世界展開中の「KUSANAGI」の機能開発業務,大阪府,年収500万円～800万円,6日前,en ミドルの転職
Wematch,PG,京都府 京都市,年収450万円～800万円,5日前,Wematch
株式会社ファインシステム,SE 直請け9割／自社内開発／様々な案件からキャリアを支援,兵庫県 加古川市,年収357万円～498万円,25日前,リクルートエージェント
富士インフォックス・ネット株式会社,2023 新卒採用 情報処理,大阪府,月給23万円～30万円,公開していません,リクナビ2023
OWNDAYS株式会社,2023 新卒採用 専門店／服飾雑貨・繊維製品・貴金属,大阪府,月給21万円～25万円,22日前,リクナビ2023
株式会社ライトコード,デザインの力でWEBサービスに革新を!ユーザーをワクワクさせるUI／UXデザイナー求む,大阪府 大阪市 北区,年収288万円～540万円,5日前,Find Job!
株式会社Branding Engineer,Java経験浅めOK 2400円～,兵庫県 神戸市 神戸駅 徒歩2分,"時給2,400円～2,700円",公開していません,エン派遣
ユニファ株式会社,Rubyエンジニア,大阪府,年収450万円～900万円,6日前,Spring転職エージェント
株式会社システム・サイエンス,2023 新卒採用 ソフトウェア,大阪府,月給20万円～21万円,公開していません,リクナビ2023
パーソルエクセルHRパートナーズ株式会社キャリア...,ネットワークエンジニア,大阪府 大阪市 心斎橋駅 徒歩5分                                                                                                                                                                その他 (17),"時給2,500円",5日前,パーソルエクセルHRパートナーズ株式会社キャリアサポート第五部
株式会社RevComm,Engineering Manager,大阪府,"年収700万円～1,500万円",公開していません,Spring転職エージェント
株式会社I2C WEST,2023 新卒採用 インターネット関連,大阪府 大阪市 北区,"月給21万3,600円～28万円",公開していません,リクナビ2023
コニカミノルタジャパン株式会社,2023 新卒採用 商社／事務機器・OA関連,大阪府,"月給22万8,550円",公開していません,リクナビ2023
株式会社Aiming,Ruby on Railsプログラマー／エンジニア,大阪府,年収350万円～800万円,公開していません,Spring転職エージェント
株式会社テクノデジタル,2023 新卒採用 ソフトウェア,大阪府 大阪市 浪速区,"月給21万5,000円～22万5,000円",公開していません,リクナビ2023
株式会社エーティーエス,フルリモート!即日～長期／AWS／会計システム共通基盤の構築,大阪府 大阪市,"時給2,400円～2,700円",7日前,テクパス
バルテス･モバイルテクノロジー株式会社,セキュリティエンジニア,大阪府 大阪市 本町駅 徒歩1分,年収400万円～750万円,6日前,CREATIVE JOB
株式会社クイック,2023 新卒採用 広告,大阪府,"月給19万8,096円～28万6,500円",6日前,リクナビ2023
株式会社フロムオリジン,次世代の働き方を実現! ITエンジニア フルリモート案件95%,大阪府,月給72万円,3時間前,マイナビ転職
株式会社アイリッジ,Androidエンジニア,大阪府,年収400万円～800万円,27日前,Spring転職エージェント
株式会社スターリーナイトカンパニー,デザイナー／イベント企画／週休3日6時間勤務,兵庫県 神戸市 中央区,月給19万円～,公開していません,かんたん応募
株式会社ITP,2023 新卒採用 広告,大阪府,"月給18万8,000円～25万2,780円",公開していません,リクナビ2023
株式会社ナレッジラボ,フルスタックエンジニア／リーダー候補,大阪府 大阪市 淀屋橋駅 徒歩4分,"年収600万円～1,200万円",公開していません,paiza転職
LINE Digital Frontier株式会社,Perlエンジニア／フルリモート も可,大阪府,年収400万円～700万円,公開していません,Spring転職エージェント
株式会社モトヤ 人材派遣部,SE・プログラマ（WEB・スマホ系）／IT・通信関連,大阪府 大阪市 堺筋本町駅 徒歩4分,"時給2,200円～2,300円",10日前,はたらこねっと
コンピューターサイエンス株式会社,アプリケーションエンジニア,大阪府,年収350万円～600万円,公開していません,Spring転職エージェント
Modis株式会社 Tech,WEBページのサーバ寄りディレクション,大阪府 大阪市 淀屋橋駅 徒歩1分,"時給2,000円",26日前,エン派遣
Micoworks株式会社,PdM候補,大阪府,"年収800万円～1,200万円",公開していません,Spring転職エージェント
株式会社コンテナ,フロントエンドエンジニア・マークアップエンジニア募集,大阪府 大阪市 堺筋本町駅 徒歩5分,月給22万円～50万円,15日前,Find Job!
株式会社データ・エージェンシー,"市場価値の高い ""データエンジニア""へキャリアチェンジ",大阪府,年収400万円～800万円,公開していません,かんたん応募
株式会社ユークス,社内SE,大阪府 堺市 堺駅 徒歩2分,年収300万円～500万円,公開していません,マイナビAGENT
株式会社MonotaRO,サーバーサイドエンジニア／システムエンジニア SEO施策を推進!ITエンジニアリング経験を活かせます,兵庫県 尼崎市 出屋敷駅,年収500万円～800万円,5日前,レバテックキャリア
株式会社テラスカイ,大阪／クラウドインテグレーションエンジニア 国内TOPクラスの技術力を保有,大阪府,年収400万円～840万円,公開していません,リクルートエージェント
株式会社シーズ,Webプログラマー,京都府 京都市 丹波口駅 徒歩5分,年収350万円～,公開していません,Green
西日本電信電話株式会社,スマートアグリ 新領域ビジネス開発戦略および開発支援担当,大阪府 大阪市 京橋駅 徒歩5分,年収450万円～800万円,4日前,タイズ
株式会社ウェブフロンティア,未経験者歓迎／社内開発や自社サービス強化中,大阪府 大阪市 中央区,"年収300万円～1,000万円",公開していません,マイナビAGENT
古野電気株式会社,クラウドシステム開発ポジション／海難事故0を目標に船舶の自動運転技術開発,兵庫県 西宮市,年収400万円～645万円,25日前,マイナビAGENT
CFL株式会社,建設クラウドのセキュリティエンジニア,大阪府 大阪市 淀川区,"年収600万円～1,000万円",11日前,マイナビ転職
株式会社タナベ経営,急募社内SE,大阪府 大阪市 新大阪駅 徒歩5分,年収400万円～600万円,公開していません,マイナビAGENT
