レバレジーズ株式会社,カスタマーサクセス担当／IT領域,"東京都                                                                                                                                                                    




レバレジーズ株式会社の求人
をすべて見る",公開していません,11日前,レバレジーズ株式会社
株式会社リアステージ,IT企業のカスタマーサクセス,"東京都 新宿区 新宿駅                                                                                                                                                                    




新宿駅の求人
をすべて見る",月給26万円～42万円,28日前,株式会社リアステージ
株式会社テクノウェイブ 労働者派遣事業許可,IT系ヘルプデスク・ユーザーサポート／Excel／カスタマーサクセス部のアシスタント,"東京都 港区 神谷町駅 徒歩2分                                                                                                                                                                    




神谷町駅の求人
をすべて見る","時給1,500円～",公開していません,techno wave
XMile株式会社,カスタマーサクセス／IT支援ツールの顧客満足度向上／残業20時間程度,東京都 新宿区,年収500万円～700万円,3日前,doda
株式会社オープンエイト,ITコンサルタント SaaS事業／業務改善・体制構築コンサル／カスタマーサクセス業務,"東京都 渋谷区 渋谷駅                                                                                                                                                                    




株式会社オープンエイトの求人
をすべて見る","年収700万円～1,000万円",公開していません,レバテックキャリア
ユニファ株式会社,カスタマーサクセス IT技術で保育業界に貢献 年休125日,東京都 千代田区 飯田橋駅 徒歩4分,月給25万600円～,3日前,エン転職
株式会社Works Human Intellig...,導入コンサルタント・カスタマーサクセス／IT業界未経験歓迎,東京都 港区 六本木一丁目駅,"月給32万1,375円～",7日前,doda
ファストドクター株式会社,カスタマーサクセスディレクター ITの力で医療を支援するヘルステック企業,東京都 港区,年収400万円～600万円,14日前,doda
株式会社ネクストビート,東京／カスタマーサクセス ITで社会課題の解決を目指す成長ベンチャー,東京都 渋谷区,年収420万円～840万円,7時間前,エージェントパーク
株式会社フレクト,自社IoTアプリケーションを通じて顧客の課題解決に伴走する「カスタマーサクセス」／IT業界の経験不問,東京都 港区,年収390万円～540万円,公開していません,株式会社フレクト
パーソルテンプスタッフ株式会社,IT会計ソフトの導入支援 カスタマーサクセス,東京都 品川区 五反田駅 徒歩2分,"時給1,750円",20日前,ジョブチェキ！
株式会社セラク,ITコンサルタント／Salesforce コンサルタント Salesforceの定着化,東京都 新宿区 新宿駅,年収330万円～600万円,公開していません,レバテックキャリア
株式会社hacomono,カスタマーサクセス フィットネス×ITで業界をリード／自社開発SaaS,東京都 豊島区,"年収400万円～1,100万円",14日前,doda
Bizネクストジャパン株式会社 総合人事課,コールセンター運営STAFF 導入コンサルタント カスタマーサクセス IT業界,東京都 新宿区,月給26万円～,3日前,Bizネクストジャパン株式会社総合人事課
RSUPPORT株式会社,内勤営業・カウンターセールス カスタマーサクセス／世界的なリモート・テクノロジー企業／未経験歓迎,東京都 港区,月給25万円～35万円,公開していません,RSUPPORT株式会社
株式会社助太刀,カスタマーサクセス／IT業界未経験歓迎／建設×SaaSのリーディングカンパニー,東京都 渋谷区 渋谷駅,年収400万円～700万円,公開していません,Geekly
株式会社LMK,ITベンチャー企業のカスタマーサクセス,東京都 渋谷区,年収300万円～360万円,17日前,株式会社LMK
株式会社ウィルオブ・ワーク,成長中!不動産会社をITで支援するカスタマーサクセス,東京都 渋谷区 代官山駅 徒歩3分,"時給1,600円～",公開していません,WILLOF
株式会社灯火,IT／コンピュータ ユーザーサポート カスタマーサクセスエンジニア,東京都 港区 新橋駅 徒歩11分,年収450万円～600万円,公開していません,株式会社灯火
キャリフレ,IT／コンピュータ ユーザーサポート オフィスワーク経験1年あれば未経験可,東京都 新宿区,月給22万円～40万円,公開していません,キャリフレ
株式会社ギャプライズ,カスタマーサクセス／海外最先端ITソリューション:yotpo.その他新規プロダクト,東京都 新宿区 新宿駅,年収350万円～700万円,公開していません,Geekly
株式会社ロフタル,自社ITサービスの営業・カスタマーサクセス,東京都 渋谷区 恵比寿駅 徒歩10分,"時給2,000円～",公開していません,かんたん応募
株式会社For A-career,コンサルタント／営業／IT・クリエイティブ medica カスタマーサクセスポジション,東京都 渋谷区 渋谷駅 徒歩8分,"月給18万8,040円～36万609円",公開していません,株式会社For A-career
株式会社アクシバース,カスタマーサクセス Mgr候補／1週間を5秒に!業務効率化×ITのサービスで継続率99.5%を実現,東京都 千代田区,年収500万円～900万円,3日前,en ミドルの転職
株式会社ハイパーソフト,営業／企画営業 ITで美容業界をデザインしよう!美容サロンPOSシステムのカスタマーサクセス,東京都 港区 白金高輪駅 徒歩10分,"月給23万1,500円～35万円",2日前,株式会社ハイパーソフト
株式会社アシロ,カスタマーサクセス:年休125日以上／残業20h／法律事務所の経営をITで救う,東京都 新宿区,年収400万円～600万円,16日前,リクルートエージェント
LDG,アパレル×ITのスタートアップ!カスタマーサクセスを募集,東京都 渋谷区,年収300万円～,公開していません,LDG
JTP株式会社,ITコンサル、企画、マーケティング、カスタマーサクセス,東京都 品川区,月給24万円,公開していません,専門学校の就活 Career Map
株式会社SAMURAI,カスタマーサクセス,東京都 渋谷区 渋谷駅 徒歩5分,年収400万円～600万円,26日前,U29JOB
ソフトブレーン株式会社,カスタマーサクセス,東京都 中央区,年収400万円～700万円,公開していません,パソナキャリア
E-agent合同会社,カスタマーサクセス,東京都 目黒区                                                                                                                                                                その他 (23),月給30万円～,公開していません,E-agent合同会社
株式会社スタディスト,管理職 カスタマーサクセス,東京都,年収450万円～650万円,公開していません,Spring転職エージェント
株式会社ジグザグ,カスタマーサクセスマネージャー,東京都 渋谷区 渋谷駅 徒歩6分,年収500万円～700万円,公開していません,U29JOB
株式会社KiteRa,カスタマーサクセス／責任候補者,東京都 港区,月給50万円～,公開していません,日経転職版
モビルス株式会社,カスタマーサクセス／導入前後での顧客支援,東京都 品川区,年収450万円～550万円,12時間前,doda
株式会社グローバ,カスタマーサクセス,東京都 渋谷区 渋谷駅 徒歩7分,年収400万円～800万円,1日前,Green
株式会社SmartHR,人事労務領域SaaSにおけるカスタマーサクセス,東京都 港区 六本木一丁目駅,年収400万円～900万円,14日前,マイナビ転職エージェントサーチ
株式会社primeNumber,カスタマーサクセスエンジニア,東京都 目黒区,"年収480万円～1,200万円",21日前,マイナビAGENT
株式会社エーティーエス,9月開始!大手／在宅勤務／カスタマーサクセスの支援・業務補佐,東京都,"時給2,200円～2,600円",7日前,テクパス
株式会社Sportip,カスタマーサクセス,東京都 文京区 本郷三丁目駅,年収462万円～700万円,公開していません,Geekly
株式会社ラクス,カスタマーサクセス,東京都 渋谷区,"年収900万円～1,150万円",1日前,パソナキャリア
MNTSQ株式会社,年収～1500万円／コンサルタント・カスタマーサクセス エンタープライズ向けSaaSプロダクトの開発,東京都 中央区,"年収600万円～1,500万円",13日前,LIBZ
株式会社カミナシ,カスタマーサクセス,東京都 千代田区,公開していません,公開していません,【公式】ワーママ転職ならママリブラ
株式会社Pathee,カスタマーサクセスマネージャー,東京都 品川区 五反田駅 徒歩3分,年収600万円～900万円,3日前,CREATIVE JOB
カイロスマーケティング株式会社,カスタマーサクセス,東京都 渋谷区 原宿駅 徒歩8分,年収300万円～800万円,公開していません,Green
CAPS株式会社,人事系SaaSシステムのカスタマーサクセス,東京都 港区 六本木駅,年収400万円～800万円,16日前,doda
コインチェック株式会社,カスタマーサクセス・マネージャー候補／バーチャル株主総会支援サービス「Sharely 」,東京都 渋谷区 渋谷駅,年収600万円～800万円,12日前,doda
株式会社PR TIMES,カスタマーサポート・カスタマーサクセス,東京都 千代田区 溜池山王駅 徒歩1分,年収400万円～600万円,22時間前,CREATIVE JOB
株式会社Viibar,VideoTouchのカスタマーサクセス／フルリモート可,東京都 渋谷区,年収500万円～800万円,公開していません,リクルートエージェント
株式会社EVERRISE,ITセールス,東京都 港区 六本木駅 徒歩3分,年収500万円～700万円,17日前,U29JOB
クリエイティブサーベイ株式会社,カスタマーサクセス,東京都 港区,年収400万円～800万円,19日前,doda
株式会社クラウドワークス,カスタマーサクセス立上げ／働き方改革を促進するSaaS「クラウドログ」,東京都 渋谷区 恵比寿駅,年収400万円～800万円,17日前,doda
株式会社ジーネクスト,カスタマーサクセス,東京都 千代田区,年収500万円～700万円,7時間前,エージェントパーク
RPAホールディングス株式会社,OA RaaS事業 RoboRoboカスタマーサクセス,東京都,年収420万円～700万円,公開していません,Spring転職エージェント
アディッシュ株式会社,既存営業／スタートアップ企業の成長をカスタマーサクセスで実現する営業,東京都,年収360万円～480万円,公開していません,Spring転職エージェント
株式会社9E,法人営業 インサイドセールス・カスタマーサクセスに特化した採用コンサルティング営業／創業期メンバー,東京都,年収360万円～600万円,公開していません,キャリフレ
SATORI株式会社,カスタマーサクセス,東京都 渋谷区 渋谷駅,年収440万円～700万円,19日前,doda
株式会社COUNTERWORKS,カスタマーサクセス,東京都 目黒区 中目黒駅 徒歩3分,年収360万円～540万円,24日前,U29JOB
paiza株式会社,カスタマーサクセス部門長・マネージャー候補,東京都 港区 外苑前駅,"年収600万円～1,000万円",17日前,doda
SORABITO株式会社,カスタマーサクセスオペレーション／カスタマーサクセスの戦略設計,東京都 中央区 茅場町駅,年収550万円～800万円,公開していません,Geekly
ヤフー株式会社,カスタマーサクセス,東京都 千代田区 永田町駅,"年収400万円～1,000万円",26日前,U29JOB
サイオステクノロジー株式会社,カスタマーサクセス リーダー候補／フルリモート・フルフレックス勤務可,東京都 港区 白金高輪駅,年収500万円～750万円,28日前,doda
PHC株式会社,カスタマーサクセスリーダー候補／電子カルテSaaS／ヘルスケアグローバル企業,東京都 渋谷区,年収500万円～950万円,14日前,doda
株式会社医健コンシェル,カスタマーサクセス管理職,東京都 渋谷区,"年収1,000万円～",6日前,株式会社医健コンシェル
ファイルフォース株式会社,カスタマーサクセス 「Voicy」にてユニークな企業として取り上げられた上場準備中のSaaSベンチャ...,東京都 千代田区,年収400万円～720万円,14日前,LIBZ
株式会社Asobica,カスタマーサクセス領域のインフラSaaSを目指すAsobicaの中枢ポジション!,東京都 品川区,年収400万円～600万円,14日前,LIBZ
リマールエステート株式会社,不動産会社向けSaaSのカスタマーサクセス 代表が国会議員の不動産テック会社,東京都 中央区,年収400万円～800万円,16日前,doda
株式会社YOUTRUST,カスタマーサクセス,東京都 渋谷区 神泉駅 徒歩5分,年収350万円～650万円,2日前,Green
株式会社グッドパッチ,セールス・カスタマーサクセス,東京都 渋谷区 渋谷駅 徒歩7分,年収450万円～620万円,26日前,U29JOB
東証一部 情報機器、医療機器メーカー コニカミノ...,介護業界向けICTサービス事業のカスタマーサクセス／カスタマーサポート構築者,東京都 八王子市,"年収800万円～1,200万円",公開していません,アルファサーチ
株式会社スカイアーク,Web社内報システムのカスタマーサクセス・マネージャー,東京都 千代田区,年収400万円～600万円,12日前,doda
AI inside株式会社,カスタマーサクセス／AI-OCR 「DX Suite」AI工学文字認識市場シェア64%,東京都 渋谷区 渋谷駅,年収400万円～600万円,14日前,doda
株式会社トレタ,フルリモート／カスタマーサクセス,東京都 品川区 五反田駅 徒歩8分,年収350万円～500万円,1日前,Green
freee株式会社,カスタマーサクセス オペレーションマネージャー,東京都 品川区,"年収1,200万円",15日前,マイナビAGENT
株式会社アンドパッド,カスタマーサクセス／マネージャー候補 Forbes JAPAN「Cloud Top10」選出,東京都 千代田区,年収500万円～800万円,10日前,リクルートエージェント
パーソルプロセス&テクノロジー株式会社,カスタマーサクセス ～LTV改善を通じて顧客ビジネスを成功に導く／企画・構築・運用まで実行～,東京都 江東区 豊洲駅,年収430万円～550万円,20日前,doda
Micoworks株式会社,カスタマーサクセスマネージャー,東京都 千代田区,"年収800万円～1,200万円",3日前,doda
株式会社リブ・コンサルティング,カスタマーサクセスマネージャー,東京都 千代田区,公開していません,公開していません,【公式】ワーママ転職ならママリブラ
株式会社インゲージ,カスタマーサクセス 東京,東京都 港区 赤羽橋駅 徒歩4分,年収300万円～550万円,1日前,Green
株式会社チームスピリット,カスタマーサクセス,東京都 中央区 京橋駅,年収300万円～750万円,公開していません,キャリコネ転職
株式会社ディーバ,カスタマーサクセス担当者,東京都,年収400万円～650万円,公開していません,Spring転職エージェント
ベーシック株式会社,カスタマーサクセス,東京都 千代田区,"月給28万1,904円～45万3,333円",19日前,【公式】ワーママ転職ならママリブラ
Nota株式会社,カスタマーサクセス,東京都 港区 新橋駅,年収600万円～800万円,15日前,doda
株式会社ROBOT PAYMENT,カスタマーサクセス 決済×SaaSで企業を支援するベンチャー企業 年休120日,東京都 渋谷区 渋谷駅 徒歩5分,"月給33万4,000円～",7日前,エン転職
Tangerine株式会社,フィールドセールス・カスタマーサクセス,東京都 港区 白金高輪駅 徒歩8分,年収350万円～550万円,3日前,doda
株式会社トモノカイ,カスタマーサクセス・コールセンター責任者候補／「家庭教師サービス」事業,東京都 渋谷区,年収500万円～650万円,10日前,Education Career
リアステージ,カスタマーサクセスマネージャー,東京都 渋谷区 渋谷駅,年収540万円～800万円,28日前,リアステージ
株式会社ネットショップ支援室,クライアントのEC運営を最大化させるカスタマーサクセス業,東京都 新宿区 四ツ谷駅,年収350万円～600万円,公開していません,Office Lady
ファウンダーズ株式会社,カスタマーサクセス・完全フルリモートワーク可能,東京都 渋谷区 北参道駅 徒歩1分,月給30万円～50万円,21時間前,イーキャリア
パナソニックホールディングス株式会社,工務店向けクラウドsumgooカスタマーサクセス,東京都 港区 浜松町駅 徒歩9分,年収550万円～900万円,24日前,U29JOB
Ubie株式会社,クリニック向けカスタマーサクセス,東京都,年収350万円～470万円,23日前,Spring転職エージェント
株式会社LegalForce,カスタマーサクセス ～AI×法務「国内初リーガルテック」SaaS企業～,東京都 江東区,年収700万円～900万円,18日前,doda
Classi株式会社,カスタマーサクセスチーム責任者／ベネッセ×ソフトバンクの合弁会社,東京都 新宿区,年収600万円～800万円,公開していません,Education Career
スラッシュ株式会社,カスタマーサクセス CS,東京都 港区 赤坂駅 徒歩3分,年収400万円～600万円,19日前,Green
テックタッチ株式会社,カスタマーサクセス,東京都 港区 虎ノ門駅,年収420万円～600万円,公開していません,Geekly
ツクリンク株式会社,カスタマーサクセス,東京都 港区 六本木駅,年収400万円～600万円,13日前,doda
シルバーエッグ・テクノロジー株式会社,アカウント・コンサルタント／ITコンサルタント,東京都 千代田区,公開していません,公開していません,マイナビAGENT
株式会社スタッフサービス,ITサポート,東京都 中央区 三越前駅 徒歩1分,"月給23万5,000円～",5日前,株式会社スタッフサービス エンジニアリング事業本部
CO-NECT株式会社,カスタマーサクセス,東京都 千代田区 小川町駅 徒歩3分,年収400万円～800万円,1日前,Green
株式会社ケップル,投資家向けSaaSのカスタマーサクセス,東京都 渋谷区 渋谷駅,年収500万円～700万円,2日前,マイナビ転職エージェントサーチ
株式会社ハウテレビジョン,カスタマーサクセス／ハイクラス人材向け転職プラットフォーム リモートワーク可,東京都 港区 六本木一丁目駅,年収650万円～880万円,13日前,doda
株式会社リーディングマーク,SaaSカスタマーサクセス,東京都 港区 芝公園駅 徒歩7分,年収450万円～700万円,公開していません,U29JOB
株式会社ベーシック,フォーム作成管理ツール「formrun」におけるカスタマーサクセス,東京都 千代田区 半蔵門駅,年収444万円～714万円,公開していません,doda
メディアリンク株式会社,リモートワーク×カスタマーサクセス コールセンターの「応対品質改善」をお任せ,東京都 港区,年収350万円～600万円,8日前,LIBZ
ストックマーク株式会社,カスタマーサクセス,東京都 港区,年収500万円～800万円,3日前,doda
株式会社ユーティル,カスタマーサクセス,東京都 新宿区 早稲田駅 徒歩4分,月給25万円～,9日前,U29JOB
株式会社ゲームエイト,カスタマーサクセス,東京都 渋谷区 渋谷駅,年収400万円～600万円,8時間前,doda
株式会社RevComm,カスタマーサクセス,東京都 渋谷区,年収600万円～900万円,13日前,doda
株式会社スマレジ,カスタマーサクセス,東京都 渋谷区 恵比寿駅 徒歩7分,年収350万円～500万円,1日前,CREATIVE JOB
株式会社シンカ,カスタマーサクセス,東京都 千代田区 竹橋駅 徒歩6分,年収360万円～550万円,1日前,Green
ファインディ株式会社,Findy Freelance カスタマーサクセスリーダー,東京都 品川区 五反田駅 徒歩12分,年収500万円～900万円,3時間前,Green
株式会社イー・ビジョン,カスタマーサクセス・サポートマネージャー,東京都 新宿区 新宿駅 徒歩8分,年収500万円～800万円,4日前,株式会社イー・ビジョン
株式会社DONUTS,医療機関向けサービスのカスタマーサクセス,東京都,公開していません,9日前,株式会社DONUTS
株式会社メタップス,カスタマーサクセス～東証マザーズ上場／SaaSの新サービス／年休120日／残業30時間程度～,東京都 渋谷区 渋谷駅,年収450万円～700万円,12日前,doda
株式会社Stock,SaaSカスタマーサクセス募集／若手活躍中・第二新卒歓迎,東京都 千代田区 岩本町駅,年収400万円～600万円,公開していません,Geekly
インヴェンティット株式会社,カスタマーサクセス 教育現場を支えるSaaS 組織変革フェーズ／毎年120%成長,東京都 新宿区 四ツ谷駅,年収450万円～650万円,17日前,doda
株式会社タイミー,フィールドセールス／自社サービス「タイミー」のセールスとカスタマーサクセス,東京都 豊島区,年収500万円～700万円,14日前,doda
株式会社マーケライズ,自社開発SaaS・MAツールのカスタマーサクセス 製造業BtoBに特化／リーダー候補／残業10h以内,東京都 新宿区,年収400万円～600万円,12日前,doda
モノグサ株式会社,カスタマーサクセスMGR,東京都 千代田区 飯田橋駅,"年収550万円～1,150万円",16日前,doda
株式会社サイカ,お客様満足度の最大化を目指すカスタマーサクセスで新チーム立ち上げに挑戦しませんか,東京都,年収550万円～800万円,公開していません,Spring転職エージェント
株式会社スポーツフィールド,スポーツ業界特化型求人サイト カスタマーサクセスインターン,東京都 新宿区,"時給1,050円～",1日前,スポジョバ
株式会社データX,導入コンサルタント データ／IT／マーケティングなど今後社会で必要となる知識を未経験から獲得できるポ...,東京都,年収420万円～720万円,公開していません,Spring転職エージェント
株式会社アサーティブ,「顧客志向を当たり前に」店舗向けSaaSのカスタマーサクセスを募集／約3億円資金調達済み,東京都 渋谷区,公開していません,公開していません,株式会社アサーティブ
エムスリー株式会社,カスタマーサクセス～製薬企業のMR活動をDX化するSaaSプロダクト～,東京都 千代田区 溜池山王駅,"年収500万円～1,000万円",3日前,doda
株式会社POL,カスタマーサクセス ～国内最大級の理系学生データベース～,東京都 千代田区,年収400万円～600万円,18日前,doda
株式会社Hacobu,顧客に寄り添った物流業界向けカスタマーサクセス,東京都 港区,"年収400万円～1,000万円",15日前,doda
ヘイ株式会社,カスタマーサクセス,東京都 渋谷区 恵比寿駅,年収400万円～600万円,17日前,doda
アイティメディア株式会社,カスタマーサクセス,東京都 千代田区,年収450万円～615万円,7日前,ワークポート
株式会社マーベリック,導入サポート兼カスタマーサクセス／ワークライフバランス,東京都 中央区 馬喰横山駅 徒歩5分,年収320万円～420万円,19日前,doda
フリー株式会社,カスタマーサクセスコンサルタント,東京都,"年収500万円～1,000万円",公開していません,Spring転職エージェント
株式会社ジェナ,カスタマーサクセス,東京都 千代田区 小川町駅 徒歩3分,公開していません,2日前,CREATIVE JOB
株式会社Hajimari,intee事業部／カスタマーサクセス,東京都 渋谷区,公開していません,6日前,マイナビAGENT
株式会社Techouse,カスタマーサクセスマネージャー,東京都 港区,年収500万円～700万円,13日前,doda
株式会社メドレー,新規事業 マネージャー候補／カスタマーサクセス,東京都 港区,年収450万円～800万円,18時間前,パソナキャリア
ファーストアカウンティング株式会社,カスタマーサクセスエンジニア メンバー,東京都 港区 浜松町駅 徒歩5分,年収400万円～600万円,1日前,Green
スタディプラス株式会社,カスタマーサクセス・リーダー候補,東京都 千代田区 御茶ノ水駅 徒歩4分,年収452万円～600万円,4日前,U29JOB
寺田倉庫株式会社,カスタマーサクセス担当／右肩上がりの成長市場! クラウド収納サービス,東京都 品川区,年収400万円～550万円,3日前,STASEON
株式会社ジーニー,"自社SFAの導入コンサルタント, カスタマーサクセスチームMGR候補 檜垣作成",東京都 新宿区 西新宿駅 徒歩2分,"年収700万円～1,100万円",5時間前,Green
Sansan株式会社,カスタマーサクセスマネージャー,東京都 港区 表参道駅 徒歩4分,年収490万円～644万円,1日前,CREATIVE JOB
オープンアソシエイツ株式会社,カスタマーサクセス,東京都 港区 虎ノ門ヒルズ駅,年収420万円～700万円,公開していません,U29JOB
株式会社Mobility Technologies,DRIVE CHART ビジネス開発 カスタマーサクセス,東京都 港区,"年収550万円～1,000万円",公開していません,株式会社Mobility Technologies
株式会社ハンモック,技術サポート／自社製品「AssetView」法人向けIT資産管理ツール製品,東京都 新宿区,年収450万円～550万円,17日前,doda
e‐dash株式会社,カスタマーサクセス,東京都 千代田区,年収500万円～700万円,7日前,doda
イタンジ株式会社,カスタマーサクセス,東京都 港区,年収500万円～800万円,公開していません,U29JOB
株式会社リブセンス,カスタマーサクセス,東京都 港区 浜松町駅 徒歩4分,年収500万円～800万円,17日前,U29JOB
キャディ株式会社,東京／カスタマーサクセス リーダー～Mgr,東京都 台東区,"年収500万円～1,000万円",9日前,パソナキャリア
株式会社ブロードリーフ,インサイドセールス／カスタマーサクセス,東京都 品川区,年収350万円～450万円,11日前,パソナキャリア
アデコ株式会社,一般事務・OA事務／IT・通信関連,東京都 港区 赤坂見附駅 徒歩4分,"時給1,800円～",2時間前,はたらこねっと
株式会社スプラシア,カスタマーサクセス,東京都 中央区 東銀座駅 徒歩3分,月給28万円～,4時間前,U29JOB
ウェルネス・コミュニケーションズ株式会社,カスタマーサクセス 健康管理クラウドサービスを利用する企業様に導入や活用のサポートをお任せ!,東京都 港区,年収400万円～550万円,13日前,LIBZ
アイレット株式会社,カスタマーサクセスマネージャー,東京都 港区 虎ノ門ヒルズ駅 徒歩2分,年収600万円～900万円,公開していません,U29JOB
株式会社ヤプリ,カスタマーサクセス,東京都 港区 六本木一丁目駅 徒歩3分,年収400万円～800万円,公開していません,U29JOB
株式会社リクルートマネジメントソリューションズ,カスタマーサクセス,東京都 品川区 大崎駅 徒歩1分,年収640万円～772万円,4日前,U29JOB
弁護士ドットコム株式会社,カスタマーサクセス／ポテンシャル枠～高い認知度・急成長中のSaaS事業「クラウドサイン」～,東京都 港区 六本木一丁目駅,"年収508万円～1,000万円",13日前,doda
GMO ReTech株式会社,カスタマーサクセス,東京都 渋谷区 渋谷駅 徒歩5分,月給20万円～,1日前,U29JOB
BRANU株式会社,カスタマーサクセスマネージャー,東京都,月給42万円～,3日前,en ミドルの転職
Hubbit株式会社,副業歓迎!スキマ時間にシニア向けSaaSのカスタマーサクセスを募集,東京都 品川区 大崎駅 徒歩5分,"時給1,100円",公開していません,かんたん応募
株式会社CastingONE,カスタマーサクセス 第二創業期・シリーズA突入のHR系SaaSベンチャー企業,東京都 渋谷区,年収360万円～600万円,17日前,doda
株式会社オープンロジ,カスタマーサクセス,東京都 豊島区 池袋駅 徒歩7分,年収～500万円,18日前,Green
インフォコム株式会社,介護向けSaaSの開発・カスタマーサクセス,東京都 渋谷区 原宿駅,年収640万円～800万円,19日前,doda
株式会社カケハシ,カスタマーサクセス担当／新規事業「Musubi AI在庫管理」,東京都 中央区 東銀座駅,年収600万円～750万円,12日前,doda
株式会社HRBrain,カスタマーサクセス,東京都 渋谷区,公開していません,22日前,マイナビAGENT
スプリームシステム株式会社,カスタマーサクセス／自社ソフトウェア製品「Aimstar」「Moptar」,東京都 豊島区 池袋駅,年収500万円～800万円,12時間前,doda
株式会社ブレインパッド,カスタマーサクセスマネジャー,東京都 港区,年収550万円～900万円,公開していません,株式会社ブレインパッド
SGフィルダー株式会社,カスタマーサクセス,東京都 新宿区,年収250万円～350万円,5日前,SGフィルダー株式会社
株式会社HEROinnovation,カスタマーサクセス／月給30万円／残業月20h／未経験歓迎,東京都 新宿区 神楽坂駅 徒歩1分,月給30万円～,公開していません,doda
RPAテクノロジーズ株式会社,カスタマーサクセス,東京都 港区 虎ノ門ヒルズ駅 徒歩5分,月給35万円～,21日前,U29JOB
株式会社ダイレクトクラウド,カスタマーサクセス,東京都 港区 大門駅 徒歩5分,年収400万円～700万円,14日前,type
株式会社トライエッティング,フルリモートOK:カスタマーサクセス,東京都,年収500万円～700万円,公開していません,パソナキャリア
株式会社ドリーム・アーツ,カスタマーサクセス／エンタープライズ向けSaaS企業,東京都 渋谷区 恵比寿駅,年収450万円～990万円,16日前,doda
jinjer株式会社,業務用クラウドサービス「jinjer」のカスタマーサクセス,東京都 新宿区,公開していません,6時間前,エージェントパーク
Terra Drone株式会社,カスタマーサクセス,東京都 渋谷区 渋谷駅,年収350万円～600万円,14日前,doda
株式会社COMPASS,AI搭載の教育教材アプリ カスタマーサクセス～児童学習の効率化を実現～フルフレックス,東京都 文京区,年収500万円～700万円,20日前,doda
スマカン株式会社,当社初 SaaS×HRプロダクトのカスタマーサクセスの立ち上げメンバーを募集,東京都 大田区 大森駅 徒歩4分,年収400万円～800万円,11日前,Green
株式会社サイダス,カスタマーサクセス,東京都 港区 芝公園駅 徒歩1分,年収400万円～800万円,7日前,Green
株式会社LATRICO,未経験者歓迎! カスタマーサクセス,東京都 台東区 田原町駅 徒歩4分,年収450万円～600万円,3時間前,Green
株式会社リクルート,カスタマーサクセス・DX推進 社内ICT／ユーザーの声をもとに戦略立案／フルフレックス／年休145日,東京都 千代田区,"年収495万円～1,259万円",7時間前,doda
パーソルイノベーション株式会社,カスタマーサクセス／マネージャー候補,東京都 港区 青山一丁目駅,年収500万円～550万円,公開していません,Geekly
株式会社ユビレジ,カスタマーサクセス,東京都 渋谷区 北参道駅 徒歩4分,年収350万円～600万円,6日前,U29JOB
株式会社coco,店舗向けSaaSのカスタマーサクセスを募集／約3億円資金調達済み,東京都 渋谷区,"年収500万円～1,000万円",公開していません,リクルートエージェント
株式会社スカイディスク,カスタマーサクセス／成長企業中のベンチャー企業,東京都 千代田区,年収400万円～650万円,18日前,doda
株式会社PKSHA Workplace,カスタマーサクセス／営業出身者可 AI×SaaS／事業の拡大フェーズ,東京都 文京区,年収600万円～,2日前,リクルートエージェント
株式会社YOUPACE,カスタマーサクセス マネージャー候補,東京都 渋谷区 渋谷駅 徒歩8分,公開していません,3時間前,Green
WealthPark株式会社,カスタマーサクセスマネージャー データ連携担当,東京都 渋谷区 恵比寿駅 徒歩3分,年収600万円～850万円,1日前,Green
株式会社Fleekdrive,カスタマーサクセス,東京都 港区 田町駅,年収450万円～,3時間前,Green
バーチャレクス・コンサルティング株式会社,ITソリューション営業,東京都 港区,年収560万円～900万円,15日前,doda
株式会社TYL,予約システムのカスタマーサクセス,東京都 港区 芝公園駅 徒歩5分,年収500万円～700万円,7日前,doda
株式会社GRCS,カスタマーサクセス・既存顧客のニーズの深堀担当,東京都 千代田区 市ケ谷駅 徒歩1分,月給30万円～40万円,公開していません,しゅふJOB
シェアジャパン株式会社,リモートワーク可!カスタマーサクセス,東京都 新宿区,"年収357万8,400円～600万円",13時間前,かんたん応募
株式会社コンシェルジュ,カスタマーサクセス マーケティング経験者,東京都 千代田区 水道橋駅 徒歩1分,年収400万円～700万円,18日前,Green
株式会社ヘンリー,カスタマーサクセス チームの立ち上げから事業拡大までお任せします,東京都 品川区,"年収700万円～1,000万円",公開していません,リクルートエージェント
株式会社ユニラボ,カスタマーサクセス,東京都 品川区 五反田駅,年収400万円～550万円,7日前,doda
株式会社グローバルヘルスコンサルティング・ジャパン,カスタマーサクセス,東京都 新宿区 東新宿駅 徒歩1分,年収300万円～500万円,公開していません,U29JOB
株式会社センキョ,プラットフォームサービスのカスタマーサクセス／自社サービス,東京都 港区,年収400万円～600万円,15日前,doda
株式会社リザーブリンク,セールスからキャリアチェンジ歓迎!SaaSのカスタマーサクセス募集,東京都 港区 青山一丁目駅,年収400万円～,2日前,Green
株式会社メンタルヘルステクノロジーズ,カスタマーサクセス マネージャー候補 2011年創業のヘルスケアテックベンチャー,東京都,年収360万円～700万円,公開していません,キャリフレ
株式会社BLITZ Marketing,カスタマーサクセス,東京都 渋谷区 渋谷駅 徒歩8分,"月給37万5,000円～",12日前,U29JOB
株式会社SUPER STUDIO,カスタマーサクセス／ECプラットフォーム「ecforce」,東京都 品川区 目黒駅,年収450万円～800万円,12日前,doda
リコーITソリューションズ株式会社,カスタマーサクセスマネージャー／社内DX リコーグループ／在宅勤務可,東京都 港区,年収400万円～700万円,公開していません,リクルートエージェント
株式会社コンベックス,カスタマーサクセス,東京都 渋谷区,年収400万円～600万円,14日前,doda
株式会社ギフティ,カスタマーサクセス,東京都 品川区,年収450万円～700万円,公開していません,【公式】ワーママ転職ならママリブラ
東京都中央区のITベンチャー企業／crew,カスタマーサクセス／01so,東京都 新宿区,年収420万円～700万円,1日前,ふれつり転職相談
株式会社サイシード,業界未経験歓迎・カスタマーサクセス職 既存顧客の課題解決,東京都 新宿区 新宿駅,年収550万円,17日前,doda
株式会社MCデータプラス,カスタマーサクセス,東京都 渋谷区 恵比寿駅,年収600万円～800万円,20日前,doda
テラドローン株式会社,カスタマーサクセス,東京都 渋谷区 渋谷駅 徒歩6分,年収350万円～600万円,1日前,Green
AMBL株式会社,カスタマーサクセス責任者・新規自社事業立ち上げ,東京都 品川区 大崎駅 徒歩5分,月給35万円～,9日前,U29JOB
MIL株式会社,カスタマーサクセス インタラクティブ動画のWeb解析コンサルタント,東京都 新宿区 新宿御苑前駅,年収450万円～696万円,18日前,doda
株式会社ニーリー,SaaSカスタマーサクセス,東京都 中央区 馬喰横山駅 徒歩2分,年収350万円～500万円,21時間前,U29JOB
HiTTO株式会社,カスタマーサクセス,東京都 千代田区,年収800万円～950万円,11日前,パソナキャリア
株式会社マツリカ,カスタマーサクセス,東京都 千代田区 小川町駅 徒歩3分,年収400万円～800万円,5時間前,Green
株式会社visumo,カスタマーサクセス,東京都 渋谷区,公開していません,公開していません,マイナビAGENT
株式会社ショーケース,カスタマーサクセス,東京都 港区 六本木一丁目駅,年収500万円～700万円,12日前,doda
株式会社じげん,シフト制カスタマーサクセス,東京都 港区 神谷町駅 徒歩3分,年収280万円～400万円,14日前,U29JOB
株式会社コンカー,カスタマーサクセスマネージャー／「働きがいのある会社」選出企業,東京都 中央区 銀座駅,"年収600万円～1,200万円",18日前,doda
ものレボ株式会社,カスタマーサクセス@関東,東京都 千代田区 東京駅 徒歩5分,年収390万円～600万円,3時間前,Green
note株式会社,カスタマーサクセス,東京都 港区,年収500万円～900万円,9日前,パソナキャリア
株式会社KADOKAWA Connected,カスタマーサクセス,東京都 千代田区,年収640万円～800万円,15日前,Green
パナソニック株式会社,カスタマーサクセス,東京都 港区,年収600万円～900万円,7日前,doda
株式会社ギブリー,マーケティングTechベンチャーのカスタマーサクセス～／年休120日,東京都 渋谷区 神泉駅,年収400万円～800万円,16日前,doda
株式会社プレックス,カスタマーサクセス,東京都 中央区 日本橋駅,年収400万円～700万円,17日前,doda
株式会社ビービット,既存顧客へのカスタマーサクセスコンサルタント～業務プロセス支援サービス「USERGRAM」～,東京都 千代田区 大手町駅,年収600万円～800万円,15日前,doda
カイテク株式会社／CaiTech inc.,Technology×医療／介護医療現場の笑顔を1つでも増やす／カスタマーサクセスを募集,東京都,年収400万円～600万円,6日前,en ミドルの転職
株式会社overflow,カスタマーサクセス責任者／CCO候補 SaaS×HR Tech／フルリモート・副業OK,東京都 新宿区,"年収800万円～1,200万円",公開していません,リクルートエージェント
ClipLine株式会社,カスタマーサクセス／動画型マネジメントSaaS サービス業へのDX推進,東京都 品川区 五反田駅,年収500万円～700万円,7日前,doda
ネットワンシステムズ株式会社,運用コンサルタント／業務改善コンサルタント～ICT利活用を促進するカスタマーサクセスチーム～,東京都 品川区 天王洲アイル駅,年収469万円～750万円,17日前,doda
スマートキャンプ株式会社,SaaS企業のカスタマーサクセス／バックオフィス／jinjer株式会社,東京都 新宿区 新宿駅,年収400万円～600万円,7日前,スマートキャンプ株式会社
株式会社バトンズ,M&A専門会社へのカスタマーサクセス,東京都 中央区 日本橋駅,年収350万円～650万円,16日前,doda
株式会社LINK,介護系ITスタートアップ／成長環境／事業拡大フェーズ,東京都 港区,年収310万円～446万円,公開していません,リクルートエージェント
パーソルテクノロジースタッフ株式会社,クラウド関連のIT営業で提案・顧客対応等,東京都 中央区 茅場町駅 徒歩5分,"時給2,500円～",公開していません,パーソル テクノロジースタッフ
ポスタス株式会社,カスタマーサクセスオンボーディング担当～フルフレックス／リモートワーク可～,東京都 中央区,年収400万円～700万円,10日前,doda
QLCシステム株式会社,カスタマーサクセス／年間休日120日／完全週休2日,東京都 品川区 五反田駅 徒歩1分,月給29万円～,16日前,doda
ログミー株式会社,カスタマーサクセス#新規サービス#イベント書き起こしメディア「ログミー」を運営する成長企業,東京都 港区 表参道駅,年収500万円～600万円,11日前,doda
株式会社カオナビ,カスタマーサクセス ～カオナビ導入プロジェクトの推進～,東京都 港区 虎ノ門駅,"年収500万円～1,000万円",5日前,doda
株式会社ホライズン,大学向けのカスタマサクセス・統括,東京都 千代田区 飯田橋駅 徒歩5分,月給30万円～50万円,6日前,かんたん応募
株式会社ルクレ,カスタマーサクセスGr. 営業職からのキャリアチェンジ歓迎! プロダクトマネージャー候補,東京都 港区 青山一丁目駅 徒歩1分,年収450万円～800万円,公開していません,Green
パナソニックグループ,工務店向けクラウドsumgooカスタマーサクセス,東京都 港区,公開していません,9日前,マイナビAGENT
メドメイン株式会社,カスタマーサクセス,東京都 港区,年収600万円～900万円,2日前,パソナキャリア
株式会社EN,大手経費精算ツールシステムのカスタマーサクセスのお仕事,東京都 新宿区 新宿駅,年収450万円～600万円,7日前,株式会社EN
テモナ株式会社,カスタマーサクセス職マネージャー／東証プライム上場／SaaS,東京都 渋谷区,"年収600万円～1,000万円",6日前,リクルートエージェント
株式会社エス・エム・エス,カスタマーサクセス 経営支援SaaS／東証1部／業界最大級シェア,東京都,年収400万円～650万円,公開していません,Spring転職エージェント
株式会社まぐまぐ,カスタマーサクセス クリエイター 対応／東証上場,東京都 品川区 不動前駅,年収300万円～500万円,18日前,doda
株式会社ウェルモ,カスタマーサクセス 福祉分野におけるSaas・人材紹介事業を展開,東京都 港区,年収400万円～800万円,5日前,リクルートエージェント
株式会社サーキュレーション,カスタマーサクセス,東京都 渋谷区 原宿駅 徒歩8分,年収450万円～700万円,公開していません,U29JOB
アガサ株式会社,時代が追い風となるSaaS企業でカスタマーサクセス部マネージャー候補募集,東京都,"年収800万円～1,000万円",3日前,en ミドルの転職
エン・ジャパン株式会社,カスタマーサクセス,東京都 新宿区 西新宿駅,"月給27万5,000円～36万8,000円",3日前,エン転職
パーソルキャリア株式会社,経営・ITのコンサルティング営業職～’’雇用によらない働き方’’領域の創造～,東京都 港区 乃木坂駅 徒歩6分,年収450万円～701万円,6日前,CREATIVE JOB
株式会社ランチェスター,カスタマーサクセス 在宅勤務,東京都 港区 外苑前駅,年収500万円～800万円,19日前,doda
アサヒプリテック株式会社,カスタマーサクセス／産業廃棄物業界のDX化を推進する革新的SaaS企業,東京都 中央区 茅場町駅,年収600万円～800万円,10日前,doda
株式会社インフォマート,カスタマーサクセス・電子請求書,東京都 港区 浜松町駅 徒歩2分,年収550万円～650万円,6日前,U29JOB
17LIVE株式会社,リーダー候補 カスタマーサクセス,東京都 港区,公開していません,18日前,マイナビAGENT
株式会社Moffly,カスタマーサクセス～Google出身社長のもとで事業を育てる／ヒト・コミュニケーションズG,東京都 渋谷区,年収600万円～800万円,12日前,doda
株式会社ペイジェント,カスタマーサクセス,東京都 渋谷区,年収400万円～700万円,17日前,doda
スパイダープラス株式会社,カスタマーサクセスリーダー候補,東京都 港区,年収400万円～500万円,28日前,ワークポート
booost technologies株式会社,東京 カスタマーサクセス,東京都 千代田区 溜池山王駅,年収350万円～900万円,公開していません,Geekly
株式会社クリーク・アンド・リバー社,IT関連企業でのWebデザイナーアシスタント,東京都 港区,"時給1,600円～1,800円",46分前,CREATIVE JOB
株式会社ベター・プレイス,カスタマーサクセス／労務知識必須,東京都 新宿区 曙橋駅,年収348万円～700万円,公開していません,Geekly
マルゴト株式会社,フルリモート人事／採用カスタマーサクセス／リーダー候補,東京都 中央区 日本橋駅,月給25万円～40万円,19時間前,doda
株式会社ファーストロジック,東京 カスタマーサクセス 不動産会社へのサポート／楽待,東京都 中央区,年収432万円～800万円,公開していません,リクルートエージェント
株式会社Blueship,未経験歓迎 DX化 ITサービスマネジメント 職種相談,東京都 渋谷区 渋谷駅 徒歩7分,年収350万円～600万円,4日前,Green
WED株式会社,カスタマーサクセスポジション,東京都 渋谷区 北参道駅 徒歩3分,年収450万円～700万円,3時間前,Green
株式会社TRUSTDOCK,カスタマーサクセス／自社製品導入後のフォローアップ,東京都 千代田区,年収400万円～700万円,10日前,doda
サークレイス株式会社,カスタマーサクセスコンサルタント Excel等OAスキル活かせる 在宅案件有,東京都 千代田区 東京駅 徒歩2分,"月給27万5,000円～34万5,000円",6日前,女の転職type
ライフイズテック株式会社,カスタマーサクセス,東京都 港区 白金高輪駅 徒歩5分,年収400万円～800万円,3時間前,Green
株式会社コムニコ,プロダクトカスタマーサクセス,東京都 港区 汐留駅 徒歩1分,年収400万円～600万円,公開していません,U29JOB
w2ソリューション株式会社,カスタマーサクセス リーダー／SaaS CSリーダー,東京都 中央区 東銀座駅,年収600万円～900万円,公開していません,Geekly
株式会社ローカルワークス,カスタマーサクセスマネージャー,東京都 品川区 目黒駅 徒歩1分,年収500万円～850万円,3時間前,Green
playground株式会社,カスタマーサクセス シニア,東京都 千代田区 半蔵門駅 徒歩5分,"年収600万円～1,300万円",1日前,Green
株式会社ユーザベース SPEEDA事業,カスタマーサクセス 既存顧客の他部署への導入商談創出や活用促進フォロー等,東京都 千代田区,年収510万円～880万円,14日前,LIBZ
株式会社ジャパン・メディカル・カンパニー,カスタマーサクセス,東京都 中央区 東日本橋駅 徒歩4分,年収300万円～600万円,29日前,Green
株式会社HR Force,カスタマーサクセス／年休124日／残業少／プライベート充実,東京都 港区 浜松町駅 徒歩2分,月給26万700円～50万円,18時間前,doda
BizteX株式会社,リモート可&フレックス／カスタマーサクセス 自社開発「Automation,東京都 新宿区,年収480万円～700万円,14日前,LIBZ
プロパティデータバンク株式会社,カスタマーサクセス 年間休日127日 清水建設グループ,東京都 港区 浜松町駅 徒歩1分,"月給31万2,500円～",公開していません,女の転職type
VISITS Technologies株式会社,カスタマーサクセスリーダー,東京都 千代田区 二重橋前駅 徒歩1分,年収550万円～850万円,6日前,Green
Cocolive株式会社,不動産techのカスタマーサクセス／フルリモート／残業20H程／IPOに向けた増員採用,東京都 千代田区,年収360万円～600万円,7日前,doda
株式会社スマートショッピング,IoT製品のカスタマーサクセス,東京都 品川区 五反田駅,年収320万円～450万円,6時間前,doda
ビズメイツ株式会社,WEBマーケター 教育×ITでグローバル人材・企業の成長支援 フレックス勤務OK,東京都 千代田区 神田駅 徒歩2分,年収396万円～,12時間前,エン転職
株式会社船井総研コーポレートリレーションズ,カスタマーサクセス／未経験OK／基本リモートワーク／年休120日～,東京都 港区 芝公園駅 徒歩1分,年収350万円～400万円,27日前,女の転職type
株式会社イソリア,英語×IT ITサポートデスク 英語力を活かせる／一部シェアオフィス在宅勤務可,東京都 港区,年収450万円～600万円,公開していません,リクルートエージェント
日本アイ・ビー・エム株式会社,カスタマーサクセスマネージャー,東京都 中央区 水天宮前駅,"年収580万円～2,700万円",14日前,doda
SALES ROBOTICS株式会社,カスタマーサクセス／営業支援 日本を代表する老舗大手・外資有名企業の営業組織の売り上げ構築サポート,東京都 中央区,年収400万円～550万円,14日前,LIBZ
株式会社スカラ,カスタマーサクセス,東京都 渋谷区 渋谷駅 徒歩3分,年収375万円～500万円,公開していません,U29JOB
株式会社パソナ,IT業界 部署アシスタント／営業アシスタント,東京都 新宿区 西新宿駅 徒歩3分,"時給1,880円",6日前,パソナJOBサーチ
株式会社トラント,IT事務,東京都 渋谷区 恵比寿駅 徒歩3分,年収300万円～500万円,2時間前,Green
株式会社リンク,システム企画／自社ITサービス,東京都 港区 外苑前駅,年収450万円～700万円,公開していません,Geekly
テクバン株式会社,カスタマーサクセス,東京都 港区 芝浦ふ頭駅 徒歩1分,年収400万円～700万円,公開していません,U29JOB
株式会社陣屋コネクト,カスタマーサクセスマネージャー,東京都 新宿区 都庁前駅 徒歩1分,年収300万円～,3時間前,Green
株式会社Arinos,ITコンサルタント／営業 コンサルタントになりたい方大歓迎,東京都 港区,公開していません,27日前,マイナビAGENT
株式会社デリバリーコンサルティング,ITソリューションセールス,東京都 港区 白金高輪駅 徒歩2分,年収400万円～600万円,3時間前,Green
CREW株式会社,カスタマーサクセス,東京都 豊島区 池袋駅 徒歩5分,公開していません,4日前,ふれツリ求人なび
株式会社ブレイン・ラボ,人材派遣業界出身歓迎 残業月15時間 リモートOK!IT業界にスキルアップ,東京都 港区 田町駅,年収370万円～500万円,17日前,doda
シェルフィー株式会社,未経験OK!キャリアチェンジ歓迎! 今大注目のカスタマーサクセスポジションにチャレンジしませんか?,東京都 目黒区,年収350万円～630万円,14日前,LIBZ
株式会社identity,フリーランス／カスタマーサクセス／データ分析基盤／データ分析基盤の導入支援、および運用サポート,東京都 品川区 目黒駅,月給65万円～75万円,6日前,modis
株式会社エス・ワイ・エス,カスタマーサクセス,東京都 港区 表参道駅 徒歩5分,年収350万円～600万円,18日前,Green
ユームテクノロジージャパン株式会社,カスタマーサクセス～SaaS型教育学習プラットフォーム／100万社以上の導入実績,東京都 渋谷区,年収500万円～700万円,16日前,doda
株式会社Prazto,Salesforceカスタマーサクセスマネージャー CSM,東京都 渋谷区,年収700万円～800万円,2日前,Green
株式会社メタップスペイメント,未経験可／カスタマーサクセス Saasサービス,東京都 港区 品川駅 徒歩5分,年収350万円～600万円,3時間前,Green
リノベる株式会社,IT戦略 担当 TechでDX推進／テレワークOK!／年俸600万円以上／年間休日125日,東京都 港区 表参道駅 徒歩4分,年収600万円～980万円,10日前,エン転職
K2 Partnering Solutions株...,在宅 今時の働き方が叶う!カスタマーサクセス,東京都 港区 六本木一丁目駅 徒歩2分,"時給2,000円～",4日前,エン派遣
株式会社アルファドライブ,カスタマーサクセス,東京都 千代田区 東京駅 徒歩1分,公開していません,2日前,CREATIVE JOB
株式会社エヌ・ティ・ティ・データ,Salesforceを中核としてDXを推進するITコンサルタント／プロジェクトマネージャー,東京都,"年収450万円～1,000万円",15日前,Spring転職エージェント
株式会社ジョリーグッド,カスタマーサクセス,東京都 中央区 馬喰横山駅 徒歩4分,年収360万円～600万円,2日前,Green
株式会社ナレッジラボ,カスタマーサクセス,東京都 港区 田町駅,年収600万円～900万円,15日前,doda
株式会社オブジェクティブコンセプト,IT事務・WEBマーケ 「カッコ良さそうだから」で応募OK,東京都 港区 赤坂見附駅 徒歩2分,月給25万円～,6日前,リクナビNEXT
株式会社サル,リモートワークあり!新規事業の立上げメンバー お客様の悩みや要望に応えるカスタマーサクセス業務,東京都 品川区,年収350万円～600万円,13日前,LIBZ
株式会社FRONTEO,カスタマーサクセス企画常駐チーム,東京都 港区 品川駅 徒歩12分,"年収1,000万円～1,200万円",公開していません,キャリコネ転職
株式会社すららネット,カスタマーサクセス,東京都 千代田区,年収450万円～600万円,6日前,パソナキャリア
フリービット株式会社,コールセンター管理者／カスタマーサクセス,東京都 渋谷区,年収400万円～569万円,11日前,パソナキャリア
あらゆるデータを、「ビジネスの力に変える」データ...,カスタマーサクセス,東京都,公開していません,21日前,type 転職エージェント
NECソリューションイノベータ株式会社,セールスエンジニア リーダー候補／Salesforceを用いたマーケティング、カスタマーサクセス支援,東京都 江東区 新木場駅,年収600万円～900万円,11日前,レバテックキャリア
株式会社アルダグラム,カスタマーサクセス・SaaS,東京都 中央区 三越前駅 徒歩4分,年収500万円～800万円,18日前,Green
株式会社ブイキューブ,カスタマーサクセス,東京都 港区 白金高輪駅,年収360万円～450万円,19日前,doda
株式会社クリエイティブバンク,大手半導体メーカー等IT企業と直取引 売上2億円／人,東京都 千代田区,年収550万円～900万円,公開していません,リクルートエージェント
株式会社ガラパゴス,WEBマーケティングプランナー／カスタマーサクセス リーダー候補,東京都 千代田区 神保町駅 徒歩1分,年収500万円～700万円,3時間前,Green
株式会社ヒューマネージ,カスタマーサクセス職／トップランナーのHR Tech企業で人材の“適材適所”と“活躍”を支援／未経験,東京都 千代田区 永田町駅,年収370万円～500万円,3日前,doda
株式会社ストリートスマート,Googleクラウドツールのカスタマーサクセス,東京都 港区,年収402万円～700万円,12日前,doda
TTU株式会社,越境ECカスタマーサクセス・営業サポート,東京都 千代田区 有楽町駅 徒歩1分,"時給1,200円～1,500円",公開していません,はたらくぞドットコム
株式会社スマートドライブ,カスタマーサクセス 移動の進化を後押し／未来のスマートシティを創る,東京都 千代田区,年収500万円～850万円,公開していません,リクルートエージェント
株式会社クーリエ,カスタマーサクセス,東京都 渋谷区 恵比寿駅 徒歩5分,"年収700万円～1,200万円",26日前,U29JOB
株式会社ベリサーブ,カスタマーサクセスエンジニア／品質保証領域／研究企画開発,東京都 千代田区 水道橋駅,年収467万円～869万円,公開していません,Geekly
株式会社ココラブル,カスタマーサクセス,東京都 渋谷区 渋谷駅,年収450万円～500万円,11日前,doda
ユニアデックス株式会社,ITサービスマネージャー 残業月15h／福利厚生充実,東京都 江東区 豊洲駅,年収420万円～850万円,18日前,doda
HJホールディングス株式会社,カスタマーサクセス@満足度向上のためのユーザーコミュニケーション,東京都 港区,年収400万円～600万円,16日前,リクルートエージェント
株式会社セグメント,カスタマーサクセス／ユーザーハイタッチ支援,東京都 港区 虎ノ門ヒルズ駅,"年収700万円～1,000万円",公開していません,Geekly
株式会社FAN・DREAM,カスタマーサクセス責任者候補ub n,東京都 中央区,月給58万円～75万円,公開していません,株式会社FAN・DREAM
千株式会社,保育×IT,東京都 立川市,年収350万円～450万円,公開していません,リクルートエージェント
LAETOLI株式会社,IT テストエンジニア,東京都 港区 外苑前駅 徒歩1分,年収330万円～600万円,6日前,Green
株式会社トラストバンク,カスタマーサクセス,東京都 渋谷区 渋谷駅,公開していません,公開していません,株式会社トラストバンク
株式会社ARROWS,カスタマーサクセス／マネージャー,東京都 中央区,年収600万円～900万円,公開していません,Education Career
株式会社Azoop,一人目の専任・カスタマーサクセス職 自社Saas事業の中核人材として一緒に事業,東京都 港区,年収540万円～720万円,13日前,LIBZ
株式会社パシフィックメディカル,カスタマーサクセス 継続率99%の電子カルテ「MALL」・メドレーグループ,東京都 港区,年収300万円～500万円,公開していません,リクルートエージェント
株式会社データⅩ,若手カスタマーサクセス,東京都 新宿区 西新宿駅 徒歩5分,年収420万円～720万円,2日前,Green
株式会社ABEJA,セールス&カスタマーサクセス,東京都 港区,年収600万円～900万円,7日前,doda
株式会社SALTO,平均29歳の賑やかなIT会社 法人営業・キャリアアドバイザー,東京都 新宿区 新宿御苑前駅 徒歩4分,月給25万円～35万円,9日前,リクナビNEXT
株式会社エムエム総研,キャリアアドバイザー 応募数増加中のIT／SaaS系企業に特化,東京都 新宿区 東新宿駅 徒歩3分,年収350万円～550万円,22日前,Green
株式会社シーディーアイ,カスタマーサクセス 介護業界AIスタートアップ企業,東京都 中央区,年収480万円～540万円,公開していません,リクルートエージェント
株式会社バリューワン,企画営業 事業拡大により増員! IT業界未経験大歓迎,東京都 渋谷区,年収400万円～600万円,8日前,リクルートエージェント
株式会社博報堂,カスタマーサクセスコンサルタント 得意先の事業成長を支える／DX戦略のアップデートや施策立案,東京都 港区 赤坂駅,"年収850万円～1,500万円",12日前,doda
HENNGE株式会社,カスタマーサクセスアカウントマネージャー セキュリティSaaSサービス,東京都 渋谷区,年収460万円～750万円,14日前,リクルートエージェント
フォースバレー・コンシェルジュ株式会社,新規事業 カスタマーサクセス／SaaS型プラットフォームビジネスでのCS,東京都 新宿区 四ツ谷駅 徒歩2分,年収400万円～500万円,3日前,Green
株式会社インターファーム,事業を育てるカスタマーサクセス・WEBマーケのリーダー候補,東京都 渋谷区 渋谷駅 徒歩7分,公開していません,15日前,リクナビNEXT
株式会社Speee,カスタマーサクセス,東京都 港区 六本木一丁目駅 徒歩4分,年収400万円～750万円,17日前,U29JOB
株式会社シー・ビー・ティ・ソリューションズ,カスタマーサクセス／既存顧客のトータルサポート／業界No.1の自社サービス,東京都 千代田区 神田駅 徒歩2分,"月給28万5,000円～35万7,000円",公開していません,女の転職type
株式会社dinii,カスタマーサクセス 飲食店向けSaaSプロダクト「dinii」,東京都 台東区,年収500万円～800万円,9日前,リクルートエージェント
パイオニア株式会社,クラウド型運行管理サービスのITスペシャリスト,東京都 文京区,"年収700万円～1,100万円",19日前,イーキャリア
ビーウィズ株式会社,カスタマーサクセス職,東京都 新宿区 新宿駅 徒歩12分,年収600万円～785万円,1日前,エン エージェント
株式会社FAN・DREAM 六本木オフィス,カスタマーサクセスマネージャー職 Bep,東京都 港区 六本木一丁目駅 徒歩5分,"月給41万6,666円～83万3,333円",公開していません,株式会社FAN・DREAM
株式会社テンダ,プリセールス・セールスエンジニア 自社パッケージ提案営業／インサイド・フィールド選択可,東京都 豊島区 池袋駅,公開していません,1日前,レバテックキャリア
株式会社ReBank,財務諸表の知識活用／IT×金融の新事業／育休産休配慮,東京都 千代田区,年収400万円～700万円,公開していません,リクルートエージェント
株式会社ドクターネット,b02. 遠隔読影カスタマーサクセス 東京,東京都 港区 浜松町駅 徒歩3分,年収350万円～700万円,20日前,Green
合同会社DMM.com,カスタマーサクセス DMM新規事業部の立ち上げメンバーを募集! リモートワークOK,東京都 港区 六本木一丁目駅,年収399万円～550万円,17日前,エン転職
NexusLink株式会社,カスタマーサクセス 未経験歓迎,東京都 新宿区,年収420万円～720万円,公開していません,NexusLink株式会社
株式会社Retail AI X,在宅勤務メイン／カスタマーサクセスマネージャー WEB面接可,東京都 港区,年収400万円～800万円,公開していません,リクルートエージェント
株式会社リバスタ,Salesforceアドミニストレーター／上流工程の習得、社内IT基盤の統制～建設業界向けIT支援～,東京都 江東区 豊洲駅,年収350万円～580万円,15日前,doda
サイファー・テック株式会社,カスタマーサクセス,東京都 新宿区,年収400万円～550万円,18日前,doda
株式会社オロ,カスタマーサクセス,東京都 目黒区,年収416万円～752万円,公開していません,パソナキャリア
株式会社アドバンテッジリスクマネジメント,カスタマーサクセス・オペレーション担当／課長職／デジタルヘルス推進部,東京都 目黒区 中目黒駅,年収500万円～700万円,公開していません,Geekly
パイプドHD株式会社,未経験歓迎:9／1または12／1入社のIT営業職 研修充実／土日祝休み／年間休日126日,東京都 港区,年収495万円,7時間前,エージェントパーク
SheepMedical株式会社,ITコンサルタント 多様なシステム開発プロジェクトを推進いただく重要ポジション,東京都 新宿区 高田馬場駅 徒歩3分,年収650万円～850万円,1日前,en ミドルの転職
アソビュー株式会社,カスタマーサクセス,東京都 品川区 大崎駅 徒歩1分,"年収364万5,000円～594万円",13日前,アソビュー株式会社
株式会社FABRIC TOKYO,東京 アパレルコーディネーター IT技術を用いて業界をリード／売上成長率175%,東京都 渋谷区,年収300万円～420万円,27日前,リクルートエージェント
吉積ホールディングス・クラウドエース,カスタマーサクセス,東京都 千代田区 大手町駅,年収400万円～600万円,公開していません,吉積ホールディングス・クラウドエース
伊藤忠インタラクティブ株式会社,ITコンサルタント／DX推進プロデューサー サービス⽴ち上げフェーズ,東京都 港区 白金高輪駅,"年収805万円～1,016万円",20日前,レバテックキャリア
ビートレンド株式会社,技術部門サポート／ITサポート 大手チェーン多数導入,東京都 千代田区,年収350万円～500万円,公開していません,リクルートエージェント
株式会社KADOKAWA Connected 富...,カスタマーサクセス,東京都 千代田区 飯田橋駅 徒歩3分,月給40万円～50万円,公開していません,type
株式会社ネオキャリア,カスタマーサクセス,東京都 新宿区 新宿駅,年収300万円～450万円,19日前,doda
CBcloud株式会社,カスタマーサクセス,東京都 千代田区 秋葉原駅,年収400万円～600万円,公開していません,パソナキャリア
株式会社グローバー,食×IT×メンテナンス×領域でSaasの法人営業 DXで飲食業界の課題を解決,東京都 千代田区 岩本町駅,年収450万円～550万円,16日前,doda
日本ワムネット株式会社,ソリューション営業 IT業界未経験可／注目を集めるSaaS製品／月平均残業18H,東京都 中央区,年収440万円～600万円,公開していません,リクルートエージェント
株式会社シェアコネクト,店舗向けSaaSのカスタマーサクセス,東京都 渋谷区,公開していません,6日前,株式会社シェアコネクト
株式会社タレントアンドアセスメント,営業／企画営業 AI面接サービス「SHaiN」の営業・カスタマーサクセスです。TEL／Web会議,東京都 港区,"月給25万円～35万8,000円",公開していません,株式会社タレントアンドアセスメント
セカンドラボ株式会社,事業企画、マーケティング、クライアント開拓、カスタマーサクセスを担当,東京都 新宿区 新宿駅 徒歩8分,年収380万円～550万円,公開していません,Green
トラボックス株式会社,カスタマーサクセス,東京都 渋谷区 渋谷駅,"年収700万円～1,100万円",公開していません,Geekly
株式会社Billage,カスタマーサクセス,東京都 品川区                                                                                                                                                                その他 (4),年収500万円～600万円,公開していません,株式会社Billage
シェアーズマーケット株式会社,営業事務 カスタマーサクセス／新サービスのスターティング募集,東京都 新宿区 新宿三丁目駅 徒歩1分,月給25万円～,公開していません,シェアーズマーケット株式会社
FLEX8合同会社,IT企業でのメール、電話によるカスタマーサポート業務,東京都 渋谷区,年収480万円～710万円,公開していません,FLEX8合同会社
株式会社アバント,ITソリューション営業,東京都 港区,年収500万円～800万円,公開していません,パソナキャリア
株式会社大西,IT営業／残業10H／月・リモートワーク推奨,東京都 新宿区 東新宿駅,年収425万円～500万円,7日前,doda
株式会社ビットキー,SMBカスタマーサクセス,東京都 中央区 京橋駅 徒歩3分,公開していません,1日前,CREATIVE JOB
Flat Holdings株式会社,"みなとみらい勤務 ""電話×IT""自社サービスのPM／ハイブリット勤務OK",東京都,"年収600万円～1,200万円",3時間前,Green
全研本社株式会社,カスタマーサクセス 未経験者OK／経営課題解決に導く仕事／20代～30代活躍中／年間休日125日,東京都 新宿区 都庁前駅 徒歩6分,月給25万円～35万円,10日前,全研本社株式会社eマーケティング事業本部
株式会社MICIN,事業企画・推進／ビジネスリード ～医療×ITのスタートアップ企業～,東京都 千代田区,"年収600万円～1,100万円",17日前,doda
株式会社アイリッジ,カスタマーサクセス／事業開発,東京都 港区 神谷町駅,公開していません,公開していません,株式会社アイリッジ
株式会社with,カスタマーサクセス,東京都 港区 六本木一丁目駅                                                                                                                                                                その他 (3),年収400万円～900万円,公開していません,株式会社with
株式会社エス・エス・シービジネスサポート,カスタマーサクセス／代理店のサポート／リモート併用,東京都 渋谷区 渋谷駅,月給26万円～38万円,23日前,株式会社エス・エス・シービジネスサポート
株式会社フーディソン,人事／スタートアップ人事、組織戦略立案～生鮮業界×ITによる新事業展開～,東京都 中央区 勝どき駅,年収550万円～700万円,8時間前,doda
株式会社アルム,マーケティング担当 ～医療業界の課題をITで解決 資金調達約56億円の急成長企業～,東京都 渋谷区,年収500万円～800万円,14日前,doda
iYell株式会社,FinTech企業でITソリューション営業,東京都 渋谷区,公開していません,21日前,マイナビAGENT
株式会社テリロジー,カスタマーサクセス／官公庁採用の「サイバー攻撃」対策サービス,東京都 千代田区 九段下駅,年収450万円～650万円,16日前,doda
株式会社よりそう,新規事業営業 ～IT×葬儀／ForbesJAPAN社会貢献賞受賞／お客満足度94%～,東京都 品川区 五反田駅,年収550万円～600万円,12日前,doda
株式会社FutureAI,IT系総合職 未経験者歓迎 20代が多数活躍中 女性活躍推進企業,東京都 豊島区 池袋駅 徒歩1分,月給25万円,15日前,女の転職type
株式会社フォトラクション,カスタマーサクセスマネージャー,東京都 中央区,"年収700万円～1,000万円",21日前,株式会社フォトラクション
ブライトコーブ株式会社,カスタマーサクセスマネージャー,東京都 港区,公開していません,1日前,パソナキャリア
株式会社キャデット,ITコンサル営業,東京都 港区,年収500万円～800万円,公開していません,株式会社キャデット
ディプロス株式会社,ITソリューション営業,東京都 新宿区,月給25万円,29日前,ディプロス株式会社
株式会社PKSHA Technology,ITコンサルタント／AIソリューションコンサルタント BEDORE／プロジェクトの企画立案・遂行責任,東京都 文京区 本郷三丁目駅,"年収1,000万円～1,400万円",公開していません,レバテックキャリア
SGシステム株式会社,IT営業～AI-OCRで顧客のDXを支援,東京都 品川区 鮫洲駅,年収500万円～700万円,10日前,doda
独自のクラウドサービスで成長を続ける東証プライム...,カスタマーサクセス／管理職／01so,東京都 渋谷区,"年収1,000万4,400円～1,158万6,000円",1日前,ふれつり転職相談
株式会社JMC,カスタマーサクセス担当～30年にわたり学校や教育現場へICT導入を行っているパイオニア企業～,東京都 港区,年収350万円～500万円,7日前,doda
セイコーソリューションズ株式会社,プリセールスエンジニア／カスタマーサクセスエンジニア,東京都 中央区 宝町駅,年収400万円～600万円,18日前,doda
toBeマーケティング株式会社,カスタマーサクセスエンジニア,東京都 中央区 京橋駅 徒歩3分,年収324万円～600万円,4時間前,Green
株式会社電通デジタル,ITコンサルタント,東京都 港区 新橋駅 徒歩3分,"年収400万円～1,500万円",公開していません,U29JOB
株式会社ライトワークス,カスタマーサクセス職,東京都 千代田区 麹町駅,年収400万円～600万円,13日前,doda
ブリードイン株式会社,カスタマーサクセス WEBアプリケーション,東京都 武蔵野市 吉祥寺駅 徒歩4分,年収360万円～600万円,20日前,Green
株式会社スタジアム,インタビューメーカー事業部／カスタマーサクセス,東京都 港区 赤坂見附駅 徒歩5分,年収400万円～600万円,5日前,Green
フルカイテン株式会社,カスタマーサクセス／東京,東京都 渋谷区 渋谷駅 徒歩6分,年収550万円～800万円,公開していません,type
株式会社PREVENT,カスタマーサクセス職～リモート・フレックス可／重症化予防のヘルスケアベンチャー～,東京都 中央区 東日本橋駅,年収420万円～550万円,12日前,doda
株式会社Goals,在宅勤務制度／IT業界出身者歓迎,東京都 港区,年収400万円～858万円,5日前,リクルートエージェント
株式会社インテグリティ・ヘルスケア,ソリューション企画営業 医療DXの最先端を走る急成長ベンチャーのIT企画営業,東京都 中央区,年収550万円～700万円,19日前,doda
株式会社リンクアンドコミュニケーション,カスタマーサクセス,東京都 港区 赤坂見附駅 徒歩4分,年収400万円～800万円,18日前,Green
インフォメティス株式会社,電力会社向けSaaSサービス導入の業務プロセス設計・カスタマーサクセス,東京都 港区 三田駅,年収600万円～800万円,13日前,doda
株式会社アッカ・インターナショナル,カスタマーサクセス／物流営業,東京都 港区,年収400万円～540万円,9日前,フォーピープル
株式会社エクサウィザーズ,カスタマーサクセス／介護×AIで業界を変革するSaaS事業,東京都 港区 汐留駅,"年収420万円～1,020万円",16日前,doda
株式会社アトラエ,カスタマーサクセス,東京都 港区 麻布十番駅,年収500万円～800万円,14日前,doda
GMOメイクショップ株式会社,ECカスタマーサクセス,東京都 渋谷区,年収400万円～600万円,2日前,パソナキャリア
リックソフト株式会社,カスタマーサクセスを一緒に目指すプリセールスエンジニアを募集,東京都 千代田区 大手町駅,年収450万円～621万円,19日前,doda
株式会社ツクルバ,カスタマーサクセス,東京都 目黒区,年収400万円～600万円,6日前,doda
イタンジ株式会社オフィス,世の中の当たり前をアップデートする!カスタマーサクセス事務募集,東京都 港区,"時給1,200円～",公開していません,イタンジ株式会社
株式会社Touch&Links,営業／企画営業 IT×人材 時差出勤OK／完全週休2日制,東京都 渋谷区,月給25万円～,公開していません,株式会社Touch&Links
ドクターメイト株式会社,SMBカスタマーサクセス,東京都 中央区 馬喰町駅 徒歩2分,年収420万円～600万円,3時間前,Green
FRAIM株式会社,営業／企画営業 カスタマーサクセス,東京都 港区,年収350万円～700万円,公開していません,FRAIM株式会社
Guidable株式会社,インターンシップ／語学力を活かし、企業と外国人をマッチングさせるカスタマーサクセス,東京都 新宿区 新宿駅 徒歩15分,"時給1,050円～",7日前,ゼロワンインターン
SB C&S株式会社,カスタマーサクセス,東京都 港区 浜松町駅 徒歩4分,年収471万円～750万円,1日前,Green
株式会社いえらぶGROUP,急成長中のITベンチャー 自社開発のSaaSで不動産業界に新しい風を,東京都,年収318万円～512万円,公開していません,キャリフレ
株式会社Resilire,プロダクトマネージャー／PdM 自然災害が増えてきた現代、世界的で注目されている「防災×IT」事業!,東京都 港区,"年収500万円～1,000万円",14日前,LIBZ
株式会社グローマス,カスタマーサクセス,東京都 千代田区 神田駅 徒歩3分,年収350万円～448万円,2日前,Green
ファンファーレ株式会社,COO／カスタマーサクセスMgr,東京都 港区 神谷町駅 徒歩3分,公開していません,2日前,Green
東京都品川区のIT企業／crew,カスタマーサクセス／01so,東京都 品川区 五反田駅 徒歩5分,月給27万円～,1日前,ふれつり転職相談
アスクプロ株式会社,ホームページのカスタマーサクセス・ディレクター 未経験歓迎／フレックス,東京都 新宿区 四谷三丁目駅 徒歩1分,年収300万円～600万円,7日前,Green
株式会社ジャストファイン新宿オフィス 第2ユニット,ヘルプデスク・ユーザーサポート／IT・通信関連,東京都 新宿区 新宿駅                                                                                                                                                                その他 (2),"時給1,650円～1,750円",8日前,はたらこねっと
東京都豊島区の物流プラットフォーム企業／crew,カスタマーサクセス／01so,東京都 豊島区 池袋駅 徒歩5分,公開していません,1日前,ふれつり転職相談
株式会社ビジネス アソシエイツ,CRMコンサルタント 営業・マーケティングコンサルタント／システムエンジニア SE,東京都 港区 六本木駅 徒歩2分,"年収400万円～1,000万円",7時間前,Green
Talknote株式会社,約1000社が利用する自社サービス／幹部候補／成長中IT企業,東京都 港区,"月給58万3,300円～",5時間前,エージェントパーク
弥生株式会社,会計事務所向けカスタマーサクセス オンボーディング 設計／運用,東京都 千代田区 秋葉原駅 徒歩2分,年収550万円～710万円,3時間前,Green
ローソンスタッフ株式会社,インターンシップ／ITベンチャーで新部署立ち上げ!思考力・行動力を磨く営業インターン,東京都 千代田区 神保町駅 徒歩6分,"時給1,200円～",公開していません,ゼロワンインターン
ハンズラボ株式会社,プロジェクトリーダー／マネージャー・リーダー候補 小売業特化型ITソリューション企業,東京都 新宿区 東新宿駅,年収500万円～750万円,公開していません,レバテックキャリア
コモングッド株式会社,カスタマーサクセス,東京都 目黒区,年収300万円～600万円,公開していません,宅建Job
株式会社リンケージ,「医療×IT」スタートアップでカスタマーサポート職のアルバイトを募集!健康支援プログラムの電話対応!,東京都 中央区 宝町駅 徒歩2分,"時給1,400円～1,600円",公開していません,株式会社リンケージ
株式会社アクティブアンドカンパニー,カスタマーサクセス職／未経験歓迎,東京都 千代田区 市ケ谷駅 徒歩8分,年収375万円,29日前,株式会社アクティブアンドカンパニー
株式会社大洋産業,ルートセールス カスタマーサクセス／上場準備／保育育児領域／「家族×テクノロジー」／東京／転勤なし,東京都 千代田区 飯田橋駅 徒歩4分,年収350万円～500万円,22時間前,株式会社大洋産業
株式会社ココナラ,カスタマーサクセス フレックスタイム制 渋谷駅から徒歩4分,東京都 渋谷区 渋谷駅 徒歩4分,年収300万円～450万円,27日前,女の転職type
株式会社リアライズ,内勤営業・カウンターセールス アニメとモノづくりに興味がある人募集!コンテンツ業界セールス,東京都 台東区 新御徒町駅 徒歩1分,月給25万円～,公開していません,株式会社リアライズ
ライフエンディングテクノロジーズ,葬儀業界向け自社サービスのカスタマーサクセス,東京都 港区 御成門駅 徒歩5分,月給22万円～50万円,22日前,ライフエンディングテクノロジーズ
マルスコア株式会社,SaaS企業でカスタマーサクセス,東京都 港区,月給30万円～40万円,12日前,マルスコア株式会社
株式会社ヨシダ,開発エンジニア／ITエンジニア 未経験可能／業務用アプリケーション開発の募集,東京都 中央区                                                                                                                                                                その他 (5),月給22万円～38万円,公開していません,株式会社ヨシダ
Master Key株式会社,内勤営業・カウンターセールス ITやWeb特化型のインサイドセールススタッフ,東京都 渋谷区,年収420万円～500万円,公開していません,Master Key株式会社
Bizネクストジャパン株式会社 事業開発課,システムコンサルタントSTAFF 未経験可 IT知識不問 資格取得支援あり,東京都 新宿区,"月給22万5,410円～",4日前,Bizネクストジャパン株式会社事業開発課
株式会社カスタメディア,営業／企画営業 カスタマーサクセス,東京都 新宿区,"時給1,100円～",公開していません,株式会社カスタメディア
株式会社マッシュマトリックス,IT営業 Salesforce関連製品の営業経験歓迎!営業マネージャー／リーダーとして成長を牽引,東京都 中央区 京橋駅,"年収800万円～1,000万円",公開していません,Green
エムスリーデジタルコミュニケーションズ株式会社,WEB講演会プランナー／カスタマーサクセス,東京都 中央区 東日本橋駅,年収350万円～600万円,公開していません,Geekly
株式会社Widsley,カスタマーサクセス,東京都 渋谷区 渋谷駅 徒歩1分,年収380万円～600万円,22日前,U29JOB
ユナイテッド・ヘルスコミュニケーション株式会社,ストレスチェックサービスの運用管理 IT×健康分野の急成長ベンチャー,東京都 中央区 馬喰町駅,月給25万円～30万円,公開していません,ユナイテッド・ヘルスコミュニケーション株式会社
Chatwork株式会社,カスタマーサクセス,東京都 港区,年収600万円～800万円,6日前,パソナキャリア
株式会社DearOne,DX推進・カスタマーサクセス,東京都,年収504万円～804万円,公開していません,Spring転職エージェント
株式会社キャリアデザインセンター,カスタマーサクセス エンジニア,東京都 渋谷区 渋谷駅 徒歩5分,"時給2,100円～2,200円",5日前,株式会社キャリアデザインセンター
株式会社STORY,顧客に寄り添う カスタマーサクセス 募集 Web教材動画を配信し,東京都 中央区,年収300万円～360万円,13日前,LIBZ
株式会社アイドマ・ホールディングス,カスタマーサクセス,東京都 豊島区 池袋駅 徒歩1分,年収350万円～500万円,4日前,U29JOB
株式会社Libry,カスタマーサクセス,東京都 千代田区,公開していません,18日前,マイナビAGENT
株式会社SAL,新規事業のカスタマーサクセス,東京都 品川区 五反田駅 徒歩10分,年収350万円～600万円,公開していません,かんたん応募
株式会社ユーザベース,シニアカスタマーサクセス 経済情報で世界を変えるSaaS,東京都 千代田区,"年収510万円～1,000万円",27日前,リクルートエージェント
KDDI株式会社,カスタマーサクセス創出に向けた全社横断DXプロジェクトの推進,東京都 千代田区,年収500万円～900万円,1時間前,ワークポート
株式会社オーシャンブリッジ,プリセールス、カスタマーサクセスマネージャー,東京都 渋谷区 渋谷駅,年収500万円～900万円,公開していません,Geekly
株式会社ROI,法人営業／カスタマーサクセス／リーダー ～加速的に事業成長する仕組み提供～,東京都 千代田区,年収500万円～600万円,19日前,リクルートエージェント
株式会社PM Agent,カスタマーサクセスマネージャー,東京都 渋谷区,月給30万円～50万円,3日前,株式会社PM Agent
株式会社ベネッセコーポレーション,カスタマーサクセス／ミライシード／小中学校向けタブレット学習ソフト,東京都 新宿区,年収600万円～800万円,公開していません,Education Career
メディア株式会社,カスタマーサクセス／未経験歓迎,東京都 文京区 本郷三丁目駅,年収350万円～530万円,公開していません,Geekly
株式会社PLAY,カスタマーサクセス,東京都 渋谷区 渋谷駅 徒歩10分,年収400万円～800万円,公開していません,U29JOB
株式会社インディゴジャパン,外資系企業のカスタマーサクセス職の正社員,東京都 品川区 五反田駅 徒歩6分,月給25万円～35万円,公開していません,株式会社インディゴジャパン
株式会社SIVA,カスタマーサクセス,東京都 中央区 京橋駅 徒歩1分,月給29万円～66万円,6日前,株式会社SIVA
株式会社BE PROUD,カスタマーサクセス営業・Web企画／既存顧客満足度UPに貢献,東京都 中央区 人形町駅,月給25万円～,13日前,リクナビNEXT
楽天グループ株式会社,国内大手インターネット会社／カスタマーサクセススタッフ,東京都,年収400万円～550万円,公開していません,Spring転職エージェント
株式会社ワンスター,「働きがいのある会社ベストカンパニー」選出企業 カスタマーサクセス／新規事業 早期から裁量をもって0,東京都 品川区,年収390万円～500万円,13日前,LIBZ
Non Brokers株式会社,内勤営業・カウンターセールス 不動産売買の経験を活かした、カスタマーサクセス業務,東京都 港区 表参道駅 徒歩5分,"時給1,200円～1,500円",公開していません,Non Brokers株式会社
Shine Blue合同会社 東京都,未経験歓迎!カスタマーサクセス業務／月21万 23万 UP確実 @大塚,東京都 豊島区 大塚駅,月給21万円～23万円,29日前,Shine Blue合同会社
株式会社エボラブルアジアエージェント,カスタマーサクセス エンジニア,東京都 港区 浜松町駅 徒歩5分,年収400万円～500万円,公開していません,株式会社エボラブルアジアエージェント
PicoCELA株式会社,カスタマーサクセスマネージャー／事業拡大に伴う新ポジション,東京都 中央区 水天宮前駅 徒歩5分,"月給41万6,700円～66万6,700円",公開していません,PicoCELA株式会社
株式会社Full Bet Group 株式会社リ...,成長ベンチャーのカスタマーサクセス,東京都 渋谷区 渋谷駅,月給30万円～60万円,公開していません,株式会社Full Bet Group
株式会社ポケットチェンジ,新設チームのスターティングメンバー募集,東京都 港区 三田駅 徒歩2分,月給30万円～40万円,公開していません,マイナビ転職
株式会社ワークス・ジャパン,2023 新卒採用 広告,東京都,月給20万円,2時間前,リクナビ2023
株式会社セフティライフ,カスタマーサポート・ヘルプデスク,東京都 千代田区,年収384万円～564万円,2時間前,株式会社セフティライフ
サンワ株式会社,中途採用向けサービスに関するコンサルティング,東京都 港区 外苑前駅,"年収600万円～1,000万円",2日前,ジョブルックKansai
Resily株式会社,経験問わずキャリアを広げられる!組織課題を解決するCSオペレーター募集,東京都 千代田区,年収400万円～450万円,公開していません,かんたん応募
株式会社MUGENUP,全国どこでもフルリモート可能 ゲーム・アニメに興味ある方歓迎,東京都 新宿区,公開していません,公開していません,マイナビAGENT
