株式会社さくら都市開発,営業 年休126日 営業経験者歓迎,"大阪府 大阪市 本町駅 徒歩5分                                                                                                                                                                    




本町駅の求人
をすべて見る",月給20万円～70万円,4時間前,リクナビNEXT
阪和株式会社,ルート営業・配送業務 既存顧客のみ 未経験歓迎 残業少なめ,"大阪府 堺市 堺駅                                                                                                                                                                    




堺駅の求人
をすべて見る


阪和株式会社の求人
をすべて見る","月給21万400円～29万3,100円",2日前,リクナビNEXT
株式会社山上,インテリア商材の営業 未経験歓迎 転勤ナシ 5拠点同時募集,大阪府 大阪市 西淀川区,"月給20万10円～37万1,600円",3日前,リクナビNEXT
株式会社オギノ,設立73年の老舗企業の次世代の中心! 営業職,"大阪府 東大阪市 長田駅 徒歩12分                                                                                                                                                                    




長田駅（大阪府）の求人
をすべて見る


株式会社オギノの求人
をすべて見る","月給20万5,000円",3日前,リクナビNEXT
NEICS合同会社,急募増員! 学校や官公庁へのOA機器のルート営業・販売,大阪府 堺市 中区,月給20万円～,3日前,リクナビNEXT
株式会社NITTO,年収6221万円の営業がいます。未経験歓迎!不動産の売買営業,大阪府 大阪市 梅田駅 徒歩6分,月給30万円～40万円,3日前,リクナビNEXT
株式会社セットアップ,手当充実 厚待遇 介護事業所向けシステムを提案 ルート営業,大阪府 大阪市 大阪天満宮駅 徒歩10分,月給25万円～30万円,4時間前,リクナビNEXT
株式会社ディー・ケイ,安定性・給与待遇・休日・社内環境…すべてに満足できる 営業,大阪府 大阪市 大阪城北詰駅 徒歩5分,"月給25万6,000円～38万円",4時間前,リクナビNEXT
株式会社大井綜合美術,洋画作品の販売接客・営業補助 美術の知識不問!第二新卒歓迎,大阪府 大阪市 中央区,月給20万円～30万円,3日前,リクナビNEXT
日生住建株式会社,不動産売買営業 年収6221万円の営業がいます,大阪府 大阪市 北区,月給30万円～40万円,2日前,リクナビNEXT
株式会社ウエンズ,Webプロモーション企画などの営業 リモート勤務推進中,大阪府 大阪市 南森町駅,月給25万円～,4時間前,リクナビNEXT
博文堂印刷株式会社,パッケージのルート営業 年間休日125日 残業少なめ,大阪府 大阪市 桃谷駅 徒歩3分,月給21万円～27万円,4時間前,リクナビNEXT
ミサワリフォーム近畿株式会社,全国転勤なし プラン作りや施工管理も担う／リフォーム営業,大阪府 大阪市 西区,"月給19万5,000円～",5時間前,リクナビNEXT
芳賀電機株式会社,長く勤めたい方、誰かの役に立ってみたい方に 商社での営業,大阪府 吹田市 江坂駅 徒歩3分,月給22万円～,3日前,リクナビNEXT
株式会社shoichi,アパレルのOEM営業・買取営業 土日祝休,大阪府 大阪市 堺筋本町駅 徒歩2分,月給30万円～,3日前,リクナビNEXT
日本ケロッグ合同会社,「ケロッグ」にてシリアル、スナックカテゴリーを扱う法人営業,大阪府 大阪市,年収550万円～700万円,3日前,リクナビNEXT
株式会社ケンモク,営業,大阪府 高槻市 上牧駅,月給27万円～,4日前,株式会社ケンモク
正田醤油株式会社,明治6年創業。148年を迎える歴史と商品力が武器 営業,大阪府 大阪市 西中島南方駅 徒歩3分,月給22万円～,3日前,リクナビNEXT
株式会社ジーエーティー,難波駅前ホテルでの宴会営業・MICE営業・イベント企画・手配,大阪府 大阪市 なんば駅,月給23万円～40万円,3日前,リクナビNEXT
株式会社生産技術パートナーズ,営業事務職 年休115日,大阪府 大阪市 住之江区,月給15万円～25万円,8時間前,リクナビNEXT
株式会社日本住宅販売,飛込営業なし!既存顧客にリフォームを提案する営業・ルート営業,大阪府 大阪市 南方駅 徒歩2分,月給25万円～,3日前,リクナビNEXT
株式会社ブルービルド,建築系営業 年休125日&インセンティブ,大阪府 高槻市 富田駅 徒歩20分,"月給27万4,000円～33万8,000円",3日前,リクナビNEXT
株式会社リップスカンパニー,月給25万円～ 需要拡大!清掃サービスのルート営業,大阪府 大阪市,月給35万円,3日前,リクナビNEXT
サンケーシステム株式会社,営業 これからも必要とされる防犯カメラが商材,大阪府 大阪市 森ノ宮駅,"月給19万5,000円～32万円",3日前,リクナビNEXT
株式会社クイック,月給25万円～／広告代理店の営業事務・アシスタント,大阪府 大阪市 東梅田駅 徒歩5分,月給25万円～,1日前,リクナビNEXT
株式会社Right Direction,IT系出身者が立ち上げた片づけ事業の営業,大阪府 大阪市 此花区,月給25万円～40万円,13時間前,株式会社Right Direction
株式会社サニクリーン近畿,自社商品の 営業 ルート配送 年間休日120日,大阪府 吹田市 江坂駅 徒歩13分,"月給20万500円～21万7,300円",11日前,はたらいく
株式会社Colobiz,法人向け企画営業・マーケティング,大阪府 大阪市 桜川駅 徒歩4分,月給23万円～28万円,3日前,リクナビNEXT
株式会社ミヤマ産業,月給30万円スタート可! 拘りの家づくりに携わる 反響営業,大阪府 松原市 河内松原駅 徒歩5分,月給21万円～,2日前,リクナビNEXT
オーヨー株式会社,計測機器・理化学機器の営業／経験者の限定募集。優遇します,大阪府 大阪市 淀川区,月給28万円～32万円,3日前,リクナビNEXT
朝日衛生材料株式会社,医療商材メーカーのルート営業 未経験者多数活躍中,大阪府 柏原市,月給20万円～26万円,3日前,リクナビNEXT
株式会社ネクスト,駅近 福利厚生充実／法人営業,大阪府 大阪市 西区,"月給22万8,800円～36万2,900円",3日前,リクナビNEXT
ポゾリスソリューションズ株式会社,建設用化学品の営業20～30代活躍／待遇・福利厚生も充実,大阪府 堺市 堺駅 徒歩14分,月給25万円～,3日前,リクナビNEXT
ONE-B株式会社,販促・企画営業 未経験歓迎 平均年齢28歳 土日祝日休み,大阪府 大阪市 北区,月給25万円～30万円,3日前,リクナビNEXT
ディーエムソリューションズ株式会社,DM提案営業／未経験OK!18期連続増収!土日休み!転勤なし,大阪府 大阪市 西梅田駅 徒歩4分,月給24万円～,3日前,リクナビNEXT
サンエイ・ココ株式会社,オーダーメイドで作るねじの商品企画・提案営業／新規開拓ナシ,大阪府 東大阪市 吉田駅 徒歩11分,"月給22万5,000円～",3日前,リクナビNEXT
有限会社ジョイフル,最年少21歳 月給25万～ 「ダスキン」商品をご提案する営業,大阪府 大阪市 塚本駅 徒歩9分,月給25万円～,3日前,リクナビNEXT
株式会社ミウラ,建材商社のルート営業 残業少なめ 完全週休2日,大阪府 茨木市 茨木駅 車13分,月給27万円～35万円,3日前,リクナビNEXT
昭和西川株式会社,年休120日以上!ワークライフバランス 法人ルート営業,大阪府 大阪市 堺筋本町駅 徒歩2分,月給23万円～28万円,2日前,リクナビNEXT
堀富商工株式会社,営業がもっとお客様と向き合える時間を創れるようサポート!事務,大阪府 堺市 石津川駅 徒歩8分,月給20万円～,3日前,リクナビNEXT
株式会社RAYREACH,営業職 1件成約でインセン2万円 反響100% 土日祝休,大阪府 大阪市 本町駅 徒歩5分,月給26万円～,4時間前,リクナビNEXT
株式会社ゼネラル,歯科最大手の医療法人徳真会グループ 医療営業,大阪府 吹田市,月給25万円～,1日前,リクナビNEXT
公益財団法人高知県産業振興センター,外商コーディネーター 大阪駐在・営業職員,大阪府 大阪市 中央区,"月給48万3,000円",3日前,リクナビNEXT
株式会社セゾンホーム,有給取得率100% 飛込み・テレアポ一切なし!不動産買取営業,大阪府 大阪市 大国町駅 徒歩3分,月給25万円,3日前,リクナビNEXT
美装サッシ工業株式会社,未経験:月給28万～ 窓サッシなど鋼製建具の営業／新規ナシ,大阪府 大阪市 南巽駅 車5分,月給28万円～30万円,4時間前,リクナビNEXT
恵比寿製菓株式会社,和・洋菓子メーカーで勤務!アイデアを形にする 企画営業,大阪府 大阪市 東成区,月給20万円～,3日前,リクナビNEXT
株式会社サカイ引越センター,賞与年3回 新生活をトータルサポート! 引越プランナー・営業,大阪府 大阪市,月給25万円～38万円,3日前,リクナビNEXT
株式会社日本電工,ノルマなし 成長企業×エコ商材のルート営業,大阪府 大阪市 今池駅 徒歩1分,月給25万円～39万円,6時間前,リクナビNEXT
株式会社オークラハンズ,ゼロから始める不動産営業 賃貸・売買・管理すべて学べます,大阪府 大阪市 玉造駅,月給23万円～35万円,3日前,リクナビNEXT
株式会社プライムステージ,プロモーション企画営業 大企業の広告・PRを考える仕事,大阪府 大阪市 新大阪駅 徒歩5分,月給19万円～25万円,3日前,リクナビNEXT
株式会社リエイ,福利厚生施設に関わる法人営業 完全週休2日／土日 直行直帰可,大阪府 大阪市 中央区,"月給25万7,300円～34万9,800円",3時間前,リクナビNEXT
株式会社アール&ディ,未経験歓迎!自社開発ソフトなどIT系の法人営業 ノルマなし,大阪府 大阪市 四ツ橋駅 徒歩5分,月給25万円～35万円,3日前,リクナビNEXT
株式会社ウィルエージェンシー,営業,大阪府 高槻市 高槻駅                                                                                                                                                                その他 (4),月給25万円～,11時間前,WAQQQ!
Bizネクストジャパン 求人窓口課,コンサルティング営業staff,大阪府 東大阪市                                                                                                                                                                その他 (25),月給28万円～50万円,1日前,かんたん応募
株式会社ペットサン,ペット動物貿易会社／営業・飼養管理・繁殖研究スタッフ,大阪府 寝屋川市 萱島駅,"月給24万2,500円～",3日前,リクナビNEXT
株式会社クールエイト,営業 多彩なクリエイティブを提供!完全週休2日制,大阪府 大阪市 東三国駅 徒歩3分,月給22万円～,4時間前,リクナビNEXT
三山工業株式会社,反響営業 公共事業で安定した業績／土日祝休み・年休127日,大阪府 茨木市,月給26万円～36万円,21日前,リクナビNEXT
合同会社在宅支援サービス,高齢化社会に不可欠な法人営業,大阪府 堺市 堺区,月給22万円～,2日前,リクナビNEXT
港製器工業株式会社,月給28万～ 業界未経験から海外に関わる仕事ができる 営業,大阪府 茨木市 茨木駅 徒歩2分,月給28万円～,4時間前,リクナビNEXT
株式会社ハマコS.S,月給30万～40万円 キャリアも実現できる メーカー営業,大阪府 富田林市,月給30万円～40万円,3日前,リクナビNEXT
ニチニチ製薬株式会社,乳酸菌メーカーの営業／支店長候補 土日祝休み 残業少なめ,大阪府 大阪市 北浜駅,月給25万円～35万円,3日前,リクナビNEXT
株式会社日本ライフクリエイター,不動産営業 月給25～30万円 完全週休2日,大阪府 大阪市 西中島南方駅 徒歩3分,月給25万円～30万円,2日前,リクナビNEXT
株式会社アートフォースジャパン,未経験者歓迎 転勤なし 地盤調査・地盤改良工事の提案営業,大阪府 摂津市,"月給22万7,000円～39万円",6日前,マイナビ転職
株式会社オリジナルカラー,蓄電池などの提案営業,大阪府 大阪市,月給27万円～,3日前,リクナビNEXT
石川特殊特急製本株式会社,土日祝休み 製本会社の営業事務 未経験者大歓迎,大阪府 大阪市 谷町六丁目駅 徒歩2分,"月給17万円～18万6,000円",3日前,リクナビNEXT
株式会社アステム,投資・資産運用の提案営業 未経験から一人前に 年休120日,大阪府 大阪市 中央区,"月給25万円～49万5,000円",1日前,リクナビNEXT
株式会社ツカサ,提案営業,大阪府 堺市 中区,"月給22万1,000円～",3時間前,マイナビ転職
株式会社ヤマヒサ,リフォーム営業・アドバイザー 完全週休2日制 新人研修手当有,大阪府 大阪市 東梅田駅 徒歩5分,"月給28万2,570円",4時間前,リクナビNEXT
株式会社ユーロ レップ ジャパン,裁量とやりがいが大きい インポートアパレル 法人営業,大阪府 大阪市 心斎橋駅 徒歩7分,月給25万円～35万円,1日前,リクナビNEXT
信号電材株式会社,インフラ製品の法人営業 未経験者歓迎 年間休日128日,大阪府 東大阪市 荒本駅 徒歩10分,年収350万円～370万円,4時間前,リクナビNEXT
三和油化工業株式会社,成長企業で環境に貢献する法人営業 週休2日:土日 若手募集,大阪府 吹田市 江坂駅 徒歩1分,月給24万円～29万円,3日前,リクナビNEXT
株式会社エコフォレスト,解体工事の施工管理・営業 休み・手当・福利厚生も充実,大阪府 枚方市,月給24万円～,1日前,リクナビNEXT
株式会社トミナガ,1人ひとりを大事にする物流企業 営業 残業少なめ 経験不問,大阪府 摂津市 南摂津駅 徒歩5分,月給25万円～30万円,8時間前,リクナビNEXT
お茶の丸幸株式会社,ルート営業 飛込テレアポは一切なし!営業経験者優遇,大阪府 大阪市 天神橋筋六丁目駅 徒歩13分,月給22万円～30万円,3日前,リクナビNEXT
タカラ通商株式会社,ルート営業／設立60年の会社!土日祝休!地元で働きたい方歓迎,大阪府 枚方市 枚方市駅 バス5分,"月給20万5,000円～23万5,000円",3日前,リクナビNEXT
株式会社クオーレエステート,不動産業界経験者歓迎 営業事務・一般事務,大阪府 大阪市 淀屋橋駅 徒歩3分,月給25万円～,3日前,リクナビNEXT
株式会社因幡電機製作所,法人営業 チーム制／道や場所を照らすための最適な照明を提案,大阪府 羽曳野市 古市駅 徒歩20分,月給21万円～29万円,3日前,リクナビNEXT
ヒカリ技研工業株式会社,月給27万スタート オンリーワン新素材の営業・販促企画,大阪府 大阪市 南巽駅 徒歩15分,月給25万円～,3日前,リクナビNEXT
株式会社センテック,顧客に合ったセンサを企画・提案 提案深耕営業 年休123日,大阪府 大阪市 西中島南方駅 徒歩4分,"月給21万9,080円～30万9,740円",1日前,リクナビNEXT
株式会社東和製作所,既存メイン／建材メーカー兼商社の営業管理職候補 月給30万～,大阪府 高槻市,月給30万円～,3日前,リクナビNEXT
株式会社東京アルファライン,関西営業所オープン!週休2／月給40万円 4t 10t,大阪府 茨木市,月給35万円～40万円,11日前,はたらいく
日研ツール株式会社,お客様に寄り添った提案 切削工具のルート営業 新規電話ナシ,大阪府 大東市 住道駅,"月給23万1,000円～",3日前,リクナビNEXT
フクダライフテック関西株式会社,在宅医療機器の営業 未経験歓迎／賞与5ヶ月分支給／年間休日125日／年収例:500万円,大阪府 吹田市 吹田駅 徒歩10分,月給21万円～,3日前,エン転職
オプト株式会社,土日祝休み!時給1700円!映像配信サービスの提案営業,大阪府 大阪市 大阪駅 徒歩5分,"時給1,700円",8日前,エン派遣
志村商事株式会社,土日祝休み・基本残業なし 専門知識や経験必要なし!ルート営業,大阪府 大阪市 中津駅 徒歩2分,月給24万円～,3日前,リクナビNEXT
タナテックスケミカルズジャパン株式会社,営業マネージャー,大阪府,"年収700万円～1,000万円",14日前,日経転職版
良建ハウス株式会社,HPからの反響営業多数! リフォームアドバイザー・提案営業,大阪府 河内長野市 河内長野駅 徒歩14分,月給30万円,3日前,リクナビNEXT
株式会社ヒト・コミュニケーションズ,人材サービスの企画営業 東証プライム上場企業のグループ会社,大阪府 大阪市 西梅田駅,"月給27万4,000円～30万円",10日前,エン転職
栄鋼機工株式会社,ルート営業 モノづくりを支える 土日祝休み,大阪府 摂津市,月給30万円～,3日前,リクナビNEXT
株式会社シャロン,化粧品のルート営業 残業少なめ 転勤なし 食事手当あり マイカー通勤可能,大阪府 柏原市 高井田駅 徒歩7分,月給21万円～,20時間前,エン転職
相互ブリッスル株式会社,世界が舞台!業界リーディングカンパニーの貿易営業,大阪府 大阪市 野田阪神駅 徒歩4分,月給25万円～,3日前,リクナビNEXT
株式会社リベラルエステート,新築戸建販売営業／入社3ヶ月後月収100万円可能,大阪府 大阪市 昭和町駅 徒歩2分,月給35万円,3日前,リクナビNEXT
株式会社ラックハウジング,新規開拓なしの反響営業／賃貸・売買の不動産営業,大阪府 大阪市 城東区,"月給20万5,000円～",4時間前,リクナビNEXT
遠州トラック関西株式会社,月給27万円以上!男性スタッフ活躍中! 営業事務／物流事務,大阪府 大阪市 井高野駅 徒歩15分,月給27万円～,3日前,リクナビNEXT
株式会社エスケイジャパン,未経験者歓迎!ドラえもん等のキャラクター商品 ルート営業,大阪府 大阪市 長堀橋駅 徒歩4分,月給20万円～,3日前,リクナビNEXT
株式会社福屋不動産販売,不動産法人営業 完全週休2日／土日休み／未経験歓迎,大阪府 大阪市 東梅田駅 徒歩4分,月給25万円～,3日前,リクナビNEXT
株式会社ダスキン信栄,営業／ダスキンの家事代行サービス事業,大阪府 大阪市 九条駅 徒歩5分,月給23万円,1日前,かんたん応募
綜合カーボン株式会社,カーボン製品の法人営業 WEB面接も可,大阪府 豊中市 緑地公園駅 徒歩3分,月給23万円～40万円,3日前,リクナビNEXT
株式会社G&G,未経験歓迎×転勤無／働きたい人と企業のご縁を結ぶ人材紹介営業,大阪府 大阪市 淀川区,"月給22万5,000円～23万9,000円",8日前,リクナビNEXT
株式会社アバンザ,人材営業 年休120日 月給25万 ノウハウじっくり伝授,大阪府 大阪市 天神橋筋六丁目駅,月給25万円～40万円,3日前,リクナビNEXT
野添産業株式会社,包装資材の営業スタッフ,大阪府 東大阪市,月給25万円～35万円,11日前,マイナビ転職
近鉄住宅管理株式会社,マンション大規模修繕工事等の建物環境調査・工事営業,大阪府 大阪市 天王寺駅,"月給17万4,000円～",3日前,リクナビNEXT
三陽商事株式会社,欢迎母语是汉语的人／大阪にあるメーカーでの海外営業／工学系の学部出身者歓迎,大阪府 吹田市 江坂駅 徒歩10分,年収400万円～600万円,3日前,JobsNippon
竹田食品販売株式会社,残業ほぼなし!食品メーカーでのルート営業,大阪府 大阪市 新大阪駅 徒歩10分,月給25万円～35万円,3日前,リクナビNEXT
関西不動産販売株式会社,20代で年収1000万円!飛び込み・テレアポなし 不動産営業,大阪府 高槻市,月給25万円～35万円,4時間前,リクナビNEXT
株式会社Plus grow,歯科金属のリサイクル回収ルート営業 ノルマなし,大阪府 大阪市,月給25万円～,1日前,タウンワーク
株式会社キクスズ,未経験OK!専門商社のルート営業賞与2回／年休126日,大阪府 大阪市 阿波座駅 徒歩2分,"月給21万2,000円～",21日前,マイナビ転職
大磯産業株式会社,卸営業,大阪府 大阪市 本町駅,公開していません,2日前,クリーデンス
東イン株式会社,インテリア総合商社のルート営業未経験者大歓迎!転勤なし,大阪府 大阪市 今宮駅 徒歩1分,月給22万円～24万円,3日前,リクナビNEXT
ファモンド株式会社,未経験者も月給25万以上+歩合給!ハウスクリーニング訪問営業,大阪府 大阪市 新大阪駅 徒歩10分,月給25万円～,3日前,リクナビNEXT
パナソニック株式会社 エレクトリックワークス社,燃料電池事業の海外営業,大阪府 高槻市,年収600万円～800万円,11日前,日経転職版
株式会社エイ・クリエイション,ゼロからIT人材のコーディネーターへ!定着率93% 提案営業,大阪府 大阪市 淀川区,月給24万円～,3日前,リクナビNEXT
株式会社ダイテン,未経験歓迎!屋外看板の営業 ボーナス年3回 スーツ不要,大阪府 大東市 住道駅 徒歩17分,月給25万円～35万円,3日前,リクナビNEXT
株式会社グライト,足場鳶／施工管理／営業,大阪府 池田市,"日給1万2,000円～2万円",16時間前,職人スタイル
大日紙工株式会社,パッケージや梱包資材の提案営業 大手取引多数,大阪府 大阪市 森小路駅,月給20万円～,3日前,リクナビNEXT
株式会社京橋ビル,年収630万円以上!自社ビルの管理運営／営業,大阪府 大阪市 京橋駅 徒歩5分,月給45万円～,3日前,リクナビNEXT
株式会社読宣,広告営業・WEBマーケティング・新規事業の企画提案,大阪府 大阪市 大阪駅,月給22万円～,4時間前,リクナビNEXT
株式会社近大アシスト,近大グループに関わる全ての人のリスクをマネジメントする営業,大阪府 東大阪市 長瀬駅 徒歩10分,"月給25万7,480円～40万120円",3日前,リクナビNEXT
株式会社SAKURA,平日のみ!営業補助からstartできる近距離ルート営業,大阪府 大阪市 野田駅,"時給1,400円～1,750円",1日前,タウンワーク
株式会社オートスタイルトレーディング,クルマが好き&面白いコトが好きな方歓迎! 中古車販売・営業職,大阪府 摂津市,月給24万円～,5時間前,リクナビNEXT
株式会社アヴァンティスタッフ,大手商社グループで営業+事務,大阪府 大阪市 淀屋橋駅 徒歩7分,"時給1,600円",1日前,ジョブチェキ！
株式会社羽車,封筒やパッケージの営業 残業20h内・年休118日・有給推奨,大阪府 堺市 新金岡駅,"月給23万7,000円～",3日前,リクナビNEXT
株式会社日本エコロジー,営業サポートスタッフ 月給30万円～／賞与年2回 太陽光発電システムをメインに扱う会社,大阪府 大阪市 長堀橋駅 徒歩3分,月給30万円～,24日前,エン転職
株式会社テクノ・サービス,法人営業・人材コーディネーター／転勤なし／土日祝休み,大阪府 大阪市 北区,"月給26万5,000円～35万円",1日前,doda
ムサシノ工芸株式会社,未経験OK!地域密着の働き方で店舗作りに携わる ルート営業,大阪府 東大阪市 吉田駅 徒歩5分,"月給20万5,000円～35万円",3時間前,リクナビNEXT
株式会社丸菱運輸,営業サポート／事務業務 昇給・賞与有／月給25万円スタート,大阪府 枚方市 長尾駅 徒歩20分,月給25万円～,4時間前,リクナビNEXT
ネクスト株式会社,企業に自社の運送・保管を提案する物流営業 経験不問,大阪府 茨木市 茨木市駅 車20分,月給23万円～27万円,3日前,リクナビNEXT
株式会社ナンセイ,39歳以下面接確約 就業まで最短1週間!未経験歓迎の法人営業,大阪府 大阪市 大正駅 バス15分,月給27万円～50万円,9日前,リクナビNEXT
名古屋モザイク工業株式会社,企画営業・商品企画／創業80年・経産省×地域未来牽引企業認定,大阪府 大阪市 堺筋本町駅,"月給24万3,000円～",15日前,リクナビNEXT
フルサト工業株式会社,提案営業／充実の福利厚生,大阪府 柏原市,"月給24万9,420円～",7日前,リクナビNEXT
BYDジャパン株式会社,外資系企業!“次世代EV車”を日本に広める 営業・販促企画,大阪府 大阪市 淀川区,月給35万円～,3日前,リクナビNEXT
サラヤ株式会社,手厚い研修制度あり! 営業経験不問の感染管理製品営業職／看護師,大阪府 大阪市 中央区,年収350万円～550万円,4時間前,かんたん応募
株式会社エックスラボ,コンサルへのキャリアUPも 企業の未来を創る 営業職,大阪府 大阪市 中津駅 徒歩6分,月給28万円～50万円,1日前,リクナビNEXT
株式会社アンティ,お部屋探しのお手伝い 賃貸営業 女性活躍中!月給25万円～,大阪府 大阪市 北区,月給25万円～,4時間前,リクナビNEXT
株式会社LINK,企画営業 未経験歓迎 営業=きついを払拭! 高収入,大阪府 大阪市 心斎橋駅 徒歩7分,月給25万円～,3日前,リクナビNEXT
株式会社マツオコーポレーション,未経験大歓迎 コンクリートブロックのルート営業・施工管理,大阪府 茨木市 豊川駅 徒歩3分,月給20万円～,4時間前,リクナビNEXT
新栄スタッフ株式会社,営業・人材コンサルタント 関わる人を全員笑顔にできる懸け橋に,大阪府 門真市 門真市駅 徒歩5分,"月給26万3,000円",3日前,リクナビNEXT
マツモト産業株式会社,溶接ロボット・機械のメーカー商社／ルート営業 賞与5.5ヶ月,大阪府 大阪市,"月給23万9,010円～37万6,835円",9時間前,リクナビNEXT
双葉商事株式会社,企画営業,大阪府 吹田市 関大前駅,公開していません,2日前,クリーデンス
ケアライフ・メディカルサプライ株式会社,未経験歓迎!福祉用具・医療機器のルート営業 残業少なめ,大阪府 堺市 石津川駅 徒歩5分,月給21万円～35万円,3日前,リクナビNEXT
有限会社ネクストハウジング,地域密着の安定企業／未経験から始める不動産営業 転勤ナシ,大阪府 大阪市 玉出駅 徒歩1分,月給20万円～35万円,4時間前,リクナビNEXT
丸大食品株式会社,土日祝休み 知名度&安定感抜群!加工食品の提案営業,大阪府 大阪市 岸里駅 徒歩12分,"月給20万2,000円～25万7,600円",2日前,リクナビNEXT
株式会社日本アイセント,年間休日110日・月平均歩合給10万円!地域密着の不動産営業,大阪府 大阪市 都島駅 徒歩5分,月給18万円～,3日前,リクナビNEXT
サイタ工業株式会社,需要も安定!日立製&自社製・荷物用エレベーターの提案営業,大阪府 大阪市 淀川区,月給18万円～28万円,3日前,リクナビNEXT
株式会社パソコンファーム,未来の大阪支店を引っ張っていく存在に!リユース機器を扱う営業,大阪府 大阪市 北浜駅 徒歩2分,"月給22万3,000円～",3日前,リクナビNEXT
株式会社加藤歯科商店,年間休日120日 未経験大歓迎 ルート営業,大阪府 大阪市 東三国駅 徒歩5分,月給25万円～50万円,4日前,はたらいく
株式会社テクノ・サービス／,ゴム製品のルート営業,大阪府 堺市 美原区,"月給18万9,000円～31万6,200円",1日前,かんたん応募
株式会社ケー・エキスプレス,面接確約&人柄採用 ギフト商品の提案／新規開拓のない反響営業,大阪府 大阪市 日本橋駅 徒歩5分,月給25万円～36万円,4時間前,リクナビNEXT
ハラダ製茶販売株式会社,着実にスキルUP可能! 企画営業 大阪営業所募集 35歳まで,大阪府 豊中市 千里中央駅 バス10分,"月給24万5,000円～",14日前,マイナビ転職
あさひ高速印刷株式会社,既卒歓迎／クリエイティブなルート営業／「自分の手がけた大手企業の制作物が街中に!」／有給取得しやすい,大阪府 大阪市 本町駅 徒歩10分,年収300万円～500万円,5日前,Re就活
藤本タイル株式会社,未経験OK タイル商社のルート営業,大阪府 泉南市 和泉砂川駅 徒歩18分,月給26万円～32万円,3時間前,マイナビ転職
株式会社PCCS,業界未経験OK!次世代の競技を世の中に広める!営業・事業企画,大阪府 東大阪市 布施駅 徒歩3分,月給22万円～35万円,7時間前,リクナビNEXT
東阪電子機器株式会社,新規開拓営業,大阪府 吹田市 江坂駅 徒歩10分,年収400万円～600万円,13日前,タイズ
株式会社長谷工リフォーム,インテリアリフォーム営業・プランナー 関西エリア勤務,大阪府 大阪市,月給21万円～,4時間前,リクナビNEXT
株式会社光岡自動車,残業ほぼ無し 制服支給／ショールームの営業事務／接客・受付,大阪府,月給18万円～25万円,3日前,リクナビNEXT
株式会社TOC,飛び込み&新規開拓なし 屋外広告やサインの営業・施工管理,大阪府 大阪市 西成区,"月給25万円～37万5,000円",3日前,リクナビNEXT
株式会社ナカムラ・マネージメントオフィス,医療系システムの提案営業／新規 賞与年2回 ノルマなし,大阪府 大阪市 四ツ橋駅 徒歩1分,月給28万円～34万円,3日前,リクナビNEXT
ジャパンマテリアル株式会社,未経験から専門商社で活躍! 営業,大阪府 吹田市,月給25万円～35万円,10日前,マイナビ転職
ナカザワ建販株式会社,営業アシスタント 未経験歓迎／賞与年2回／充実の福利厚生／年間休日115日／昨対比115%の成長企業,大阪府 和泉市 和泉中央駅 車10分,"月給23万5,290円～",20時間前,エン転職
小川電機株式会社,ルート営業 設立から59年黒字経営／年間休日124日／昨年度賞与実績5ヶ月分／毎年昇給実績あり,大阪府 大阪市 寺田町駅,月給22万円～30万円,公開していません,エン転職
株式会社ジェピック,ルート営業／努力が報われ 出した結果が正当に評価される,大阪府 大阪市 新深江駅 徒歩5分,月給20万円～35万円,3日前,リクナビNEXT
株式会社エムファースト,企画営業,大阪府 大阪市 本町駅,公開していません,6日前,クリーデンス
石原グループ株式会社,企画営業／リフォーム／地元寝屋川を盛り上げる建設系ベンチャー,大阪府 寝屋川市 寝屋川市駅 徒歩15分,月給24万円～,3日前,リクナビNEXT
株式会社オーティカ・インターナショナル,最先端の歯科矯正治療システムを扱う／新規開拓・ルート営業,大阪府 大阪市,月給12万円,14日前,リクナビNEXT
京セラインダストリアルツールズ販売株式会社,若手歓迎!電動工具など、京セラ商品のルート・提案営業,大阪府 東大阪市,"月給19万5,000円～28万5,000円",10日前,マイナビ転職
株式会社スマイル引越センター,未経験でも月給35万円以上 反響営業・引越ドライバー,大阪府 茨木市,月給35万円～,3日前,リクナビNEXT
蝶屋物産株式会社,人気アニメ商品の企画にも携われる!キーホルダーパーツの営業,大阪府 大阪市 南巽駅 徒歩9分,月給25万円～,3日前,リクナビNEXT
ミカタ株式会社,営業事務 営業を管理!サポート!時に指示!そんな営業事務という名の司令塔を求めてます。基本土日祝休み,大阪府 大阪市 平野駅 徒歩3分,月給23万円～,7日前,エン転職
奥村機械株式会社,配車や接客などのフロント職／内勤営業,大阪府 大阪市 此花区,"月給21万7,200円～30万円",3日前,リクナビNEXT
株式会社テクノスジャパン,医療・福祉機器の提案営業 離床センサー分野のトップクラス 住宅手当など福利厚生充実,大阪府 大阪市 新大阪駅 徒歩10分,"月給19万6,000円～",7日前,エン転職
株式会社ヒロ・スタッフエージェンシー,人材営業 育児応援企業／月給25万円／残業無／年休114日,大阪府 大阪市 淡路駅 徒歩1分,月給25万円～,3日前,リクナビNEXT
日動工業株式会社,営業／イオングループ等大手取引多数 月30～70万 未経験可,大阪府 東大阪市 長田駅 徒歩5分,月給30万円～70万円,3日前,リクナビNEXT
株式会社エヌ・ケイ・クリエイト,提案営業 週休2日制／転勤なし／未経験OK／20〜30代活躍中,大阪府 大阪市 北区,年収330万円～450万円,1日前,かんたん応募
株式会社丸正フーズ,ワークライフバランス 量販店、外食産業などへ食肉製品の営業,大阪府 大阪市 平林駅 徒歩10分,月給21万円～27万円,3日前,リクナビNEXT
マナトレーディング株式会社,本物の商品で仲間と空間を作るインテリア営業 業界未経験歓迎,大阪府 大阪市 本町駅 徒歩5分,月給22万円～35万円,3日前,リクナビNEXT
株式会社ワークステーション,20～30代活躍中 医療現場と人財を繋ぐ／人材派遣・紹介営業,大阪府 大阪市 本町駅 徒歩2分,月給24万円～,3日前,リクナビNEXT
株式会社マイスター引越センター,営業事務・オペレータ 経験者歓迎、ブランク可、完全週休2日,大阪府 茨木市 沢良宜駅,月給18万円～25万円,3日前,リクナビNEXT
カネヨウ株式会社,企画営業 繊維専門商社 残業月平均8H ワークライフバランスばっちり,大阪府 大阪市 本町駅,月給20万円～,20時間前,エン転職
イワタニ近畿株式会社,ルート営業 残業月10h程!20～30代活躍中,大阪府 吹田市 江坂駅 徒歩9分,"月給20万6,000円～28万1,000円",32分前,マイナビ転職
株式会社TRACT,未経験歓迎 不動産営業・サポート,大阪府 大阪市 心斎橋駅 徒歩5分,月給23万円～,3日前,リクナビNEXT
株式会社千空,トレンドの韓国コスメを扱う営業・幹部候補,大阪府 東大阪市 長田駅 徒歩8分,月給26万円～50万円,1日前,リクナビNEXT
ゼンノ株式会社,100年企業の安定!20・30代がグローバルに活躍 営業,大阪府 大阪市 肥後橋駅 徒歩3分,月給23万円～,3日前,リクナビNEXT
株式会社シグナル,駅直結!スカイオ勤務／長期連休あり／土日祝休み 提案営業,大阪府 大阪市 なんば駅,"月給20万8,000円～",3日前,リクナビNEXT
株式会社アレグロマジック,幅広い案件!Webサイトの提案営業 年休125日 土日祝休,大阪府 大阪市 中央区,月給30万円,3日前,リクナビNEXT
日本通信機器株式会社,月収35万以上可／若手・子育て世代応援／時間とお金両立!営業,大阪府 大阪市 なんば駅 徒歩10分,"月給20万4,000円～",4時間前,リクナビNEXT
有限会社兼又商店,堺市から新たなアメニティグッズを発信する 営業・商品企画,大阪府 堺市 美原区,月給20万円～22万円,3日前,リクナビNEXT
泉鋼管工事株式会社,営業 業界未経験者歓迎,大阪府,年収300万円～500万円,22日前,Aidem Smart Agent 転職
株式会社建設システム,年休123日／安定の高収入可能／業界シェアトップクラス／営業,大阪府 吹田市 江坂駅,月給24万円,7日前,リクナビNEXT
パーソルエクセルHRパートナーズ株式会社キャリア...,セールスエンジニア営業,大阪府 茨木市 茨木市駅 徒歩15分                                                                                                                                                                その他 (7),"時給1,700円～1,800円",7日前,かんたん応募
株式会社レックホーム,未経験歓迎 月給25万円～ 飛び込みもノルマもなし 営業,大阪府 大東市 住道駅 徒歩11分,月給35万円,3日前,リクナビNEXT
株式会社パルテック,半導体製品の法人営業 年間休日127日 世界トップクラス製品を取り扱う商社,大阪府 吹田市 江坂駅 徒歩5分,"月給23万3,600円～",3日前,エン転職
茨木精機株式会社,食に欠かせない機械の営業 残業代100%支給／完全週休2日,大阪府 茨木市 茨木駅 徒歩10分,"月給19万4,000円～24万円",13日前,リクナビNEXT
木村工機株式会社,納入実績多数!オーダーメイドの提案ができる 空調設備の営業,大阪府 大阪市 谷町六丁目駅 徒歩5分,月給25万円～,3日前,リクナビNEXT
総合医療サービス株式会社,検査で医療を支える当社の営業事務 完全週休2日,大阪府 大阪市 鶴橋駅 徒歩5分,"月給21万5,400円～26万300円",4時間前,リクナビNEXT
株式会社データ・ファー・イースト社,バックオフィスを支えるアウトソーシングの営業,大阪府 大阪市 北新地駅 徒歩1分,月給28万円～,10日前,マイナビ転職
ミハマ企画株式会社,未経験から不動産のプロに!ルート営業・土地活用の営業職,大阪府 枚方市 牧野駅 徒歩3分,月給30万円～,3日前,リクナビNEXT
弘栄貿易株式会社,賞与4.5ヶ月分 完全週休2日 スキルを活かせる 営業事務,大阪府 大阪市 西梅田駅 徒歩3分,"月給19万4,500円～27万2,000円",2日前,リクナビNEXT
株式会社ドリーム,卸営業,大阪府 大阪市 天満橋駅,公開していません,2日前,クリーデンス
株式会社カンプリ,紙だけじゃない!幟やグッズなど幅広い印刷物の営業 未経験歓迎,大阪府 高槻市 高槻市駅 徒歩2分,"月給20万6,720円～",3日前,リクナビNEXT
スターワークスグループ,未経験から会社のトップへ 人材営業,大阪府 大阪市 大阪駅 徒歩3分,年収400万円～650万円,2日前,リクナビNEXT
株式会社T-rosso,コスト削減等オフィスソリューションの法人向け営業,大阪府 大阪市 長堀橋駅 徒歩4分,月給30万円～45万円,1日前,リクナビNEXT
株式会社IMIC,過去5年間離職者無しの営業職,大阪府,年収300万円～380万円,12日前,Spring転職エージェント
株式会社ヨネイ,建設機械のルート営業 三菱商事グループ 直行直帰メイン 残業月平均10h 年休124日,大阪府 大阪市 淀屋橋駅 徒歩6分,"月給24万4,000円",24日前,エン転職
オリップ株式会社,各種精密部品のルート営業,大阪府 大阪市 西田辺駅 徒歩8分,"月給19万円～25万5,000円",1時間前,オリップ株式会社
株式会社デューデリ&ディール,不動産コンサルティング営業 オークション手法などを活用した仲介 土日祝休み／年休123日,大阪府 大阪市 南森町駅 徒歩6分,年収400万円～,14日前,エン転職
株式会社忍,トラック運転手及び配送に伴う営業,大阪府 枚方市,月給26万円～40万円,13時間前,株式会社忍
株式会社コスモビューティー,化粧品OEMメーカー営業事務／一般事務 長く活躍する女性多数,大阪府 大阪市 谷町四丁目駅 徒歩1分,"月給19万7,950円～24万790円",2日前,リクナビNEXT
TPR商事株式会社,自動車部品メーカーの法人営業 20～30代活躍中,大阪府 大阪市 淀屋橋駅 徒歩5分,"月給21万6,000円～",2時間前,マイナビ転職
株式会社コスモ不動産情報,年休123 土日休 倉庫・事業用地等の賃貸・売買／不動産営業,大阪府 大阪市 大正区,年収460万円,3日前,リクナビNEXT
シスメックスCNA株式会社,医療システム営業,大阪府 大阪市 谷町四丁目駅 徒歩5分,年収390万円～580万円,3日前,U29JOB
オリエント住宅販売株式会社,完全反響型の不動産の売買営業,大阪府 堺市 堺駅                                                                                                                                                                その他 (2),月給20万円～35万円,1時間前,オリエント住宅販売株式会社
株式会社ブルーハイウェイエクスプレス九州,未経験OK／年休120日／残業少なめ／賞与毎年支給 物流管理・営業,大阪府 大阪市 住之江区,月給20万円～,31分前,マイナビ転職
日本駐車場メンテナンス株式会社,営業アシスタント 未経験歓迎! 残業月20時間以内,大阪府 大阪市 中央区,月給21万円～25万円,10日前,エン転職
いすゞリーシングサービス株式会社,業界未経験歓迎 法人営業ポジション,大阪府,年収384万円～688万円,16日前,Spring転職エージェント
都インキ株式会社,新規開拓なし 自社インク技術で地球環境に貢献する 企画営業,大阪府 大阪市 放出駅 徒歩11分,"月給22万円～28万5,000円",3日前,リクナビNEXT
福山通運株式会社,フォワーダー営業スタッフ／福山通運グローバル株式会社 大阪本社,大阪府 大阪市 中央区,月給25万円～,5時間前,福山通運株式会社
パナソニック インダストリー株式会社,車載リレー、EV車用リレーの技術営業,大阪府,"年収500万円～1,000万円",28日前,日経転職版
朝日給食株式会社,お弁当の導入営業／新規開拓 月給22万円～ 年齢不問,大阪府 大阪市 西淀川区,月給22万円～28万円,3日前,リクナビNEXT
大阪ガスマーケティング株式会社,企画営業職,大阪府 大阪市 中央区,年収350万円～450万円,10時間前,建設転職ナビ
小川順株式会社,営業事務 女性活躍中!定時上がりが基本!子育て世代応援,大阪府 大阪市 福島区,月給22万円～,3日前,リクナビNEXT
大島印刷株式会社,月25万～ じっくりとお客様に寄り添える／印刷物のルート営業,大阪府 大阪市 西九条駅 徒歩6分,月給36万円,4時間前,リクナビNEXT
トランスコスモスパートナーズ株式会社,ノルマなしで安心 法人向けの提案営業／残業少なめ,大阪府 大阪市 新大阪駅 徒歩5分,月給27万円～,22時間前,タウンワーク
株式会社OMDキャリアネット 大ガス営業,営業・企画営業・ラウンダー,大阪府 大阪市 肥後橋駅 徒歩3分,"時給1,450円～",1日前,はたらこねっと
株式会社城東製作所,専門メーカーの提案営業,大阪府 大阪市 横堤駅 徒歩3分,"月給22万8,900円～27万4,450円",11日前,マイナビ転職
株式会社カワタ,プラスチック等の加工機器や合理化機器システムの技術営業,大阪府 大阪市 西成区,"月給21万3,000円～27万6,000円",6日前,リクナビNEXT
株式会社コスモ・エス・ピー,大手と取引多数 企画営業・販売促進,大阪府 大阪市 東三国駅 徒歩2分,月給20万円～30万円,4日前,はたらいく
株式会社Waplus1,「業界最高水準の給与制度!」総合営業職・全国エリア募集中,大阪府 大阪市 西成区                                                                                                                                                                その他 (33),月給19万円～120万円,3日前,株式会社Waplus 大阪本社1
株式会社マコメ研究所,提案営業職 第二新卒歓迎!完全週休二日制でプライベートも充実,大阪府 大阪市 淀川区,"月給20万2,800円～26万9,000円",4時間前,リクナビNEXT
ダイワ光芸株式会社,ルート営業 未経験から知識やスキルを積み上げられる製版営業,大阪府 大阪市 谷町六丁目駅 徒歩7分,月給24万円～,3日前,リクナビNEXT
株式会社Keishin,提案営業 未経験応援・土日祝休,大阪府 大阪市 堺筋本町駅 徒歩1分,月給25万円～35万円,17時間前,株式会社Keishin
エスエヌ環境テクノロジー株式会社,営業,大阪府 大阪市 西九条駅 徒歩6分,年収450万円～700万円,8日前,タイズ
株式会社フリーテック,大手クライアントへ深耕提案を行う ルート営業 業界未経験OK,大阪府 大阪市 寺田町駅 徒歩8分,月給22万円～,18日前,マイナビ転職
株式会社オプテージ,法人企業向けITサービス営業職,大阪府 大阪市 京橋駅,年収400万円～800万円,8日前,doda
株式会社タクミナ,ポンプの海外営業 年間休日126日 ポンプ業界のリーディングカンパニー,大阪府 大阪市 北浜駅 徒歩5分,"月給26万7,000円",14日前,エン転職
株式会社システムデバイステクノロジー,営業未経験OK 正社員前提 アパレル／インテリアブランド営業,大阪府 大阪市 心斎橋駅 徒歩5分,年収350万円～550万円,11日前,エン派遣
株式会社SALTO,ITに関する知識・経験不問! エンジニアと企業を繋ぐIT営業,大阪府 大阪市 肥後橋駅 徒歩5分,月給23万円～50万円,3日前,リクナビNEXT
京阪鋼材株式会社,ルート営業,大阪府 交野市 交野市駅 徒歩19分,月給20万円～23万円,13日前,マイナビ転職
リンクサス株式会社,メーカー×商社の強みを活かす／営業管理職 月給30万円～,大阪府 大阪市 中央区,月給30万円～,1日前,リクナビNEXT
吉村油化学株式会社,ルート営業 残業ほぼゼロ／昨年度賞与3.6ヶ月／直近10年の定着率100%／創業100年の老舗企業,大阪府 大阪市 三国駅 徒歩10分,"月給23万6,000円～30万円",10日前,エン転職
株式会社中村超硬,営業,大阪府 堺市 鳳駅 徒歩15分,年収400万円～500万円,3日前,U29JOB
株式会社京石,飛び込み・テレアポなし 墓地・墓石のコンサルタント 営業,大阪府 高槻市 高槻駅 徒歩10分,月給20万円～,3日前,リクナビNEXT
株式会社共進電機製作所,30代40代活躍中!電源装置の企画・提案営業 将来の幹部候補,大阪府 大阪市 神崎川駅 徒歩10分,月給30万円～35万円,3日前,リクナビNEXT
セキスイハイム不動産株式会社,提案型のスタイルで賃貸経営をサポート!営業／年休120日以上,大阪府 大阪市 日本橋駅 徒歩1分,"月給21万2,000円～30万円",3日前,リクナビNEXT
株式会社ビジネス・インフォメイション・トレイディ...,ワークライフバランスも抜群! 営業事務 ほぼ定時退社,大阪府 茨木市 茨木駅 徒歩5分,月給23万円～,1時間前,マイナビ転職
JX金属商事株式会社,ENEOSグループ／法人営業／平均残業10時間,大阪府 大阪市 渡辺橋駅 徒歩5分,年収550万円～600万円,6日前,日経転職版
株式会社クボタ建機ジャパン,ルート営業 世界的なシェアを誇る上場企業「クボタ」のグループ／賞与5.6ヶ月分,大阪府 和泉市,月給21万円～,11日前,エン転職
株式会社アースインフィニティ,未経験歓迎!上場企業の営業完全週休2日制／年休123日,大阪府 大阪市 大阪駅,月給23万円～30万円,7日前,マイナビ転職
株式会社アクセル,トレンドを予測しヒットメーカーに! バラエティグッズ等の営業,大阪府 大阪市 本町駅 徒歩6分,月給30万円～,3日前,リクナビNEXT
ARアドバンストテクノロジ株式会社,IT人材コンサル・ソリューション提案営業／リーダー・マネージャー候補,大阪府 大阪市 西梅田駅 徒歩5分,年収450万円～650万円,3時間前,CREATIVE JOB
株式会社I&I,法人営業 年収600万円目指せます!コスト削減に貢献,大阪府 大阪市 四ツ橋駅 徒歩1分,月給30万円～,21日前,マイナビ転職
株式会社インプレイス,じっくり関係性を築き、しっかりインセンで稼ぐ不動産営業,大阪府 大阪市 大阪天満宮駅 徒歩5分,月給33万円～,3日前,リクナビNEXT
株式会社求人センター,内勤営業 半年後に正社員登用実績率100,大阪府 大阪市 西中島南方駅,月給21万円,3日前,リクナビNEXT
大栄建材株式会社,営業～製造のみならず、販売・施工・メンテナンスまで行っている全国でも数少ない総合建具メーカー～,大阪府,"月給17万7,500円～33万7,500円",2日前,マイナビ転職エージェントサーチ
株式会社関西広告社,"年収1,000万円超を目指せる 企画営業 意欲・やる気重視の採用",大阪府 堺市,"月給22万5,000円～30万円",10日前,マイナビ転職
株式会社キャリアバンク,ルート営業&法人営業のみ!大手電気メーカ同士をつなぐお仕事,大阪府 大阪市 西梅田駅 徒歩8分,"時給1,500円～1,700円",4日前,エン派遣
ベルサンテスタッフ株式会社,東三国駅より徒歩7分 保育業界に特化した企画営業職を募集中!／大0037-1,大阪府 大阪市 東三国駅 徒歩7分,月給22万円～26万円,23時間前,かんたん応募
京阪空調工業株式会社,提案・企画営業／資格取得支援制度,大阪府 大阪市,年収300万円～420万円,7時間前,建設転職ナビ
株式会社日本ヴェルテック,営業 未経験歓迎!投資用マンションを提案／月給27万円～／平均年収700～900万円／残業ほぼなし,大阪府 大阪市 中津駅 徒歩1分,月給27万円,10日前,エン転職
株式会社CHU-PA,エコ素材に特化した商品等の法人向け企画提案営業 年休126日／土日祝休／賞与年2回,大阪府 八尾市 久宝寺口駅 徒歩4分,月給28万円～35万円,3日前,エン転職
株式会社サザック,商品・営業企画 有名アニメ・マンガキャラの商品企画・製造,大阪府 大阪市 中央区,月給25万円～,3日前,リクナビNEXT
鈴木油脂工業株式会社,業界内で圧倒的知名度 大手商社に対し業務用洗剤等のルート営業,大阪府 大阪市 下新庄駅 徒歩6分,月給21万円～25万円,3日前,リクナビNEXT
株式会社Cullinan,リサイクルを通じて社会貢献を実感しませんか?未経験OK／営業職 不用品買取スタッフ,大阪府 大阪市 阿波座駅 徒歩2分,月給25万円～,9日前,かんたん応募
株式会社エアーテック,大手ゼネコンの受注多数 特許技術の工事営業,大阪府 大阪市 津守駅 徒歩3分,月給30万円～,3日前,リクナビNEXT
株式会社アモロス,未経験から活躍できる環境機器メーカーの法人営業,大阪府 大阪市 玉川駅 徒歩3分,月給30万円,1時間前,株式会社アモロス
株式会社全音楽譜出版社,設立91年 楽器店へのルート営業／販促 業界経験不問,大阪府,"月給20万5,000円～",3時間前,リクナビNEXT
阪和興業株式会社,営業 月平均残業15時間でほとんどなし,大阪府 大阪市 淀屋橋駅 徒歩3分,月給27万円～,17日前,エン転職
株式会社ラヴェリオリンクスタッフ,直行直帰体制 自動車・航空機部品製造会社でのルート営業,大阪府 豊中市,月給22万円～40万円,8時間前,株式会社ラヴェリオリンクスタッフ
株式会社紀陽銀行,銀行での法人営業・リテール営業の募集／営業ご経験者 研修制度充実,大阪府,"月給20万5,000円～58万8,000円",24日前,日経転職版
株式会社サクセス,業務ソフトウェア反響営業 未経験者歓迎 30～40代活躍中,大阪府 大阪市 中央区,"月給24万5,000円～32万円",14日前,リクナビNEXT
株式会社ホワイトマックス,企画営業職,大阪府,年収300万円～330万円,16日前,Aidem Smart Agent 転職
池伝株式会社,洋菓子材料のルート営業 既存顧客メインで新規ほぼなし,大阪府 豊中市 庄内駅 徒歩15分,"月給22万1,800円～30万4,600円",3日前,リクナビNEXT
株式会社ユニオンプレート,既卒歓迎／ルート営業／業界トップクラスの生産高・売上高を誇るものづくり支援企業,大阪府 東大阪市,年収350万円～400万円,1日前,Re就活
株式会社シュテルン天王寺,未経験可・ノルマなし メルセデス・ベンツ正規販売店の反響営業,大阪府 大阪市 天王寺区,"月給20万3,000円～32万円",1日前,リクナビNEXT
リコハウス株式会社,リフォームの営業・営業企画,大阪府 大阪市 南森町駅 徒歩6分,月給18万円～25万円,3日前,リクナビNEXT
中津事務所,営業を通じてスキルアップしたい、評価に応じて昇給が欲しい、スピード感を持って出世したい方,大阪府 大阪市 中津駅 徒歩1分,月給18万円～48万円,6日前,中津事務所
スリーボンドアーベル近畿株式会社,昨年賞与実績160万円!専門商社のルート営業 未経験歓迎,大阪府 東大阪市 長田駅 徒歩6分,月給20万円～30万円,2日前,マイナビ転職
株式会社星医療酸器,多くの命をつなげる在宅専門医療機器の営業昇給・賞与あり,大阪府 交野市,月給22万円～30万円,3日前,リクナビNEXT
株式会社ウィーブ,完全週休2日制 若手活躍中!企画営業・人材コーディネーター,大阪府 大阪市 大阪天満宮駅 徒歩3分,月給24万円～,3日前,リクナビNEXT
株式会社タイムリー,人と広告で企業の課題を解決する／企画営業・マーケティング,大阪府 大阪市,"月給20万5,000円～25万5,000円",21日前,リクナビNEXT
株式会社チャイルド社,年休121日 幼稚園や保育園へのルート営業,大阪府 門真市 門真南駅 徒歩10分,"月給20万2,520円～27万円",14日前,マイナビ転職
大阪塗料工業株式会社,塗料メーカーのルート営業 昨年度賞与3.5ヶ月 残業少なめ,大阪府 大阪市 新森古市駅 徒歩4分,月給21万円～,4時間前,リクナビNEXT
株式会社マリアスタッフ,大阪ガス電力営業,大阪府 岸和田市 久米田駅 徒歩5分,月給26万円～,7日前,かんたん応募
株式会社イワイ,戸建住宅向け建築資材営業職,大阪府 高槻市 高槻駅,月給21万円～37万円,1日前,U29JOB
大和建物株式会社,未経験歓迎!完全週休2日制・オフ充実 完全反響・不動産営業,大阪府 堺市 三国ケ丘駅 徒歩5分,月給25万円～50万円,3日前,リクナビNEXT
ウメタニ商事株式会社,39歳以下面接確約／既存顧客相手のアクリル板などの提案営業,大阪府 堺市 北花田駅 徒歩7分,月給22万円～,3日前,リクナビNEXT
株式会社西塚商店,地道にコツコツ!心を通わす営業 新規はご紹介が中心 土日休み,大阪府 東大阪市 長田駅 徒歩12分,"月給27万3,000円～",3日前,リクナビNEXT
三栄源エフ・エフ・アイ株式会社,海外営業 食品添加物を製造する老舗企業／賞与昨年実績6.2ヶ月／海外転勤のチャンスあり,大阪府 豊中市 庄内駅 徒歩10分,月給25万円～,20時間前,エン転職
日祐株式会社,大手グループの担当として関係を深めていく ルート営業・販促,大阪府 大阪市 北区,月給25万円～30万円,3日前,リクナビNEXT
株式会社雪国まいたけ,法人営業,大阪府 大阪市 新大阪駅,年収366万円～515万円,8日前,doda
株式会社Infirst,月収100万以上可!社長直下で営業を学べる大手通信キャリアの新規開拓営業,大阪府 大阪市 梅田駅 徒歩10分,月給20万円～150万円,1日前,かんたん応募
株式会社リクルーティング・デザイン,自分の価値をみつける!求人広告の企画営業 年間休日124日,大阪府 大阪市 新大阪駅 徒歩2分,"月給26万2,400円～",3日前,リクナビNEXT
KCC商事株式会社,"""おしぼり""で有名な商社兼メーカーでの企画営業",大阪府 大阪市 平野駅 徒歩2分,月給25万円～35万円,11日前,はたらいく
株式会社森本教材,30歳以下面接確約 小中高校向け教材屋さんでの営業事務,大阪府 大阪市 森小路駅 徒歩5分,"月給21万9,500円",3日前,リクナビNEXT
本多通信工業株式会社,営業,大阪府,月給30万円～38万円,14日前,日経転職版
三徳エネルギー株式会社,石油製品の法人向けルート営業,大阪府 大阪市 神崎川駅,"月給24万4,000円～",3日前,リクナビNEXT
株式会社GUFU PARTS,海外駐在営業 英語と中国語のスキルを活かして世界で活躍できる,大阪府 大阪市 谷町九丁目駅 徒歩1分,月給20万円～30万円,2日前,リクナビNEXT
前川株式会社,年間休日120日 マットなどレンタル用品を配送するルート営業,大阪府 東大阪市,"月給18万5,200円～",3日前,リクナビNEXT
大阪銘板株式会社,営業,大阪府 東大阪市 長田駅 徒歩12分,年収300万円～450万円,13日前,タイズ
ハイアールジャパンセールス株式会社,家電製品の提案営業／量販店等向け本部商談,大阪府 大阪市 新大阪駅,年収420万円～600万円,15時間前,doda
株式会社エージェンテック,営業 :シェアNo.1 自社プロダクトのソリューション営業リーダー,大阪府 大阪市 本町駅 徒歩4分,年収450万円～649万円,1日前,en ミドルの転職
株式会社カムテイ,月給25万～ ママさんも営業リーダーとして活躍 人材紹介営業,大阪府 大阪市 肥後橋駅 徒歩3分,月給25万円～35万円,3日前,リクナビNEXT
株式会社小林塗料産業,未経験歓迎 月24万‾ 建築用塗料のルート営業 名古屋・大阪,大阪府 大阪市 西大橋駅,月給24万円～33万円,3日前,リクナビNEXT
三栄食品株式会社,老舗食品メーカーのルート配送・営業 週休2日制,大阪府 吹田市 吹田駅 徒歩15分,"月給22万3,950円～",4時間前,リクナビNEXT
広貫堂河上薬品グループ株式会社,未経験歓迎／20代・30代活躍中!9か月かけ育てるルート営業,大阪府 貝塚市,月給25万円～35万円,23日前,リクナビNEXT
AGC硝子建材株式会社,大阪／神戸／和歌山募集!サッシ・硝子・建材等の販売営業,大阪府 大阪市 野田阪神駅 徒歩9分,"月給18万7,100円～22万3,200円",3日前,リクナビNEXT
TIPcomposite株式会社,営業事務,大阪府 摂津市,月給20万円～26万円,12時間前,U29JOB
株式会社冨士精密,フィッシングブランド「PREDGE」の提案営業／PR活動,大阪府 豊中市 服部天神駅 徒歩20分,月給23万円,4時間前,リクナビNEXT
株式会社スマートグリッド,平均月収40万円 成約率80% 未経験歓迎! 営業,大阪府 吹田市 江坂駅 徒歩3分,月給25万円～,3日前,リクナビNEXT
株式会社日本医学臨床検査研究所 堺営業拠点,医療機関へ臨床検査の提案営業,大阪府 堺市 津久野駅 徒歩8分,月給22万円～,7日前,株式会社日本医学臨床検査研究所 堺営業拠点
日下部機械株式会社,中国語ビジネスレベルな方! 中国調達・輸入国内営業・貿易実務,大阪府 豊中市 緑地公園駅 徒歩3分,月給22万円～30万円,3日前,リクナビNEXT
株式会社バイオシルバー,法人営業,大阪府 大阪市 中央区,年収300万円～480万円,19時間前,doda
株式会社エヌ・ジェイ・ハイ・テック,土日祝休み・年休126日 既存取引先のフォロー中心 法人営業,大阪府 大阪市 本町駅 徒歩3分,"月給21万7,400円～",1日前,リクナビNEXT
チャネルオリジナル株式会社,自然素材を中心とした自社製建築資材の提案営業 年休129日,大阪府 大阪市 北区,月給20万円～,7日前,リクナビNEXT
日本メディシス株式会社,大手民間メディアの広報営業残業一切なし 完全週休2日制,大阪府 大阪市 堺筋本町駅 徒歩4分,月給25万円～50万円,6日前,マイナビ転職
株式会社mobility,不動産営業 平均月収60万円～70万円／反響型営業／知名度抜群「ハウスドゥ」が勤務先,大阪府 大阪市 三国駅 徒歩1分,月給25万円～,20時間前,エン転職
株式会社加登,CMでおなじみ「加登」でお墓の提案営業・接客 30代活躍中,大阪府 大阪市,"月給26万1,780円～",1日前,リクナビNEXT
株式会社淀川金属,データ入力、タイピング、営業事務、営業アシスタント,大阪府 大阪市 鶴見緑地駅 車6分,"時給1,050円",5日前,バイトル
アルインコ株式会社,仮設機材レンタルの法人営業 8割既存顧客 未経験OK,大阪府 泉佐野市,"月給25万300円～30万2,900円",21日前,マイナビ転職
UT エフサス・クリエ株式会社,特定顧客 向け営業 富士通子会社 週2在宅有,大阪府 大阪市 大阪ビジネスパーク駅,"時給1,500円～1,800円",15日前,エン派遣
日本電気機器株式会社,完全週休2日／土日祝 日立グループで活躍 営業事務,大阪府 大阪市 中津駅 徒歩5分,月給18万円～,1時間前,マイナビ転職
三菱鉛筆関西販売株式会社,三菱鉛筆製品の法人営業 未経験の方歓迎! 残業は月平均15H以下! 賞与5ヶ月以上,大阪府 大阪市 四ツ橋駅 徒歩3分,"月給20万7,000円～22万円",10日前,エン転職
株式会社アークコア,買取営業 完全反響営業 ノルマなし 直行直帰可 週休2日,大阪府 吹田市,月給28万円,10日前,マイナビ転職
株式会社TKF,ITソリューション営業 育成環境が充実 20代男女多数活躍,大阪府 大阪市 本町駅 徒歩4分,月給25万円～,3日前,リクナビNEXT
パナソニック コネクト株式会社,グローバル営業,大阪府 豊中市,年収550万円～750万円,11日前,日経転職版
株式会社エスエスプロバイド,反響営業／お問合せ対応～顧客管理／未経験歓迎・WEB面接OK,大阪府 大阪市 中央区,月給23万円～30万円,9日前,doda
東洋産業株式会社,専門商社の営業 高水準の賞与あり 転勤なし,大阪府 大阪市 大正区,月給23万円～,7日前,マイナビ転職
株式会社オープンハウス・アーキテクト,年収1000万円が身近になる法人営業／注文住宅プランナー,大阪府 大阪市,月給24万円～80万円,7日前,リクナビNEXT
日機株式会社,海外営業 産業用LED照明でシェアトップクラス 土日祝休／賞与年2回／年間休日125日,大阪府 大阪市 阿波座駅 徒歩7分,月給30万円～60万円,10日前,エン転職
原口機工株式会社,未経験の方歓迎!機械商社のルート営業土日休み／既存企業90%,大阪府 和泉市 和泉府中駅,月給22万円～35万円,1日前,マイナビ転職
株式会社メディアハウスホールディングス,法人営業,大阪府 大阪市 北区,年収345万円～578万円,3日前,かんたん応募
ナルラ有限会社,土日祝休み 年間休日130日 未経験OK! ルート営業,大阪府 大阪市 堺筋本町駅 徒歩3分,年収300万円～600万円,3日前,リクナビNEXT
タイガー魔法瓶株式会社,TIGERブランドの海外営業 創業約100年の老舗生活用品メーカー,大阪府 門真市 古川橋駅 徒歩6分,"月給22万6,600円～",7日前,エン転職
株式会社フィールドワーク,ファッションウォッチ・雑貨の営業・商品企画 月給24万円以上,大阪府 大阪市 長堀橋駅 徒歩4分,月給24万円～,3日前,リクナビNEXT
日本セーフティー株式会社,提案営業 完全週休2日／目指すは上場／安心のフォロー体制／未経験歓迎,大阪府 大阪市 北区,月給25万円～,7日前,エン転職
美州興産株式会社,塗装材・舗装材の法人営業 賞与4.4ヶ月・完全土日休み,大阪府 吹田市,月給20万円～26万円,公開していません,マイナビ転職
日本プリシジョンバルブ株式会社,スプレー缶部品「エアゾールバルブ」の営業／課長候補 土日祝休,大阪府 大阪市,"月給35万4,000円～45万4,000円",14日前,リクナビNEXT
株式会社ウイルエー,美容商品の営業 未経験OK,大阪府 大阪市 本町駅 徒歩4分,"月給22万5,000円～25万5,000円",3日前,リクナビNEXT
ポップリベット・ファスナー株式会社,法人営業／国内70%の売上シェア!物と物を繋ぐ「締結部品」を取り扱う、大手グローバル企業,大阪府 大阪市 中央区,年収300万円～450万円,15時間前,Re就活
株式会社角丸,既存顧客へYKK AP・LIXIL等のサッシ・エクステリアのルート営業,大阪府 富田林市 川西駅 徒歩10分,月給21万円～38万円,13時間前,株式会社角丸
生和不動産保証株式会社,生和直営店舗 自社設計施工・管理物件の賃貸仲介営業 週休2日,大阪府 大阪市 福島区,月給25万円～35万円,2日前,リクナビNEXT
フィールド・クラブ株式会社,仙台・東京で積極採用 建物の印象を決める!看板などの企画営業,大阪府 堺市,月給20万円～35万円,7日前,リクナビNEXT
株式会社内野宮電設,電気工事士／営業,大阪府 東大阪市,"日給1万円～1万8,000円",1日前,職人スタイル
株式会社DSB情報システム,システム営業職,大阪府 大阪市 北区,年収500万円～850万円,8日前,日経転職版
株式会社サーバントップ,既存顧客への営業／月給35万円以上／未経験でも成約率80%,大阪府 大阪市 東梅田駅 徒歩1分,月給35万円～50万円,6日前,doda
大鋼産業株式会社,営業職,大阪府 大阪市 本町駅 徒歩5分,年収350万円～600万円,8日前,U29JOB
株式会社グッドホームサービス,入社1年目で年収400万円可 100%完全反響／不動産営業,大阪府 守口市 守口駅 徒歩2分,月給20万円～70万円,3日前,リクナビNEXT
株式会社フレッシュ青果,健康経営優良法人2022 野菜・果物のルート営業,大阪府 大阪市 西成区,"月給33万7,000円～",10日前,マイナビ転職
不動産プロ株式会社,空いた時間に不動産営業,大阪府,公開していません,3日前,かんたん応募
永信国際株式会社,人材の企画提案営業,大阪府 大阪市 恵美須町駅 徒歩4分,月給25万円～35万円,3日前,リクナビNEXT
株式会社レンタル・パーク,アシスタントから始める賃貸営業 未経験・第二新卒応援,大阪府 大阪市 淀川区,月給23万円～,3日前,リクナビNEXT
タイキ薬品工業株式会社,営業 未経験歓迎 20代・30代活躍中 化学の知識は不問,大阪府 大阪市 新大阪駅 徒歩3分,月給21万円～,3日前,リクナビNEXT
株式会社エクスプレス・エージェント,経験・学歴不問 企業と人材を繋ぐ営業／新規営業・人材サポート,大阪府 大阪市 北区,"月給24万円～27万5,000円",20日前,リクナビNEXT
シャープマーケティングジャパン株式会社,ビジネスソリューション営業 年間休日125日 基本土日祝休み,大阪府,"月給23万1,500円～",20日前,リクナビNEXT
株式会社タグチ工業,既存顧客メインのメーカー営業 年休120日／勤務地確約,大阪府 門真市,"月給24万5,000円～",1時間前,マイナビ転職
株式会社グリーンビルド,営業 転勤なし 未経験歓迎 賞与年2回,大阪府 堺市 上野芝駅 車5分,月給21万円～28万円,14日前,エン転職
株式会社タウ,法人営業 ”売らない営業”として活躍,大阪府,"月給29万2,000円～40万円",公開していません,エン転職
株式会社センチュリー21・ジャパン,不動産売買営業スタッフ／センチュリー21 関西不動産情報センター,大阪府 枚方市 枚方市駅 徒歩2分,月給22万円～25万円,13日前,株式会社センチュリー21・ジャパン
株式会社ミルク,営業,大阪府 大阪市 長堀橋駅,公開していません,2日前,クリーデンス
株式会社マーケティング・コア,明治など有名食品メーカーの店頭SPを担当 企画営業,大阪府 大阪市 北区,月給29万円～40万円,2時間前,マイナビ転職
株式会社創,注文住宅のご提案 反響営業 残業少なめ 未経験歓迎,大阪府 泉佐野市 羽倉崎駅 徒歩3分,月給19万円～24万円,3日前,リクナビNEXT
株式会社誠鋼社,トップアスリートや美容家も大注目!フィジオ・美容機器営業企画,大阪府 大阪市 本町駅 徒歩1分,月給25万円～,14日前,リクナビNEXT
株式会社コープ環境サービス,未経験歓迎!ルートメインの営業職,大阪府,"月給18万7,000円～25万円",4時間前,リクナビNEXT
丸紅メタル株式会社,営業職 丸紅グループ 大阪勤務 年休122日 土日祝休,大阪府 大阪市 大江橋駅 徒歩2分,"月給23万円～36万5,000円",3日前,リクナビNEXT
株式会社ホーミングコーポレーション ミニミニFC...,不動産賃貸の営業事務／営業 転勤・ノルマなし 未経験歓迎,大阪府 泉佐野市 泉佐野駅 徒歩1分,月給23万円～35万円,3日前,リクナビNEXT
日本情報クリエイト株式会社,カスタマーコンサルタント／営業・プリセール 若手社員が活躍中,大阪府 大阪市,月給24万円～42万円,21日前,リクナビNEXT
株式会社AVANTIA,戸建住宅の営業プレイングマネージャー,大阪府 吹田市,年収550万円～800万円,1日前,en ミドルの転職
共和紙料株式会社,固定取引先管理の営業,大阪府 大阪市 朝潮橋駅 徒歩15分,月給27万円～31万円,公開していません,かんたん応募
株式会社アレグリア,不動産営業 完全週休2日制／残業少なめ／反響営業,大阪府 大阪市 本町駅 徒歩3分,月給26万円,2日前,リクナビNEXT
株式会社山形新聞社,追加募集!新聞広告やイベントの力で山形を盛り上げる 企画営業,大阪府,"月給24万7,000円～",1日前,リクナビNEXT
株式会社エフティコミュニケーションズ,法人営業 未経験歓迎!早期年収UP&昇格可能!積極採用中,大阪府 大阪市 中央区,月給25万円,9時間前,リクナビNEXT
株式会社オフィスバスターズ,完全反響型だから未経験でも安心してスタートできる! 営業,大阪府 大阪市,月給25万円～30万円,8時間前,リクナビNEXT
株式会社ウェヴァード,Webコンテンツ営業#業界未経験OK#研修あり#残業少なめ#プライベート充実,大阪府 大阪市 中央区,年収420万円,7日前,女の転職type
株式会社エイワハウジング,新築一戸建て住宅の反響営業,大阪府 大阪市 京橋駅,年収360万円～600万円,3日前,doda
ホシザキ京阪株式会社,賞与6.1ヶ月 厨房機器の営業・サービススタッフ／未経験OK,大阪府 大阪市 谷町四丁目駅 徒歩5分,"月給22万5,000円～",3日前,リクナビNEXT
株式会社久原本家グループ本社,食品の流通営業 明治26年創業の老舗食品メーカー 「茅乃舎だし」や「キャベツのうまたれ」など,大阪府 大阪市 浪速区,月給25万円～,3日前,エン転職
株式会社ウェルファン,在宅勤務可能!介護・福祉用品のルート営業 福利厚生充実,大阪府 寝屋川市 香里園駅 徒歩2分,"月給33万5,000円～40万円",公開していません,マイナビ転職
株式会社湯山製作所,調剤機器の提案営業,大阪府,年収347万円～568万円,22日前,Aidem Smart Agent 転職
株式会社ディーエル・ワールド,経験不問!歯科医院への営業 残業なし 男性活躍中,大阪府 大東市 四条畷駅 徒歩4分,月給20万円～,4時間前,リクナビNEXT
ELJ sterra株式会社,2件に1件以上成約!アポ取りなし!電話掛けなし 提案営業,大阪府 大阪市 中央区,月給27万円～,8時間前,リクナビNEXT
イーブロードコミュニケーションズ株式会社,営業サポート,大阪府,年収400万円～600万円,22日前,Aidem Smart Agent 転職
株式会社テレビ岩手,他業界の知見も活かせる／テレビ営業・イベント企画,大阪府,"月給20万3,000円～",14日前,リクナビNEXT
日之出水道機器株式会社,法人営業 マンホール鉄蓋シェアトップクラス／年間休日129日／福利厚生充実,大阪府 大阪市 西区,月給21万円～28万円,14日前,エン転職
株式会社SHOWA WORKS,防水工・塗装工 大工／事務員／営業,大阪府 箕面市,"日給1万円～1万8,000円",1日前,職人スタイル
堺商事株式会社,海外営業 昨年度賞与実績4ヶ月分 海外8拠点を持つグローバル専門商社,大阪府 大阪市 渡辺橋駅 徒歩1分,月給27万円～,20時間前,エン転職
株式会社富士薬品,お客様の健康をサポート! 医薬品のルート営業スタッフ,大阪府 大阪市,"月給22万2,387円～26万9,205円",3時間前,リクナビNEXT
大阪ガスケミカル株式会社,国内外営業、営業企画,大阪府,"月給25万9,000円～33万5,000円",14日前,日経転職版
ネット株式会社,提案型営業／顧客への集客アイデアの提案／未経験歓迎／土日休,大阪府 大阪市 浪速区,月給24万円～,6日前,doda
コダマコーポレーション株式会社,コンサルティング営業職 圧倒的な顧客志向 安定した経営基盤／33年間⿊字・無借⾦経営を継続,大阪府 吹田市,年収400万円～600万円,9日前,en ミドルの転職
丸永製菓株式会社,老舗製菓メーカーのルート営業職／有名商品多数あり,大阪府 大阪市 新大阪駅 徒歩5分,年収350万円～550万円,1日前,マイナビジョブ20's
医療法人オーク会,提案営業職／医療系業務システム／月給28万円～34万円+賞与支給,大阪府 大阪市 四ツ橋駅 徒歩1分,月給28万円～34万円,13時間前,医療法人オーク会
株式会社プロモ,ネット広告・テレビCM等にも携われる企画営業・マーケティング,大阪府 大阪市 淀屋橋駅 徒歩5分,"月給23万3,000円～",3日前,リクナビNEXT
ユニ・チャーム株式会社,介護施設や病院向けの提案営業 直行直帰OK! ご希望の勤務地から転勤なし,大阪府 大阪市 北区,"月給21万5,000円～",14日前,エン転職
ワイコム株式会社,法人営業 年休126日&残業月平均10h 創業100年の老舗企業,大阪府 大阪市 玉造駅 徒歩5分,月給21万円～,10日前,エン転職
河本化成工業株式会社,プラスチック・機械加工部品のルート営業上場企業と安定取引,大阪府 大阪市 鴫野駅 徒歩5分,月給21万円～31万円,3日前,リクナビNEXT
株式会社ドクターズファーマシー,営業経験者募集 月給31万円以上 海外医薬品輸入代行／営業,大阪府 東大阪市 JR河内永和駅 徒歩3分,"月給31万6,044円～40万円",23日前,リクナビNEXT
株式会社ミヤワキ,海外営業 残業少なめ／様々な国籍の方が活躍中／業界トップクラスメーカー,大阪府 大阪市 十三駅 徒歩12分,"月給31万5,000円～",14日前,エン転職
株式会社ユース,人材サービスの営業・派遣コーディネーター 土日祝休 賞与年2,大阪府 大阪市 中央区,月給23万60円～,21日前,リクナビNEXT
株式会社REGALE,不動産営業 未経験でも月給30万円保障,大阪府 大阪市 中央区,月給25万円～50万円,7時間前,リクナビNEXT
三洋貿易株式会社,化学品関連原料の輸入営業,大阪府,年収500万円～800万円,6日前,Spring転職エージェント
株式会社ダイバーシティ,人材派遣の法人営業 急成長の秘訣は”売れる仕組み”にあり,大阪府 大阪市 西梅田駅 徒歩5分,月給28万円～30万円,2日前,マイナビ転職
富士インフォックス・ネット株式会社,法人営業 業界未経験歓迎 港区ワークライフバランス推進企業／スキルアップを会社がサポート,大阪府,月給29万円～50万円,13時間前,en ミドルの転職
リテラ・クレア証券株式会社／大和証券の連結対象子...,証券営業職,大阪府 大阪市,年収400万円～600万円,7日前,日経転職版
株式会社モトヤ 人材派遣部,営業事務,大阪府 東大阪市 長田駅 徒歩8分,"時給1,450円",23時間前,はたらこねっと
昭永ケミカル株式会社,年間休日121日 シンナーやインキ、塗料等OEM製品の営業,大阪府 大阪市 肥後橋駅,"月給21万4,000円～25万3,000円",3日前,リクナビNEXT
株式会社GiFT,コンサルティング営業,大阪府 大阪市 中央区,年収300万円～600万円,2日前,株式会社GiFT
株式会社ジービーエス,法人営業 未経験大歓迎／上場グループ／年休123日／残業少なめ／転勤なし／賞与昨年度実績4ヶ月分,大阪府 堺市 北区,"月給24万7,930円～",17日前,エン転職
前川商事株式会社,不動産売買・仲介営業／完全週休2日・ノルマなし・新規営業なし,大阪府 堺市 鳳駅 徒歩10分,公開していません,3日前,リクナビNEXT
ハネック株式会社,LED表示器や制御機器などを造る優良メーカー 営業スタッフ,大阪府 大阪市 西田辺駅 徒歩5分,月給22万円～35万円,1時間前,マイナビ転職
有限会社エイム,営業・現場管理・クロス床内装全般職人,大阪府 吹田市,月給18万円～30万円,13時間前,有限会社エイム
トーソー株式会社,インテリア製品のルート営業／正社員登用あり／年休122日,大阪府 大阪市 阿倍野区,"月給27万2,000円～29万2,000円",3日前,マイナビ転職
月島テクノメンテサービス株式会社,公共インフラに携わる官公庁向け 提案営業 未経歓迎・土日祝休,大阪府 大阪市 本町駅 徒歩2分,月給18万円～26万円,5時間前,リクナビNEXT
JTA株式会社,未経験歓迎 趣味は最大の武器!「好き」を仕事にしよう!／営業,大阪府 大阪市 福島区,月給25万円～,14日前,リクナビNEXT
積水ハウス不動産関西株式会社,営業事務職 年間休日125日以上 完全週休2日 未経験歓迎,大阪府 大阪市 北区,"月給18万4,500円",2日前,リクナビNEXT
タイムズ24株式会社,タイムズパーキングの開発営業 業界トップクラス 実働7h 土日祝休み 年休125日,大阪府,月給23万円～,3日前,エン転職
株式会社ビッグモーター,未経験から「月収300万円」達成しました 車の販売営業／10,大阪府 大阪市,公開していません,8日前,リクナビNEXT
株式会社PPR,WEB広告の企画営業 土日祝休 月給25万～ 未経験OK,大阪府 大阪市 中央区,月給25万円～39万円,11日前,マイナビ転職
株式会社Be-Groove,QRコード決済の営業,大阪府 大阪市 天王寺駅,"時給1,600円～",5時間前,株式会社Be-Groove
プラウデストレジデンス株式会社,不動産売買・仲介営業／未経験 20～30代の若手活躍中,大阪府 大阪市 放出駅,月給25万円～50万円,3日前,リクナビNEXT
株式会社八幡ねじ,ルート営業 ホームセンター向け営業,大阪府 東大阪市,"月給20万1,200円～",公開していません,マイナビ転職
テラル株式会社,ルート営業／年間休日120日／家族手当有／5日以上の連続休暇,大阪府 大阪市 西区,月給25万円～,4日前,doda
マルマン株式会社,法人営業 誰もが知るスケッチブックのメーカー リモートワークOK,大阪府 大阪市 淀屋橋駅 徒歩4分,月給25万円～,24日前,エン転職
オリックス生命保険株式会社,コンサーブアドバイザー・直販営業 賞与年4・転勤なし,大阪府 大阪市 北区,月給25万円～50万円,6日前,リクナビNEXT
大三興業株式会社,再生紙を活用した紙製品の営業 未経験歓迎／賞与年2回／設立58年／商品企画にも携われます,大阪府 八尾市 志紀駅 徒歩4分,月給25万円～35万円,10日前,エン転職
東通ネットワーク株式会社,オフィス移転で心機一転!オフィスや店舗の提案営業／週休二日,大阪府 大阪市 中央区,月給24万円～,21日前,リクナビNEXT
株式会社ORRES,営業 残業月2h ネイル・髪型自由 年収500万円以上可,大阪府 大阪市 天満橋駅 徒歩3分,"月給25万3,000円",3日前,リクナビNEXT
株式会社ランドアート,大阪限定募集×転勤なし 営業 賞与年3回／土日祝休み／経験不問,大阪府 大阪市 新大阪駅 徒歩5分,"月給22万8,500円～",1時間前,マイナビ転職
大港食品株式会社,未経験OK・月給30万円～の高収入 営業アシスタント・事務,大阪府 大阪市 朝潮橋駅 徒歩5分,月給30万円～,3日前,リクナビNEXT
株式会社ドリマックス,法人営業～年休123日／残業10H／特許多数のメディア注目企業,大阪府 大阪市 東淀川駅,年収260万円～420万円,18時間前,doda
株式会社ヒューマンワーク 大阪オフィス,採用コンサル営業 年間休日124日 20代多数 WEB面接可,大阪府 大阪市 中津駅 徒歩1分,年収300万円～420万円,3日前,リクナビNEXT
三共アメニテクス株式会社,無料点検サービス営業 賞与平均83万円!ノルマ無!50代活躍,大阪府 大阪市,月給25万円～37万円,2日前,リクナビNEXT
フジックス株式会社,封筒などの紙製品のルート営業,大阪府 東大阪市 布施駅 徒歩12分,"月給24万円～32万3,000円",3日前,リクナビNEXT
積水ハウスノイエ株式会社,待遇もキャリアもワンランク上へ 新築住宅の営業,大阪府 大阪市 中央区,月給23万円～,公開していません,マイナビ転職
株式会社トライアウト,美容室や美容メーカー等への広告・販促の営業「広告代理店」,大阪府 大阪市 堺筋本町駅 徒歩5分,月給20万円～32万円,12日前,かんたん応募
オサカダツール株式会社,法人営業 自宅を拠点に直行直帰,大阪府 大阪市,月給20万円～35万円,6日前,マイナビ転職
ストラパック株式会社,飛び込みなし 国内トップシェア梱包機メーカーの総合職／営業系,大阪府 大阪市 西淀川区,月給24万円～29万円,8日前,リクナビNEXT
株式会社ハル,人と企業と商品を元気にする、ブランディングを提案 企画営業,大阪府 大阪市 難波駅 徒歩1分,月給25万円～35万円,13日前,リクナビNEXT
株式会社一条工務店,お客様と誠実に向き合い役に立てる仕事 展示場での営業・販売,大阪府 大阪市,"月給21万6,600円～",9時間前,リクナビNEXT
株式会社トーホーフードサービス,既存取引先へのルート配送・営業未経験・第二新卒歓迎,大阪府 大阪市,"月給22万2,450円～27万4,000円",7日前,マイナビ転職
株式会社IDOM,店舗営業職～プライム上場企業～,大阪府,"年収400万円～1,000万円",14日前,Spring転職エージェント
株式会社マキタ,ビルメンテナンス向け工具・機器営業職,大阪府 大阪市,年収375万円～862万円,13日前,タイズ
扶桑電通株式会社,法人営業,大阪府 大阪市 中央区,月給20万円～32万円,5日前,doda
株式会社毎日映画社,土日休み!映像制作をプロデュースする 企画営業 月残業20h,大阪府 大阪市 中津駅 徒歩5分,月給20万円～,3日前,リクナビNEXT
株式会社アピステ,提案営業,大阪府 大阪市 北区,"月給20万5,000円～",14日前,マイナビ転職
タカラ産業株式会社,自社オリジナル製品・OEM製品の法人営業／賞与年2回,大阪府 東大阪市 長田駅,"月給22万5,000円～30万円",8日前,doda
株式会社メイテックネクスト,月給29万円以上!エンジニア人材紹介の営業／営業経験者歓迎,大阪府 大阪市 北区,月給29万円～,1日前,リクナビNEXT
六菱ゴム株式会社,工業用ゴムのルート営業職 ～残業平均5時間／創業100年／業界ニッチトップメーカー～,大阪府,年収360万円～425万円,23時間前,doda
株式会社ふくなお,食品メーカーの企画開発営業／残業ほぼなし・在宅勤務制度あり,大阪府 大阪市 西田辺駅 徒歩5分,月給23万円～40万円,1日前,doda
株式会社リモデルエステート,営業職 平均月収60万9430円 未経験可 WEB面接可,大阪府 大阪市,"月給19万8,000円～25万1,000円",2日前,リクナビNEXT
有限会社アルファシザー,ヘアカットシザーの提案営業 販売・メンテ 土日祝休み,大阪府 大阪市 四ツ橋駅 徒歩1分,月給22万円,8時間前,リクナビNEXT
うえろくグループ,福祉用具のレンタル・販売、バリアフリーリフォームのルート営業,大阪府 吹田市 江坂駅 徒歩5分,月給22万円,8日前,うえろくグループ
日本テクノ株式会社,業界トップクラス!総合電力会社の法人営業 未経験歓迎,大阪府 堺市,"月給25万円～56万1,400円",9日前,マイナビ転職
互邦通商株式会社,営業事務 英語・フランス語・イタリア語が活かせます,大阪府 大阪市 北浜駅 徒歩5分,月給20万円～25万円,4日前,マイナビ転職
株式会社パブレ,自由な働き方ができる保険営業 固定給+歩合 無料行き先提供有,大阪府 大阪市 中央区,月給40万円,7日前,リクナビNEXT
株式会社アズーム,不動産の営業職,大阪府 大阪市 中央区,月給23万円～,5日前,かんたん応募
国分西日本株式会社,営業事務 土日祝休み 年間休日122日 福利厚生が充実,大阪府 大阪市 桜ノ宮駅,"月給18万5,400円～23万3,000円",3日前,リクナビNEXT
日東工業株式会社,上場企業で安定の基盤!ルート営業 未経験者歓迎・年休123日,大阪府 大阪市,"月給20万9,000円～23万5,000円",14日前,リクナビNEXT
株式会社セールスパートナー,既卒歓迎／ルート営業／月給26.5万円〜!頑張った分はしっかり給与に還元!,大阪府 大阪市 中央区,年収350万円～500万円,9日前,Re就活
MJG株式会社,営業・経営幹部候補 製造業・外資系メーカー担当,大阪府 大阪市,月給35万円～,13日前,リクナビNEXT
株式会社アイ、シー、シー,スポーツウェア雑貨のルート営業,大阪府 豊中市 千里中央駅,公開していません,6日前,クリーデンス
株式会社サンコール,代理店営業,大阪府,年収350万円～420万円,22日前,Aidem Smart Agent 転職
株式会社ビジョン,若手成長中の上場企業でキャリアを磨く 営業,大阪府 大阪市 渡辺橋駅 徒歩3分,月給30万500円～,16日前,リクナビNEXT
株式会社カレントスペース,営業,大阪府 堺市 深井駅 車5分,年収350万円～500万円,1日前,かんたん応募
株式会社Rise Agency,広告企画営業 100%反響営業／昨対売上170%増／月給28.5万円～／家族手当あり／昇給年2回,大阪府 大阪市 北区,月給30万円～,7日前,エン転職
株式会社シェア,企画・提案営業／WEB広告 月給25万円以上 未経験OK,大阪府 大阪市 堺筋本町駅 徒歩3分,月給25万円～,2日前,リクナビNEXT
株式会社ティーエスエー,WEB制作に関する法人営業 未経験OK,大阪府 大阪市 谷町四丁目駅,月給25万円,4日前,はたらいく
株式会社サンケイワーク,法人営業／商品力の高さで売りやすさバツグン／未経験歓迎,大阪府 大阪市 玉川駅 徒歩4分,月給20万円～30万円,8日前,doda
ひまわり経営サポート株式会社,「補助金申請支援」営業担当者を募集! コンサル営業,大阪府 大阪市 南森町駅 徒歩3分,月給30万円～40万円,3日前,リクナビNEXT
冨士製袋機工業株式会社,法人営業,大阪府 大阪市 中央区,年収300万円～550万円,3日前,かんたん応募
株式会社ブロードリーフ,東証プライム上場 コンサルティング営業／顧客定着率99%以上,大阪府,年収350万円～500万円,公開していません,Spring転職エージェント
株式会社エムラ販売,食を支える「フードスライサー」のルート営業 年休120日,大阪府 大阪市 東三国駅 徒歩7分,月給24万円～28万円,3日前,リクナビNEXT
縁エキスパート株式会社,発電設備の営業,大阪府 大阪市 中津駅 徒歩5分,月給35万円～,13日前,かんたん応募
エスケー化研株式会社,業界トップクラスメーカー ルート営業,大阪府,"月給21万8,500円～30万5,000円",6日前,マイナビ転職
株式会社シティトラスト,営業管理スタッフ,大阪府 大阪市 本町駅 徒歩5分,"月給22万円～25万4,000円",4日前,イーアイデム
株式会社ケンコウシャ,置局員／営業スタッフ 賞 与年2回のレア求人!自分のペースで働ける,大阪府 東大阪市 布施駅 徒歩15分,月給22万円～30万円,公開していません,株式会社ケンコウシャ
株式会社ジョブス,ノルマなし!人材派遣サービスの提案営業 土日祝休み,大阪府 大阪市 梅田駅 徒歩5分,月給25万円～,14日前,リクナビNEXT
株式会社トータルサポート,営業 賞与平均5ヶ月分,大阪府 大阪市 西区,月給25万円～40万円,7日前,エン転職
株式会社サンプラテック,ビーカーやフラスコのルート営業 業界トップクラスの理化学機器メーカー 退職金あり,大阪府 大阪市 桜ノ宮駅 徒歩5分,"月給25万6,000円～",7日前,エン転職
株式会社ミクニ,不動産の買取リノベーション営業,大阪府 大阪市 大阪駅,"月給24万3,000円～29万1,000円",7日前,株式会社ミクニ
アート引越センター株式会社,営業スタッフ,大阪府 豊中市 大阪空港駅 徒歩14分                                                                                                                                                                その他 (5),月給22万円～25万円,4日前,マイベストジョブ
株式会社FPG,コンサルティング営業／ニーズの高いオペレーティングリースの販売／年間休日120日・土日祝休み,大阪府,年収448万円～700万円,17日前,Spring転職エージェント
アヴネット株式会社／Avnet K.K.,半導体及び電子部品 法人営業経験,大阪府 大阪市 中央区,年収400万円～549万円,3日前,en ミドルの転職
オルディ株式会社,創業64年のメーカー商社で活躍! 提案営業,大阪府 大阪市 本町駅 徒歩3分,月給23万円～28万円,6日前,マイナビ転職
株式会社くすりの窓口,クリニックへの提案営業,大阪府 大阪市 中央区,月給25万円,9日前,リクナビNEXT
ブリヂストンタイヤソリューションジャパン株式会社,企画営業 世界トップレベルの商材を扱い営業として活躍,大阪府,"月給21万6,000円～",3日前,マイナビ転職
京セラ株式会社,医療機器の営業 年間休日124日,大阪府 大阪市 淀川区,"月給22万1,000円～",3日前,エン転職
株式会社シンクスバンク,教育コンサル企業で法人営業,大阪府 大阪市 北区,年収299万円～400万円,12日前,かんたん応募
株式会社メタルワンステンレス原料,新規・飛込一切なし!残業少なくプライベート充実 ルート営業,大阪府 大阪市 加島駅 徒歩10分,月給22万円～,14日前,マイナビ転職
クラウドグレイス株式会社 大阪オフィス,クレジットカードの加盟店営業／ノルマ無／未経験ok,大阪府 大阪市 新大阪駅,"時給1,500円～",20時間前,タウンワーク
株式会社irodas,営業 年休120日 月給55万円以上,大阪府 大阪市 大阪梅田駅 徒歩7分,月給55万円～,20時間前,エン転職
株式会社コカジ,スポーツに特化した老舗帽子製造メーカーのOEM営業・商品企画,大阪府 豊中市 千里中央駅,月給27万円～,6日前,リクナビNEXT
株式会社内村,提案営業 創業以来黒字経営の安定基盤,大阪府 大阪市 西区,年収400万円～600万円,8日前,パソナキャリア
株式会社アステック,医療機器・理化学機器の代理店・直販営業～不妊治療に欠かせない機器の開発／WLB ～,大阪府 大阪市 淀川区,年収460万円～590万円,3日前,doda
株式会社セブンピクチャーズ,法人営業／企画営業／営業 グルメサイトの営業のお仕事募集 未経験OKです 交通費支給,大阪府 大阪市 新大阪駅 徒歩5分,"時給1,700円",17日前,株式会社セブンピクチャーズ
株式会社出版文化社,社史・アーカイブの法人営業,大阪府 大阪市 中央区,月給23万円～,8日前,マイナビ転職
株式会社岩通サービスセンター,成果に応じた報奨金あり 専門商社のルート営業,大阪府 大阪市 桜ノ宮駅 徒歩2分,月給28万円～50万円,7日前,マイナビ転職
旭工精株式会社,既卒歓迎／営業職／未経験から業界No.1メーカーで活躍できる,大阪府 東大阪市 JR長瀬駅 徒歩9分,年収300万円～500万円,1日前,Re就活
株式会社アリガ,企画提案営業,大阪府 大阪市 深江橋駅 徒歩8分,年収350万円～550万円,5日前,U29JOB
ワイズトラスト株式会社,環境を守る工事の営業職／未経験だからいい!やってみよう精神を大切にします,大阪府 堺市,月給30万円～35万円,2日前,かんたん応募
株式会社パーソナック,完全週休2日制 既存顧客回り中心の「人材サービス営業」,大阪府 大阪市 北区,月給26万円～,3日前,リクナビNEXT
松田電興株式会社,土日祝休み／年間休日125日以上／既存顧客に対する電線の営業,大阪府 大阪市 福島駅,"月給23万2,900円～",14日前,リクナビNEXT
エスエス産業株式会社,創立53年の老舗商社で働く 法人ルート営業 未経験OK,大阪府 大阪市 新大阪駅 徒歩9分,月給20万円～35万円,10日前,マイナビ転職
税理士法人良知,顧問先に寄り添い新しい価値を提案する営業 税務コンサルタント,大阪府 堺市 堺東駅 徒歩7分,月給30万円～,3日前,リクナビNEXT
キズナファミリーホーム株式会社,未経験から高収入を実現! 提案営業 社員寮あり,大阪府 大阪市 扇町駅 徒歩1分,月給23万円～30万円,3日前,リクナビNEXT
株式会社アイズ不動産,飛込み・テレアポ一切なし!不動産営業 手厚いフォロー有,大阪府 大阪市 新大阪駅 徒歩9分,月給20万円,3日前,リクナビNEXT
大同生命保険株式会社,法人営業・販売／企業福利厚生プランナー,大阪府 大阪市 北区,月給18万円～25万円,4日前,Create 転職
株式会社スミノエ,業界トップクラスインテリアメーカーの商品企画・営業,大阪府 大阪市 西区,"月給20万円～26万1,600円",7日前,リクナビNEXT
株式会社新栄技研,法人営業 月給25万円以上／残業月10時間以内／資格取得費用を全額支援／7日間の長期休暇あり,大阪府 吹田市 北千里駅 車10分,月給25万円～60万円,3日前,エン転職
株式会社アスリード,IT系人材営業,大阪府 大阪市 西中島南方駅 徒歩3分,月給18万円～25万円,1日前,Q-JiN
NTT PARAVITA株式会社,"""睡眠”をテーマに人々の健康増進に貢献する 企画営業",大阪府 大阪市 淀屋橋駅 徒歩1分,月給22万円～,1時間前,マイナビ転職
富士通株式会社,法人営業 お客様と共に新ビジネスを構築 ICT業界経験不問,大阪府 大阪市,月給23万円～,1日前,リクナビNEXT
株式会社サンキテック,営業 リフォーム業界を革新させる自社開発ブランドを広める,大阪府 大阪市 天満駅,月給22万円,11日前,マイナビ転職
株式会社テクノスイコー,祝金1万円 企画営業／機械・電機業界未経験可／物作りが好きな方大歓迎,大阪府 大阪市 新大阪駅,月給20万円～25万円,1時間前,かんたん応募
株式会社ネオキャリア,介護業界の「働く」を創り、支える 人材営業／コーディネーター,大阪府 大阪市,月給30万円～,3時間前,リクナビNEXT
オージェイケイ株式会社,ルート営業,大阪府 大阪市 北新地駅 徒歩5分,年収420万円～430万円,1日前,タイズ
菱和建設株式会社,資格・経験不問! 営業 建築系の資格をお持ちの方優遇,大阪府 大阪市 肥後橋駅 徒歩7分,月給25万円～40万円,3日前,リクナビNEXT
オンタイムデリバリージャパン株式会社,求人広告の法人営業 私服OK／役員登用可,大阪府 大阪市 北区,月給35万円～50万円,7日前,マイナビ転職
サムティプロパティマネジメント株式会社,一般事務+営業アシスタント 定年まで安心 リモートワーク有,大阪府 大阪市 淀川区,月給23万円～,15日前,リクナビNEXT
ヤチヨコアシステム株式会社,OA機器の提案営業／未経験歓迎／固定月給30万円以上,大阪府 大阪市 大阪天満宮駅,"月給30万1,000円～35万1,000円",14日前,doda
パブレ,固定給+インセンありの保険営業,大阪府 堺市 深井駅 徒歩4分,月給20万円～40万円,8日前,株式会社パブレ
DAI株式会社,企画営業職,大阪府,年収300万円～450万円,14日前,Aidem Smart Agent 転職
エイビースタッフ株式会社,個人営業,大阪府 大阪市 西区,月給24万円～,1日前,かんたん応募
東亜システム株式会社,医療システム営業,大阪府 大阪市 淀川区,年収350万円～550万円,5日前,doda
株式会社サムライエンタープライズ,業界問わず企業の人材採用を支援する法人営業,大阪府 大阪市 心斎橋駅 徒歩5分,月給25万円～,13時間前,株式会社サムライエンタープライズ
株式会社ビィハウジング,未経験入社1年目の平均年収600万円! 不動産営業 社内営業なし,大阪府 堺市 津久野駅 車4分,月給30万円～,24日前,マイナビ転職
株式会社デルタ,未経験可!HOT PEPPER Beautyの営業・販促企画,大阪府 大阪市 梅田駅 徒歩7分,"月給25万7,000円～",9日前,リクナビNEXT
辰巳出版株式会社 関西編集室,「パチンコ必勝本」のブランド力 パチンコホールの集客企画営業,大阪府 大阪市 難波駅 徒歩4分,月給25万円,3日前,リクナビNEXT
株式会社ポート,ルート営業 1日のほとんどが車の運転／残業ほぼなし／完全週休2日／ゆったり働ける,大阪府 大阪市 西区,月給24万円～30万円,3日前,エン転職
株式会社シャルム・ボー化粧品,未経験OK エステ専売化粧品の営業 完全週休2日&賞与年2回,大阪府 堺市 深井駅 徒歩7分,月給22万円～40万円,4時間前,リクナビNEXT
楽天グループ株式会社,楽天市場の新規出店コンサルタント営業 出店に向けた企画や支援,大阪府 大阪市,月給31万円～,8時間前,リクナビNEXT
ライフアンドデザイン・グループ西日本株式会社,営業職／平均年収800～1000万円／関西ホール数No.1,大阪府 大阪市 平野区,"月給26万9,000円",9日前,doda
株式会社渥美警備保障,女性活躍中!経験者優遇 月給30万円～建設現場・警備の営業,大阪府 大阪市 西成区,月給30万円～,6日前,リクナビNEXT
日本ヒルティ株式会社,法人営業,大阪府,年収517万円～700万円,3日前,doda
BMW／MINI 正規ディーラー,BMW／MINIセールス・コンサルタント 営業・販売,大阪府 大阪市,"月給15万4,000円～50万円",9日前,リクナビNEXT
大鳥機工株式会社,繊維機械の法人営業職～ルート営業／年間休日125日・月残業10時間以内～,大阪府 大阪市 千船駅,年収350万円～500万円,17時間前,doda
ファントゥファン株式会社,食品業界をメインとした 人材サービス営業・コーディネーター,大阪府 大阪市,"月給19万5,000円～",14日前,リクナビNEXT
中央交易株式会社,20代30代が多数活躍中 提案営業 年間休日122日,大阪府 吹田市,"月給21万1,000円～26万9,000円",公開していません,マイナビ転職
マイプリント株式会社,ブライダル関連商品の営業 未経験歓迎／残業月15時間程度／年間休日120日／家族手当・退職金等あり,大阪府 大阪市 西中島南方駅 徒歩5分,"月給23万6,000円～",14日前,エン転職
タカセ不動産株式会社,完全週休2日制 飛込営業ナシ 反響型の不動産営業,大阪府 大阪市 中央区,月給22万円～33万円,3日前,リクナビNEXT
株式会社スクウェア,レッグウェアの企画営業 土日祝休み／賞与年2回+決算賞与／創業から26年連続黒字決算,大阪府 大阪市 玉造駅 徒歩3分,月給21万500円～,3日前,エン転職
株式会社ビー・グルーヴ,法人営業,大阪府 大阪市 渡辺橋駅 徒歩2分,"時給1,400円",16日前,バイトル
株式会社リブマックス,ルームアドバイザー／営業,大阪府 大阪市,月給25万円～,21日前,リクナビNEXT
株式会社SUNTAC,営業 スキル・経験が活かせる実践メンバー パチンコ好き 成功報酬型給与,大阪府 大阪市 なんば駅,年収400万円～,6日前,en ミドルの転職
入江株式会社,ルート営業職,大阪府 大阪市 南森町駅,年収300万円～350万円,4日前,doda
コーヨー光和株式会社,大手メーカーグループの専門商社でのルート営業,大阪府 大阪市 なんば駅 徒歩5分,月給23万円～,10日前,マイナビ転職
株式会社ライヴ,卸営業,大阪府 大阪市 本町駅,公開していません,3日前,クリーデンス
大末建設株式会社,営業職／東証1部上場／安定基盤／高年収／大阪,大阪府 大阪市,年収430万円～650万円,10時間前,建設転職ナビ
株式会社エデュケーショナルネットワーク,既卒歓迎／営業職／教育現場の課題解決をお手伝いしてみませんか?学校や塾へのルート営業です,大阪府 大阪市 北区,年収300万円～400万円,12日前,Re就活
株式会社EBE,法人営業／直行直帰OK／年休120日／残業月20H以下,大阪府 大阪市 中央区,月給22万円～100万円,8日前,doda
住友重機械イオンテクノロジー株式会社,機械メーカーでの技術営業職／製造業（機械関連）,大阪府,"年収500万円～1,000万円",9時間前,キャプラ転職エージェント
株式会社エー・チーム,エコ商材の営業 成約率8割!／月給25万円スタート可／完休2日制可／5日以上の連休あり,大阪府 豊中市 曽根駅 徒歩15分,"月給20万9,624円～",20時間前,エン転職
株式会社エス・ケイ通信,営業事務 未経験歓迎／月給23.5万円～／土日祝休み／20代活躍中,大阪府 大阪市 西区,"月給23万5,000円～",10日前,女の転職type
株式会社ケア21,営業職／営業職 福祉用具の営業!業界未経験でも営業経験があればOK,大阪府 寝屋川市 寝屋川市駅 徒歩12分,"月給24万円～26万5,000円",1日前,ケア21グループ
大阪ガスファイナンス株式会社,大阪ガスグループで活躍! 法人営業職 年間休日122日,大阪府 大阪市 本町駅 徒歩3分,"月給22万7,500円～",4日前,マイナビ転職
株式会社コスモネット,法人提案営業職,大阪府,年収295万円～322万円,22日前,Aidem Smart Agent 転職
内藤証券株式会社,リテール営業～中国株のパイオニアである内藤証券での営業～,大阪府 大阪市 渡辺橋駅,年収300万円～700万円,7日前,doda
いなば食品株式会社,ちゅ～る・ライトツナなどのメーカー営業,大阪府 大阪市 西区,月給22万円～,3日前,マイナビ転職
総合メディカル株式会社,営業職,大阪府,年収420万円～850万円,22日前,Aidem Smart Agent 転職
株式会社イマス,企画営業 年間休日125日 毎週土日休み 月給30万円以上,大阪府 大阪市 淀屋橋駅 徒歩5分,月給30万円～,7日前,エン転職
ヘルスインターメソッド株式会社,未経験者大歓迎!営業の平均年収930万円! 営業・販売,大阪府 大阪市,月給30万円～,23日前,リクナビNEXT
ハラ株式会社,未経験歓迎のルート営業 創業95年の老舗商社 直行直帰可 18時までに退社可 髪型・髪色自由,大阪府 大阪市 西大橋駅 徒歩1分,月給22万円～,17日前,エン転職
株式会社タナカ,未経験歓迎 大阪ガスサービスショップ ルート営業・保守,大阪府 東大阪市 布施駅,月給20万円～35万円,3日前,リクナビNEXT
三和ペイント株式会社,既卒歓迎／コンサルティング営業職／未経験スタート1年目から年収600万円も!,大阪府 堺市 堺区,年収250万円～800万円,6日前,Re就活
株式会社spacedot,ソフトバンク店舗での営業／販売スタッフ 選べる週4・5日勤務,大阪府 大阪市,月給21万円～27万円,3日前,リクナビNEXT
スペクトロニクス株式会社,営業部門チームリーダー候補,大阪府 吹田市 江坂駅 徒歩5分,年収450万円～600万円,13時間前,doda
メットライフ生命保険株式会社,生命保険の営業・完全週休2日「土日祝」,大阪府 堺市 堺駅 徒歩2分,月給25万円,1日前,メットライフ生命保険株式会社
ネオ・ルーフィング株式会社,ルート営業 年間休124日 ノー残業デー 男性育休取得実績有,大阪府 大阪市 東淀川区,"月給23万円～26万8,000円",3日前,リクナビNEXT
NADIX株式会社,未経験OK×土日祝休み お客様とじっくり向き合えるルート営業,大阪府 池田市 池田駅 徒歩19分,月給22万円～35万円,2日前,リクナビNEXT
株式会社ファイブ・アイ総合保険,損保の営業サポート 土日祝休の完全週休2日制 ほぼ残業無,大阪府 大阪市 大阪天満宮駅 徒歩3分,月給20万円～,3日前,リクナビNEXT
株式会社みらいふ,ネットワークソリューション営業 ～業界未経験歓迎／年間休日125日～,大阪府 大阪市 福島駅,年収320万円～400万円,14時間前,doda
株式会社クリエイト大阪,年収1000万以上可能 不動産営業 教育制度充実!定着率95%,大阪府 大阪市 大阪駅 徒歩5分,月給40万円～,2時間前,マイナビ転職
デジメーション株式会社,営業 マーケティングスキルやコンサルティング力を習得／売上高2年連続UP／土日祝休み／月残業20h,大阪府 大阪市 福島駅 徒歩5分,年収360万円～,10日前,エン転職
株式会社住協,営業事務 縁の下の力持ちとして活躍,大阪府 茨木市,"月給18万円～18万5,000円",3日前,リクナビNEXT
株式会社クランホーム,飛込・電話営業ナシ!完全反響型の不動産仲介営業,大阪府 大阪市 森ノ宮駅,月給25万円～35万円,1日前,はたらいく
株式会社三ツ星,リフォームの提案営業 1件成約につきインセンティブ+休暇支給／家族手当、出産祝い金あり,大阪府 大阪市 中央区,月給25万円～,20時間前,エン転職
KIMURA FOUNDRY CO.LTD.,法人営業,大阪府 吹田市 江坂駅,月給23万円～35万円,公開していません,"KIMURA FOUNDRY CO.,LTD."
アクティオサポート株式会社,法人営業、個人営業,大阪府 大阪市 渡辺橋駅 徒歩3分,"時給1,350円～1,688円",8日前,バイトル
エムティティ株式会社,老舗産業用機器メーカーGで法人営業,大阪府 大阪市 東三国駅 徒歩2分,年収346万円～400万円,公開していません,マイナビスタッフ 転職支援
株式会社ケントク,商品企画・営業,大阪府 大阪市 寺田町駅,月給30万円～35万円,3日前,リクナビNEXT
株式会社エコスタイル,土地の仕入営業 未経験歓迎!／年間休日120日／完全週休2日制／福利厚生充実／賞与有,大阪府 大阪市 中央区,"月給29万3,900円",3日前,エン転職
株式会社ドコモビジネスソリューションズ,ICTサービスを提案する 法人営業 未経験歓迎! リモート勤務・フレックスあり 残業10h以内,大阪府 大阪市 北区,"月給26万9,000円～",7日前,エン転職
合同会社Over.ZERO Meeting BA...,ノルマ無しルート営業／未経験可／土日祝休み／研修制度充実,大阪府 大阪市 生野区,月給30万円～,22日前,合同会社Over.ZERO
株式会社税経,ルート営業 完全土日祝休／年休125日／賞与年3.7～4.1ヶ月分,大阪府 大阪市 南森町駅 徒歩3分,月給20万円～,1時間前,マイナビ転職
株式会社日本フロンティア,生活インフラのコストダウン提案営業,大阪府 岸和田市 東岸和田駅 徒歩2分,月給23万円～35万円,2日前,マイベストジョブ
株式会社徳信商会,一般家庭営業,大阪府 八尾市 久宝寺口駅 徒歩9分,月給20万円～,22時間前,マイベストジョブ
トーグ安全工業株式会社,土日祝休みのルート営業,大阪府 大阪市 喜連瓜破駅,月給21万円～28万円,3日前,かんたん応募
ケアレックス株式会社,上場企業グループで安定 営業スタッフ 完全週休2日／年休122日,大阪府 堺市 西区,月給22万円～,2時間前,マイナビ転職
中央電子株式会社,営業 既存顧客中心／賞与年2回／完全週休2日制,大阪府 大阪市 新大阪駅 徒歩1分,"月給21万4,700円～25万5,000円",21日前,マイナビ転職
長野油機株式会社,油圧機器の法人営業職 土日祝休み／年間休日129日,大阪府 大阪市 谷町九丁目駅,年収300万円～450万円,6日前,doda
株式会社芝浦電子,年休123日／賞与6.4ヶ月分 温度センサのメーカー営業,大阪府 大阪市 西区,"月給20万4,130円～",6日前,マイナビ転職
株式会社ニチネン,空間プランニングのルート営業 年休120日／平均残業30h,大阪府 大阪市 福島駅,年収450万円～600万円,6日前,doda
株式会社ウイル,営業サポート,大阪府 大阪市 肥後橋駅,"月給20万7,500円～",8時間前,タウンワーク
株式会社信光ステンレス,ルート営業職,大阪府,年収300万円～,22日前,Aidem Smart Agent 転職
大東建託株式会社,「あなただから」と信頼され感謝される営業 入社支度金18万円,大阪府 大阪市,月給36万円,6日前,リクナビNEXT
トッパン・フォームズ株式会社,法人営業 設立67年／年休126日・土日祝休／昨年度賞与4.3ヶ月／6年連続「ホワイト500」認定,大阪府 大阪市 西区,"月給29万9,000円～",21日前,エン転職
株式会社エイチーム,営業企画,大阪府 大阪市 大阪梅田駅 徒歩3分,月給40万円～,6時間前,CREATIVE JOB
パナソニック エナジー株式会社,営業DXの推進及び販売集計・分析の仕組み構築,大阪府,"年収500万円～1,000万円",29日前,日経転職版
テスコム株式会社,電子部品・半導体商社での営業,大阪府 大阪市 福島区,月給30万円～,16日前,リクナビNEXT
アスノック株式会社,POPや商品パッケージを扱う企画ルート営業,大阪府 門真市,月給24万円～,7時間前,リクナビNEXT
株式会社セールスフォース・ドットコム／sales...,セールスフォース社:エンタープライズ営業,大阪府,"年収700万円～2,000万円",13日前,en ミドルの転職
株式会社シティライフ,営業職,大阪府 摂津市 千里丘駅 徒歩8分,年収380万円～600万円,公開していません,かんたん応募
株式会社十全,ルート営業 月給25～45万円 土日祝休み 将来の幹部候補,大阪府 茨木市 JR総持寺駅 徒歩6分,月給25万円～45万円,3日前,リクナビNEXT
株式会社イナハラ,時代に適した働き方をデザイン!オフィス機器のルート営業・販売,大阪府 大阪市 本町駅,月給24万円～28万円,7日前,リクナビNEXT
アリババ株式会社,Alibaba.comの新規提案営業 年間休日123日 土日休み,大阪府 大阪市 大阪駅 徒歩1分,月給37万円～52万円,公開していません,マイナビ転職
株式会社PEEES,営業 最大全額の家賃補助／昼食の弁当無料／働き方が選べる!／未経験から月給30万円も可,大阪府 大阪市 西区,月給30万円～,3日前,エン転職
株式会社MJE,人が育つ、評価される、報われる 提案営業 関西エリア積極採用,大阪府 大阪市 本町駅 徒歩1分,月給28万円～,14日前,マイナビ転職
キーコーヒー株式会社,ノルマなし!既存顧客中心!「キーコーヒー」の法人営業,大阪府 大阪市,月給21万円～35万円,7日前,リクナビNEXT
株式会社ナコム,既存顧客多数〇新しいフードメニューの提案・ヒアリング営業,大阪府 大東市 住道駅,"月給22万5,000円～35万円",16日前,株式会社ナコム
株式会社ライフ,営業,大阪府 泉大津市,月給23万円～,6日前,Ｅしごとぱど
株式会社イズ,面接確約 リフォーム業界の企画営業・仲介／内装コーディネート,大阪府 大阪市 浪速区,"月給24万5,000円～",4時間前,リクナビNEXT
株式会社ラ・コロール,営業生産,大阪府 大阪市 堺筋本町駅,公開していません,1日前,クリーデンス
泉州広告株式会社 ぱどお仕事紹介事務局,印刷営業スタッフ,大阪府 岸和田市 東岸和田駅 徒歩5分,月給28万円～,6日前,Ｅしごとぱど
高島株式会社,法人営業経験歓迎／第二新卒・営業未経験OK／東証プライム上場／創業100年超の多角的専門商社,大阪府 大阪市 肥後橋駅,年収400万円～550万円,1時間前,doda
株式会社アール・エス・シー,東証スタンダード市場上場で安定!既存顧客管理メイン 営業職,大阪府 大阪市 淀屋橋駅 徒歩3分,月給22万円～28万円,3日前,リクナビNEXT
株式会社ビキジャパン,卸営業,大阪府 大阪市 心斎橋駅,公開していません,3日前,クリーデンス
株式会社IDD,未経験大歓迎 通信コンサル営業 高収入・月収50万以上可能,大阪府 大阪市 心斎橋駅 徒歩6分,月給25万円～,21日前,マイナビ転職
株式会社中西製作所,既卒歓迎／ルート営業職／お客様に最適な厨房機器やシステムを提案!年休125日／残業月20時間程,大阪府 大阪市 生野区,年収300万円～500万円,6日前,Re就活
東京建物不動産販売株式会社,幅広い経験・スキルをその手に! 不動産売買営業 月給28万円～,大阪府 大阪市 中央区,月給28万円～42万円,1日前,マイナビ転職
株式会社スズキ,無垢フローリング床材の提案営業 創業70年の床材の専門商社,大阪府 大阪市 中央区,"月給24万2,000円～37万円",14日前,エン転職
ケイアイスター不動産株式会社,不動産法人営業 年収1000万円を目指せる 東証プライム上場,大阪府 大阪市,月給22万円～,14日前,リクナビNEXT
株式会社ベルテクノ,仕事はマジメ!でも職場は明るく優しい 営業スタッフ 大阪募集,大阪府 大阪市 北区,"月給23万7,150円～",1時間前,マイナビ転職
株式会社ベルテックス,法人営業,大阪府,"年収500万円～1,000万円",3日前,U29JOB
アラオ・インターナショナル・ジャパン株式会社,ルート営業 完全週休2日制 年休125日 残業基本なし,大阪府 大阪市 淀川区,"月給22万5,000円～",3日前,リクナビNEXT
グンゼ株式会社,産業機器製品の提案営業,大阪府 茨木市 茨木駅,年収330万円～410万円,17時間前,doda
運営元 株式会社CLAYPLUS／大阪府 転職窓口,個人営業,大阪府 寝屋川市,年収300万円～350万円,2日前,かんたん応募
株式会社トリアイナ,リユース業界で活躍! ルート営業 未経験歓迎,大阪府 大阪市 浪速区,月給30万円～50万円,3日前,マイナビ転職
日誠マリン工業株式会社,ルート営業 土日祝休み 年休120日 設立46年の健康補助食品メーカー,大阪府 大阪市 北区,月給23万円～,公開していません,エン転職
株式会社0519,不動産営業 自由に稼ぐ!新しい「エージェント」という働き方,大阪府 豊中市 豊中駅 徒歩15分,公開していません,3日前,リクナビNEXT
富士産業株式会社,食品原料に関する法人営業 年休124日 残業10H,大阪府,年収288万円～480万円,8時間前,リクルートエージェント
株式会社UYEKI,日用品のルート営業 大ヒット!TV出演商品多数 残業時間月平均10時間 営業特別手当あり,大阪府 大阪市 新大阪駅 徒歩18分,月給30万円～,17日前,エン転職
株式会社伸和トータルエンジニアリング,営業,大阪府 大阪市 大阪天満宮駅 徒歩6分,年収300万円～500万円,3日前,U29JOB
綜建産業株式会社,賞与年3回 前年賞与平均7.00ヶ月分 年休125日 企画営業,大阪府 大阪市 中津駅 徒歩4分,"月給20万3,000円～29万3,000円",2日前,マイナビ転職
富士ソフト株式会社,営業職 国内最大級のSIer,大阪府 大阪市 中央区,"月給23万1,000円～35万円",14日前,マイナビ転職
大和冷機工業株式会社,研修充実 未経験歓迎の営業 創業63年黒字・東証プライム上場,大阪府 大阪市,"月給21万3,300円～",7日前,リクナビNEXT
株式会社アースシステム,中古住宅再生事業の企画営業 少数精鋭の部署で事業を拡大,大阪府 大阪市 本町駅 徒歩1分,月給25万円～45万円,3日前,リクナビNEXT
光村図書出版株式会社,4年に1度の改訂に向けた教科書の出版営業 正社員登用前提,大阪府 大阪市 本町駅 徒歩1分,月給27万円～,3日前,リクナビNEXT
株式会社CBホールディングス,CBコンサルティング 事業開発支援営業 介護施設等の⽴ち上げコンサルティング／20〜30代活躍中,大阪府,年収400万円～800万円,12日前,かんたん応募
オリックス野球クラブ株式会社,プロ野球球団スポンサー・シーズンシート等の営業 プロ野球チームの未来を創る,大阪府 大阪市 ドーム前千代崎駅,年収330万円～430万円,3日前,doda
株式会社NEXT STORIES,アフターフォロー営業 月給30万～&完休2日 WEB面接OK,大阪府 豊中市,月給30万円,14日前,マイナビ転職
キャリアリンク株式会社,「上場企業×人材業界大手」で働ける! 営業,大阪府 大阪市 中央区,"月給23万8,000円～",7日前,マイナビ転職
株式会社リックコミュニケーションズ,未経験OK 商業施設のプロモーションを手掛ける販促企画・営業,大阪府 大阪市 淀川区,月給23万円～,20日前,リクナビNEXT
日東工器株式会社,世界トップクラスのメーカー 20代～30代が活躍中!法人営業,大阪府 大阪市 東成区,月給27万円～38万円,7日前,リクナビNEXT
朝日インテックJセールス株式会社,血管内治療用カテーテルの国内トップクラスの営業年休122日,大阪府 吹田市,"月給23万5,000円～45万円",28日前,マイナビ転職
ナサ流通企画株式会社,1、営業企画及び2、WEBショップ運営／商品カタログデザイン補助,大阪府 東大阪市 徳庵駅 徒歩10分,月給20万円～30万円,公開していません,楽天仕事紹介
ヒューマンデジタルコンサルタンツ株式会社,1社1社と向き合い、自由な提案を行う／ITソリューション営業,大阪府 大阪市 心斎橋駅 徒歩1分,月給28万円～65万円,9日前,リクナビNEXT
株式会社司,未経験歓迎 普通免許があればOK／営業,大阪府 茨木市,月給26万円,4時間前,リクナビNEXT
株式会社杉孝,営業事務職,大阪府 大阪市 難波駅,年収370万円～432万円,5日前,doda
アパマンショップ,賃貸住宅の管理業務を受託するための営業スタッフ関大前店 株式会社 レンタル・パーク,大阪府 吹田市,月給20万円～22万円,13日前,アパマンショップ
株式会社木下の賃貸,物件オーナーを開拓 賃貸管理の新規開発営業,大阪府 吹田市,年収450万円～,9日前,リクナビNEXT
株式会社ジェイエヌシステム,ルート営業 ～事業拡大で業績好調／お客様とじっくり向き合える／既存顧客メイン／公共案件あり～,大阪府 大阪市 本町駅,年収360万円～390万円,3日前,doda
株式会社マルカン,若手活躍中!月給28万円スタートのルート営業,大阪府 大阪市 新大阪駅,月給28万円～,7日前,マイナビ転職
棚田建材株式会社,防水工事の法人営業 新規開拓なし 創業71年安定企業 残業少 離職率7%,大阪府 大阪市 西区,月給22万円～33万円,公開していません,エン転職
株式会社パイ・アール,IT会社の企画営業職 賞与年3回 残業月10時間以内,大阪府 大阪市 中央区,月給24万円～39万円,14日前,マイナビ転職
前田印刷株式会社,法人へ印刷・書物の企画提案・ルート営業／転勤無,大阪府 大阪市 西区,月給20万円～34万円,15日前,リクナビNEXT
パーソナル情報システム株式会社,創立51年の高収益IT企業 IT・システム営業／コンサル,大阪府 大阪市 北区,月給40万円～50万円,22日前,リクナビNEXT
株式会社MSソリューションズ,企画営業 大阪拠点立ち上げメンバーを増員募集!転勤なし,大阪府 大阪市 心斎橋駅 徒歩4分,"月給21万9,350円～28万5,861円",29分前,マイナビ転職
株式会社SANN,建築営業職,大阪府 大阪市,月給29万円～47万円,20日前,かんたん応募
株式会社Be-flow,入社半年で月収50万円以上は当たり前の世界! 営業・販売,大阪府 大阪市 西区,月給25万円～,23日前,リクナビNEXT
高井水栓株式会社,ルート営業スタッフ,大阪府 大阪市 阿倍野駅,月給20万円～,12日前,イーアイデム
ブラザー工業株式会社,工作機械の国内営業,大阪府,"年収450万円～1,000万円",10日前,タイズ
株式会社ファイン・ロジ,顧客サポート・営業 土日祝休み 女性活躍中,大阪府 大阪市 新大阪駅,月給23万円～35万円,3日前,リクナビNEXT
株式会社ゴールドスター,異業種から転職した人も稼いでいる不動産営業,大阪府 摂津市 摂津市駅 徒歩5分,月給30万円～,4時間前,リクナビNEXT
日鉄鋼管ファインチューブ株式会社,営業／自動車部品用鋼管メーカー,大阪府 大阪市 中央区,年収380万円～500万円,5時間前,クリエアナブキ
SANGO株式会社,営業スタッフ,大阪府 大阪市 新大阪駅 徒歩5分,月給23万円～68万円,21時間前,マイベストジョブ
オックスフォード・インストゥルメンツ株式会社,分析機器事業部 営業職,大阪府 大阪市 淀川区,年収550万円～750万円,3日前,en ミドルの転職
ペンターテイナー株式会社,外壁塗装工／営業,大阪府 八尾市,"日給1万円～1万8,000円",16時間前,職人スタイル
株式会社アプロワーク,枚方市の家具屋さんにて営業事務,大阪府 枚方市 長尾駅 バス7分,"時給1,350円",2日前,株式会社アプロワーク
株式会社日本ロジコム,物流コーディネーター・営業事務 年間休日120日 物流企画,大阪府 大阪市 なんば駅 徒歩1分,月給24万円～,1日前,リクナビNEXT
株式会社平山,コンクリートメーカーでの営業,大阪府 大阪市 新大阪駅 徒歩6分,月給20万円～,17日前,ものっぷ
株式会社ライダース・パブリシティ,企画営業 家族手当など福利厚生も充実,大阪府 大阪市 大阪駅,月給24万円～,24日前,エン転職
ソフトバンク,BtoB向けソフトバンク商材の営業 未経験スタート歓迎,大阪府 大阪市,月給20万円～40万円,9時間前,リクナビNEXT
阪急産業株式会社,未経験歓迎!建設資材の営業年間休日120日以上／ノルマなし,大阪府 大阪市 大阪梅田駅 徒歩4分,"月給20万6,000円～22万円",公開していません,マイナビ転職
株式会社電話放送局,法人営業／経験活かし注目されているマーケットで活躍しませんか,大阪府 大阪市 北新地駅,月給29万円～41万円,14日前,リクナビNEXT
株式会社アクティブプランニング,営業 大阪·京橋 派遣コーディネーター,大阪府 大阪市 京橋駅 徒歩7分,月給26万円～,2日前,株式会社アクティブプランニング
株式会社フジエテキスタイル,カーテンなどのファブリックの提案営業,大阪府 大阪市 本町駅 徒歩1分,月給21万円～35万円,15日前,リクナビNEXT
株式会社クラブネッツ,提案営業職,大阪府,年収600万円～850万円,6日前,Aidem Smart Agent 転職
