西谷印刷株式会社,法人営業,"東京都 江東区 清澄白河駅 徒歩5分                                                                                                                                                                    




清澄白河駅の求人
をすべて見る",月給23万円～30万円,2日前,かんたん応募
H.O.C株式会社,人々の記憶に残る景観設備メーカーの提案営業,"東京都 小金井市                                                                                                                                                                    




H.O.C株式会社の求人
をすべて見る","月給22万5,000円～28万5,000円",1日前,リクナビNEXT
株式会社Surpass,営業職／チームで営業／大企業向けセールス代行／未経験OK／20〜30代活躍中,東京都 品川区,年収312万円～340万円,1日前,かんたん応募
株式会社八重洲ライフ,給食食材・食事サービスの提案営業・ラウンダー営業,"東京都 中央区 宝町駅 徒歩2分                                                                                                                                                                    




宝町駅（東京都）の求人
をすべて見る",月給23万円～30万円,8時間前,リクナビNEXT
ライセンエネルギー株式会社,法人営業／太陽電池モジュール外資メーカー／業界未経験歓迎,東京都 中央区 宝町駅,年収350万円～800万円,1日前,リクナビNEXT
株式会社小谷穀粉,国内屈指の茶メーカーの営業職,"東京都 中央区 八丁堀駅 徒歩3分                                                                                                                                                                    




八丁堀駅（東京都）の求人
をすべて見る",月給20万円～,1日前,リクナビNEXT
株式会社ファミリーライフサービス,住宅ローン「フラット35」等の提案営業 完全週休2日,"東京都 武蔵野市                                                                                                                                                                    




株式会社ファミリーライフサービスの求人
をすべて見る",月給26万円～42万円,10日前,マイナビ転職
株式会社Sales and Innovation...,セールスディレクター 国内における営業支援・営業代行プロジェクトに携わる営業／20〜40代活躍中,東京都 品川区,"年収300万円～1,500万円",5日前,かんたん応募
株式会社住建ハウジング,完全反響の不動産売買営業 未経験多数／年収1443万円も可能,東京都 渋谷区 代々木上原駅 徒歩7分,月給30万円,7日前,リクナビNEXT
東港金属株式会社,営業職 創業120年の老舗安定企業 SDGsに関わるビジネス 20代からマネジメントに挑戦,"東京都 大田区 大森駅 バス20分                                                                                                                                                                    




東港金属株式会社の求人
をすべて見る",月給30万円～,3日前,エン転職
株式会社エーアイテイー,輸送方法をご提案する営業・営業企画,東京都 中央区 八丁堀駅 徒歩3分,"月給23万6,000円～36万9,000円",6日前,リクナビNEXT
株式会社リアン,次はあなたの番です! 不動産営業,東京都 千代田区 神田駅 徒歩2分,月給24万円～,1日前,リクナビNEXT
株式会社SNSソフト,SES営業 完全土日祝休み／経験者は月給30万円以上スタート,東京都 千代田区 岩本町駅 徒歩3分,月給23万円～,1日前,リクナビNEXT
株式会社SAN CUBE,エンジニアを紹介するSES営業スタッフ,東京都 新宿区 新宿駅 徒歩10分,月給30万円～45万円,1日前,かんたん応募
日本光電工業株式会社,東証プライム上場!大手医療機器メーカーの営業 20代活躍中,東京都,"月給19万5,900円～30万5,800円",2時間前,マイナビ転職
トラコム株式会社 西日本営業部,企業の売り上げや成長が、あなたの提案で変わる 求人広告営業,東京都 港区 六本木一丁目駅 徒歩2分,"月給24万4,540円～25万9,540円",3時間前,リクナビNEXT
株式会社サムソン,営業スタッフ,東京都 大田区,月給20万円～26万円,3日前,マイナビ転職
株式会社アズスタッフ,未経験入社率97% 平均年齢26歳 人材派遣サービスの営業,東京都,"月給23万6,431円～",1日前,リクナビNEXT
株式会社ニチベイ,総合インテリアメーカーの営業 新規開拓なし 土日祝休み,東京都 中央区,"月給21万4,800円～",2時間前,マイナビ転職
株式会社GCOOP JAPAN,人気の韓国コスメメーカーの「営業・販促／CS・顧客管理」,東京都 港区 赤羽橋駅 徒歩1分,月給30万円～40万円,1日前,リクナビNEXT
岡部バルブ工業株式会社,未経験歓迎! ルート営業 土日祝休 研修充実 残業20h以下,東京都 墨田区,月給24万円～40万円,10日前,マイナビ転職
株式会社ユピテル,新規開拓なし ドラレコのルート営業 土日祝休 年休124日,東京都 港区 品川駅 徒歩6分,月給23万円～,7時間前,リクナビNEXT
株式会社シグマスタッフ,土日祝休み 営業／人材コーディネーター,東京都 品川区 目黒駅 徒歩2分,年収450万円～660万円,6日前,リクナビNEXT
高砂食品株式会社,東京勤務 営業 年休121日 月給26万円以上,東京都 千代田区,月給26万円～,1時間前,マイナビ転職
株式会社MSK,警備サービスの提案営業 ノルマ無!未経験でも月給29万円以上,東京都 墨田区,月給30万円～,6日前,リクナビNEXT
株式会社共同住宅ジャパン,投資用不動産の建築提案営業・コンサルタント,東京都 新宿区 東新宿駅 徒歩5分,"年収1,050万円",6時間前,リクナビNEXT
アビトップ株式会社,水に関わる耐食資材の提案営業,東京都 台東区,月給20万円～25万円,9時間前,リクナビNEXT
昭和コンクリート工業株式会社,社会インフラに携わる 営業職 業績好調&安定性 &手当充実,東京都 中央区,月給21万円～30万円,3日前,マイナビ転職
株式会社ファーストフェイス,婦人服アパレル 営業・販売,東京都,月給25万円～60万円,2日前,リクナビNEXT
オリザ油化株式会社,営業スタッフ 商材はこめ油や機能性食品原料など／月給28万円～／残業月20h以下／創業83年老舗企業,東京都 千代田区 神田駅 徒歩4分,月給28万円～,21時間前,エン転職
株式会社ピーアール・デイリー,採用コンサルティング営業 月給25万円～ 「東京本社」募集,東京都 台東区 上野駅 徒歩2分,月給25万円～,2時間前,マイナビ転職
パナソニック株式会社,パッケージ／ルームエアコンの商品営業企画／HVAC,東京都 港区,月給26万円～43万円,8時間前,リクナビNEXT
株式会社センバドー,バッグなどファッション雑貨のルート営業 未経験者歓迎,東京都 渋谷区 代官山駅 徒歩5分,月給25万円～,6時間前,リクナビNEXT
コスモテキスタイル株式会社,年休125日 あなたの提案が“流行”を生み出す ルート営業,東京都 品川区 五反田駅 徒歩3分,月給20万円～26万円,6時間前,リクナビNEXT
株式会社タクテック,最適な課題解決を導くプロへ 物流企画・ソリューション営業,東京都 文京区 本郷三丁目駅 徒歩3分,年収400万円～700万円,7日前,リクナビNEXT
インプレックスアンドカンパニー株式会社,今のキャリアを捨て自ら未来を掴み取る 営業・コンサルタント,東京都 港区 虎ノ門ヒルズ駅,"月給29万8,000円～",23日前,リクナビNEXT
株式会社EBLサービス,電気設備 新規・既存法人営業,東京都 荒川区,"月給23万6,000円～39万1,000円",8時間前,リクナビNEXT
株式会社アドネット,広告代理店／反響営業・問い合わせ対応,東京都 練馬区 石神井公園駅,月給22万円～,6時間前,リクナビNEXT
株式会社コンフィデンス,営業コンサルティング／マネージャー候補 新規事業立ち上げという「0,東京都 港区 赤坂見附駅 徒歩3分,年収564万円～710万円,5日前,かんたん応募
旭エンジニアリング株式会社,電子部品・半導体の営業完全反響営業!人物本位で即採用,東京都 三鷹市 三鷹駅 徒歩3分,月給46万円～,2日前,リクナビNEXT
株式会社オンダ製作所,住宅資材のルート営業 入社後じっくり研修あり 賞与過去実績4.5ヶ月分,東京都 中央区 小伝馬町駅 徒歩3分,"月給23万5,000円",20時間前,エン転職
株式会社第一学習社,未経験OK!20代活躍中!土日祝休み! 営業・商品企画,東京都 文京区 本駒込駅 徒歩3分,"月給21万3,000円～24万6,000円",21日前,リクナビNEXT
株式会社アサップ,無借金で27期連続黒字経営 立体駐車場の営業管理職候補,東京都 八王子市 京王八王子駅 徒歩5分,月給32万円～43万円,8時間前,リクナビNEXT
株式会社セレブリックス,未経験歓迎／BtoBの営業代行や営業コンサルティングに特化した営業支援事業のコンサルティング営業職,東京都 江東区,年収330万円～420万円,10日前,かんたん応募
株式会社木下工務店,リフォーム営業 お客様の想いをカタチにする 日・月・祝休み,東京都 新宿区,月給28万円～,2日前,リクナビNEXT
株式会社g-wic,企画営業 異業種から転職者多数／最短半年でリーダー職へ昇格／独自の福利厚生あり,東京都 渋谷区,年収300万円～500万円,5日前,かんたん応募
株式会社飯田産業,幹部候補／住宅反響営業 ポテンシャル重視 若手活躍:研修あり,東京都 武蔵野市 武蔵境駅 徒歩5分,月給24万円～40万円,3時間前,リクナビNEXT
株式会社Life-do.Plus,景気に左右されない!ウエットティッシュなど衛生用品の営業職,東京都 江東区 亀戸駅 徒歩6分,月給22万円～38万円,6時間前,リクナビNEXT
株式会社ギャラリーふじもと,将来は社長の右腕として営業職で活躍いただきます! 営業補助,東京都 港区 六本木駅 徒歩3分,月給25万円,7時間前,リクナビNEXT
コイケ酸商株式会社,「日本のものづくり」を支えるルート営業,東京都 墨田区,月給20万円～33万円,6日前,リクナビNEXT
株式会社パーソンアンドピープル,卸営業,東京都 渋谷区 明治神宮前駅,公開していません,6日前,クリーデンス
ミサワリフォーム株式会社,全国転勤なし プラン作りや施工管理も担う／リフォーム営業,東京都,"月給20万5,000円～37万円",7時間前,リクナビNEXT
株式会社CIN GROUP,人材派遣営業職の募集／年間休日120日以上／中途入社50%以上／WEB面接OK,東京都,年収420万円～600万円,16時間前,Spring転職エージェント
株式会社森住建 forest house,100%反響営業! 不動産売買の仲介営業,東京都 北区 赤羽駅 徒歩1分,月給25万円,6時間前,リクナビNEXT
平野石油株式会社,一人ひとりが「総合商社」となって活躍! 営業職 土日祝休み,東京都 墨田区,月給31万円～40万円,14日前,マイナビ転職
株式会社ST,渋谷で働く「不動産営業オープニング」土日休／店舗オフィス営業,東京都 渋谷区 渋谷駅 徒歩1分,月給25万円～30万円,13日前,リクナビNEXT
TOA株式会社,セキュリティ機器や業務用音響機器の営業 フレックス勤務OK 退職金あり,東京都 江東区 木場駅 徒歩2分,月給27万円～,7日前,エン転職
株式会社創源,再生可能エネルギー推進プロジェクトのシステム営業職,東京都 台東区 浅草橋駅 徒歩5分,月給20万円～45万円,4日前,ちばキャリ
株式会社亀井製作所,業界トップクラスのミニキッチンメーカーの営業,東京都 新宿区 新宿駅 徒歩15分,月給26万円～38万円,7時間前,リクナビNEXT
大和リビング株式会社,反響営業!大和ハウス工業施工の賃貸不動産の仲介営業,東京都 千代田区 飯田橋駅 徒歩4分,月給20万円～,2日前,リクナビNEXT
住友不動産株式会社,経験者歓迎 最高年収1100万円／新築分譲マンション営業,東京都,年収400万円～500万円,2日前,リクナビNEXT
GMO医療予約技術研究所株式会社,営業企画 東証プライム上場グループ!完全週休2日制!リモートワーク可,東京都 渋谷区 渋谷駅 徒歩2分,"月給29万4,000円～",10日前,エン転職
盛田株式会社,東京・名古屋・大阪勤務 老舗醤油メーカーの営業 年休120日,東京都 中央区,"月給21万5,000円～",7時間前,リクナビNEXT
CBcloud株式会社,法人営業,東京都 千代田区 秋葉原駅 徒歩1分,年収530万円～850万円,3日前,かんたん応募
株式会社ショーエイコーポレーション,商品パッケージ・販促品の企画営業 年休125日 上場企業,東京都 千代田区,"月給21万6,750円～32万5,000円",3時間前,リクナビNEXT
株式会社インセリティー,空調・電気設備工事の技術も身に付く「営業・技術職」未経験歓迎,東京都,月給25万円～,8時間前,リクナビNEXT
司法書士法人グループ企業,未経験OK!コールセンター代行会社で法人営業,東京都 新宿区 都庁前駅 徒歩1分,年収480万円～600万円,8日前,マイナビスタッフ 転職支援
株式会社リクルート Div採用部 マーケティング...,年休140日 「スタディサプリ」で教育課題を解決 提案営業,東京都,"月給27万7,569円～",9時間前,リクナビNEXT
株式会社レジャープロダクツ,百貨店や鞄専門店などへ各種バッグの法人営業 月給27万円以上,東京都 小平市 新小平駅 徒歩5分,月給27万円～50万円,3日前,リクナビNEXT
株式会社yell,自由に選べるキャリア!#自分らしく活躍! 営業・営業企画,東京都 新宿区 新宿駅 徒歩4分,月給25万円～,3時間前,リクナビNEXT
アリスタライフサイエンス株式会社,HUMAN NUTRITION 営業担当,東京都,年収500万円～800万円,16時間前,Spring転職エージェント
スピーディ販売株式会社,営業未経験スタート8割 冗談も言える職場です「ルート営業」,東京都 葛飾区 新小岩駅 車8分,月給22万円～27万円,6日前,リクナビNEXT
株式会社イン・ディス・ライフ,年間休日120日以上 業種・職種未経験歓迎のアパレル営業,東京都 品川区 五反田駅 徒歩5分,月給22万円～35万円,1日前,リクナビNEXT
高蔵建設株式会社,提案営業／未経験から月給28万円以上・プライベートも充実,東京都 新宿区 新宿駅 徒歩5分,月給28万円～,6時間前,リクナビNEXT
ケイ.イー.シー.株式会社,営業戦略コンサルタント,東京都 豊島区 池袋駅 徒歩10分,年収300万円～600万円,1日前,ケイ.イー.シー.株式会社
アーク引越センター株式会社,未経験歓迎!ルート営業／月給24万円以上～／残業ほぼなし／八王子支店,東京都 八王子市 南大沢駅,月給24万円～,1日前,かんたん応募
旭化成リフォーム株式会社,「ヘーベルハウス」リフォーム提案営業／未経験OK／完週休2日,東京都 新宿区,"月給26万8,600円～",7日前,リクナビNEXT
Lenovo Japan合同会社,Lenovo Japan社:内勤営業職,東京都,年収～800万円,2日前,en ミドルの転職
Veeam Software Japan株式会社,独占案件・Veeam Software Japan・官公庁営業マネージャー,東京都,"年収1,000万円～1,999万円",14日前,日経転職版
富国生命保険相互会社,営業総合職 未経験から3年で営業所長へ,東京都,月給22万円～40万円,13日前,リクナビNEXT
株式会社アイドマ・ホールディングス,コンサル営業,東京都 豊島区 池袋駅 徒歩5分,月給24万円～,3日前,マイナビ転職
朝日住宅株式会社,イチから一人前の営業に育てます! 不動産仲介営業,東京都,月給22万円,6日前,リクナビNEXT
株式会社ドリームワールド,企画営業 団体旅行企画、貸切バス手配など,東京都 港区 新橋駅 徒歩7分,"月給21万4,556円～",3日前,エン転職
株式会社コア・プランニング,土日祝休み 17時までの求人広告営業 30代主婦活躍中,東京都 台東区 仲御徒町駅,月給26万円,2日前,リクナビNEXT
株式会社DMS,賞与年3回／ダイキングループ空調法人営業・ルートセールス,東京都,月給25万円～35万円,2日前,リクナビNEXT
ゼンハイザージャパン株式会社,年休127日／プロ用音響機器・ワイヤレスマイクなどの提案営業,東京都 港区 青山一丁目駅 徒歩3分,年収420万円～620万円,6日前,リクナビNEXT
株式会社Media Theater,営業経験を活かして活躍!／営業アシスタント担当,東京都 文京区 本郷三丁目駅 徒歩5分,月給20万円～,1日前,かんたん応募
株式会社アルカン,提案営業 輸入洋酒の専門商社 土日祝休 経験者を優遇,東京都 豊島区 駒込駅 徒歩6分,"月給21万9,000円～33万4,000円",6時間前,リクナビNEXT
菊池建設株式会社,不動産の企画開発営業 宅地建物取引士,東京都 西東京市 ひばりケ丘駅,年収450万円～750万円,3時間前,en ミドルの転職
報栄印刷株式会社,POPや販促物の企画営業・販促企画 若手の活躍を応援,東京都 港区 赤羽橋駅,月給22万円～30万円,7時間前,リクナビNEXT
株式会社おびなた,信州戸隠そばの魅力を伝える 営業社員募集,東京都 豊島区 大塚駅 徒歩7分,月給23万円～,2日前,リクナビNEXT
日本無機株式会社,ダイキン工業グループ企業 安定した経営基盤が魅力 営業,東京都 台東区 上野駅 徒歩5分,"月給26万4,000円～30万4,000円",6日前,リクナビNEXT
株式会社ソーシャルサービス,会報誌や自社メディアの法人向け企画営業・広告営業,東京都 港区 虎ノ門駅,"月給25万5,000円～47万5,000円",7日前,リクナビNEXT
株式会社リクルート,東京・大阪 飲食業界を、本気で変えにいこう。 市場開発営業,東京都,"月給25万7,612円～30万2,331円",7時間前,リクナビNEXT
フィンガルリンク株式会社,最新鋭のシステム／高度医療機器の企画営業・販売及びラウンダー,東京都 台東区,年収348万円～780万円,9時間前,リクナビNEXT
株式会社モデュレックス,高級照明の提案営業 第二新卒歓迎／ラグジュアリー空間のプロデュース／高い専門性が身につけられます,東京都 渋谷区 恵比寿駅,月給25万円～27万円,6日前,マイナビ転職エージェントサーチ
株式会社プレコフーズ,新規開拓営業マネージャー候補,東京都 目黒区 洗足駅 徒歩4分,年収600万円～,11日前,日経転職版
株式会社IML,営業部門立上げ／完全週休2日／動画・SNS配信などの企画営業,東京都 千代田区 淡路町駅,月給25万円～,7日前,リクナビNEXT
日本ストライカー株式会社,器械出し看護師歓迎! 整形インプラント製品の営業職募集,東京都,年収500万円～700万円,4時間前,かんたん応募
住友不動産販売株式会社,新築分譲マンション営業・販売 未経験歓迎 年休120日／m,東京都,月給24万円～45万円,2日前,リクナビNEXT
日本建総株式会社,完全反響営業です 屋根・外壁工事専門店の営業職／幹部候補,東京都,月給20万円～56万円,8時間前,リクナビNEXT
ASKUL LOGIST株式会社,営業 未経験OK チーム営業 裁量大 先輩の同行からスタート 昼食手当有,東京都 江東区 新木場駅 バス5分,月給24万円～31万円,2日前,女の転職type
ヨクスル株式会社,WEB企画営業 社長の右腕募集!営業力に自信がある方大歓迎,東京都 千代田区 溜池山王駅,月給28万円～40万円,7日前,リクナビNEXT
東建コーポレーション株式会社,営業／固定給と賞与だけで年収650万円以上の社員も。さらに成果給あり,東京都,"月給26万3,000円～",21時間前,エン転職
PayPay株式会社,営業戦略 フルリモート,東京都,年収600万円～800万円,15日前,Spring転職エージェント
株式会社クリスター,販促企画・営業 お客様の満足度を高めることが仕事,東京都 中央区 八丁堀駅 徒歩1分,月給30万円～,3時間前,リクナビNEXT
株式会社ジュポンコーポレーション,自社で開発・製造するブランド化粧品の企画営業・販促企画,東京都 品川区 五反田駅 徒歩3分,"月給23万4,000円～29万円",6時間前,リクナビNEXT
日本化薬フードテクノ株式会社,食品の安全を支える 営業 年間休日127日／手当充実,東京都 豊島区,月給22万円～30万円,3日前,リクナビNEXT
ジャスティン株式会社,ニーズに応えるルート営業 U・Iターン、第二新卒歓迎,東京都,"月給21万5,000円～24万5,000円",2日前,リクナビNEXT
春日井製菓株式会社,お菓子のルート営業 創業94年,東京都 台東区 新御徒町駅 徒歩8分,月給23万円～28万円,21時間前,エン転職
株式会社オービス,プレハブ建築の営業,東京都 千代田区 小川町駅 徒歩4分,"月給26万3,000円～44万3,000円",4日前,ちばキャリ
スノーシステムズ株式会社,全国各地のスキー場に雪を降らせる 人工降雪機等の提案営業,東京都 千代田区 大手町駅 徒歩5分,月給23万円～,7時間前,リクナビNEXT
株式会社ジャパン・リリーフ,人材派遣の営業 年休120日／土日祝休／ずっと地元で働ける,東京都 千代田区,月給25万円,1日前,リクナビNEXT
株式会社神戸製鋼所,国内・海外に活躍の場が広がる 営業職,東京都 品川区,月給21万円～40万円,3日前,マイナビ転職
株式会社デュアルタップ,法人営業職 未経験可!上場企業の子会社スタートアップで即成長!多様な業界と携われる／土日休み,東京都 品川区,年収276万円～400万円,12日前,かんたん応募
株式会社住建ハウジング中野,未経験でも全員月給30万円スタート!不動産の賃貸営業,東京都 中野区 新中野駅 徒歩2分,月給30万円～40万円,6時間前,リクナビNEXT
ポスタス株式会社,自社クラウドサービスの提案営業／早期マネージャー抜擢もあり,東京都 中央区 築地市場駅 徒歩5分,"月給28万円～45万8,000円",7時間前,リクナビNEXT
株式会社近宣,未経験歓迎／第二新卒 残業ほぼなし 交通広告の企画営業,東京都 港区,"月給21万5,000円～",9日前,リクナビNEXT
株式会社東都,幹部候補／老人ホーム紹介や身元保証相談員／営業,東京都 中野区 野方駅 徒歩6分,月給30万円～50万円,6日前,リクナビNEXT
ヤンマーホールディングス株式会社,国内営業,東京都 千代田区,年収500万円～,10時間前,en ミドルの転職
JPアセット証券株式会社,証券営業職,東京都,年収400万円～700万円,7日前,日経転職版
株式会社ファミリーコーポレーション,不動産の市場調査・営業 未経験歓迎 20～40代活躍,東京都 港区 新橋駅 徒歩3分,月給30万円,7時間前,リクナビNEXT
株式会社メドレー,日本の医療を支える提案を―― 営業系総合職 未経験歓迎,東京都 港区 六本木駅 徒歩4分,月給27万円～45万円,9日前,マイナビ転職
株式会社ジェネシス,営業アシスタント・庶務 未経験者歓迎／残業は月平均10h未満,東京都 武蔵野市 吉祥寺駅 徒歩10分,"月給21万1,000円～25万円",6日前,リクナビNEXT
アデコ株式会社,既存顧客への営業,東京都 中央区 築地駅 徒歩9分                                                                                                                                                                その他 (19),"時給1,800円～",9時間前,Adecco 派遣
株式会社ietty,賃貸営業 AIを活用した自社サービスで“脱アナログ”を実現,東京都 渋谷区 恵比寿駅 徒歩2分,月給25万円～,3時間前,マイナビ転職
株式会社オープンハウス,不動産営業系総合職,東京都,月給30万円～,11日前,日経転職版
株式会社エコ・グローバル,1件最大50万円の歩合あり!太陽光発電や蓄電池の営業,東京都 板橋区,月給25万円～,13日前,リクナビNEXT
Wematch,法人営業,東京都 港区                                                                                                                                                                その他 (119),年収216万円～450万円,1日前,かんたん応募
株式会社丸秀工機,国内シェアトップクラス!自社製品の提案営業 年休126日,東京都 江東区 西大島駅,月給20万円～27万円,4日前,マイナビ転職
東京食品販売国民健康保険組合,飲食業界で働く人の健康をサポートする提案営業,東京都,"月給20万3,405円～22万1,185円",7時間前,リクナビNEXT
日本社宅サービス株式会社,長く寄添う 法人営業・カスタマーサクセス 住宅手当有,東京都 新宿区 牛込柳町駅 徒歩6分,"月給28万4,200円～",6日前,リクナビNEXT
株式会社相模原木材センター,地域密着で業績安定した働き方を!木材建材の法人営業・商品管理,東京都 町田市 町田駅 車15分,"月給20万6,000円～",6時間前,リクナビNEXT
株式会社ジーンサイエンス,がん遺伝子検査サービスなどを提案!営業／年間休日123日,東京都 千代田区 半蔵門駅,月給30万円～,7時間前,リクナビNEXT
株式会社JTB商事,ホテル・宿泊施設などへのルート営業・提案営業 JTBグループ,東京都,月給23万円～37万円,9時間前,リクナビNEXT
株式会社ソーキ,計測機器等レンタルの提案営業,東京都 中央区 茅場町駅 徒歩4分,月給25万円～,7日前,マイナビ転職
岡田工業株式会社,金属製パレットのルート営業／群馬・東京,東京都 千代田区,"月給19万3,000円～29万6,000円",8時間前,リクナビNEXT
株式会社らいふ,月給30万円以上 ALSOKの介護 営業・マーケティング職,東京都 港区 品川駅 バス5分,"月給31万2,672円～",2日前,リクナビNEXT
株式会社インフィライズ,提案営業 20代も活躍中!立ち上げ5年目のIT事業を拡大,東京都 豊島区 池袋駅 徒歩5分,月給23万円～50万円,6日前,リクナビNEXT
パーソルテンプスタッフ株式会社,営業支援ツールの営業&フォロー業務,東京都 江東区 豊洲駅 徒歩1分,"時給1,900円～",6日前,ジョブチェキ！
株式会社キツタカ,畳・襖の総合メーカーでの反響営業 未経験大歓迎,東京都 調布市 調布駅 車7分,月給25万円,2時間前,マイナビ転職
株式会社アライン,コミュニケーション能力があればOK! 環境ビジネスの営業,東京都 千代田区 淡路町駅 徒歩3分,月給25万円～40万円,1日前,リクナビNEXT
Ex-Works株式会社,営業事務兼貿易事務 年間休日123日+有給20日 リモートワーク率70%以上 日立GrBPO,東京都 港区 虎ノ門ヒルズ駅,年収365万円～465万円,2日前,かんたん応募
日産部品中央販売株式会社,月給25万円以上可!日産グループ 営業事務 幹部候補,東京都,"月給18万8,000円～",2日前,リクナビNEXT
ミサワホームグループ,全国転勤なし 「MISAWA」注文住宅の営業・展示場での販売,東京都,月給42万円,8時間前,リクナビNEXT
株式会社サエラ,傘の企画提案営業 こわれない・使い捨てない傘を世の中へ,東京都 港区 白金高輪駅 徒歩5分,月給23万円～30万円,2時間前,マイナビ転職
株式会社RELIEF-紬ホーム,企画営業,東京都 あきる野市 武蔵引田駅 徒歩6分,月給40万円～70万円,17時間前,株式会社RELIEF-紬ホーム
ステップ・アソシエイツ株式会社,不動産会社向け住宅ローンの提案営業,東京都 中央区 八丁堀駅 徒歩8分,"時給2,000円～",11時間前,STEP ASSOCIATES
株式会社ネットマイル,未経験歓迎!SNS広告の企画営業・Webマーケティング,東京都 港区 虎ノ門ヒルズ駅 徒歩3分,月給25万円～45万円,7時間前,リクナビNEXT
株式会社セカンドステージ,新しいチャレンジを応援 物流関連の人材コーディネーター・営業,東京都 品川区,"月給22万6,000円～50万円",14日前,リクナビNEXT
株式会社アキュラホーム,完全反響型リフォーム営業・インテリアプランナー／20代活躍中,東京都,月給20万円～38万円,9日前,リクナビNEXT
株式会社fonfun,上場企業／IT営業 SMSを活用したサービス企画営業,東京都 渋谷区 笹塚駅 徒歩5分,月給25万円～,8時間前,リクナビNEXT
株式会社プレジール,アパレル未経験歓迎!服飾・生活雑貨の法人営業,東京都,"月給18万9,000円～30万円",3時間前,リクナビNEXT
株式会社とらの門,設立以来75年間、安定成長を続けている自動車部品のルート営業,東京都 世田谷区 用賀駅 徒歩5分,月給28万円～,1日前,リクナビNEXT
キャストワン株式会社,未経験歓迎・月給36万円以上 人材派遣会社での法人営業職,東京都 立川市 立川駅 徒歩3分,月給36万円～,3日前,リクナビNEXT
株式会社ハンドベル・ケア,営業 未経験歓迎!専門領域の営業スキルの習得を支援します,東京都 北区 浮間舟渡駅 徒歩3分,月給20万円～35万円,7日前,マイナビ転職
株式会社キャセリーニ,卸営業,東京都,公開していません,3日前,クリーデンス
株式会社巴商会,様々な業界のモノづくりを支える専門商社の営業賞与4.9か月,東京都 大田区,"月給21万7,500円～",1日前,マイナビ転職
三澤株式会社,卸営業,東京都 渋谷区 北参道駅,公開していません,9日前,クリーデンス
株式会社アール・アンド・エー・シー,コンサルティング営業 リモートワークOK フレックス勤務OK! 毎週水曜日はノー残業デー,東京都 中央区 東日本橋駅 徒歩2分,"月給33万7,891円～",3日前,エン転職
稲畑産業株式会社,営業職,東京都,年収670万円～950万円,14日前,日経転職版
東京モーレックス坩堝株式会社,土日休&月給25万以上 販売シェア国内トップクラス／提案営業,東京都 江戸川区 平井駅 徒歩5分,月給25万円～,13日前,リクナビNEXT
株式会社桑山,国内営業,東京都 台東区 上野駅,公開していません,6日前,クリーデンス
株式会社エフネット,お客様の未来を実現するライフプランニング営業／飛躍されたい方,東京都 江東区 亀戸駅 徒歩5分,月給25万円～,6時間前,リクナビNEXT
Sansan株式会社,営業部門 部長候補 当社独自のソリューションで,東京都,"年収952万円～1,505万円",14日前,日経転職版
株式会社スズオカ,空港・鉄道のサイン製造会社／営業 未経験OK・新規営業なし,東京都 大田区 六郷土手駅,月給24万円～,7日前,リクナビNEXT
尾崎理化株式会社,じっくりとお客様に寄り添える! ルート営業 年間休日125日,東京都 八王子市 長沼駅,"月給23万9,400円～26万3,600円",1時間前,マイナビ転職
株式会社カロッツェリアジャパン,既卒歓迎／営業職／世界的に有名なショックアブソーバーメーカー「オーリンズ」のブランド価値を守る責任と...,東京都 足立区 梅島駅 徒歩15分,年収300万円～400万円,1日前,Re就活
ウィズ合同会社,金融営業,東京都 中央区 八丁堀駅 徒歩5分,月給32万円～80万円,1日前,ウィズ合同会社
株式会社RERISE,不動産営業／職種・業界未経験歓迎 お客様へマンション・戸建ての提案営業をお任せします,東京都 新宿区 都庁前駅 徒歩5分,月給30万円～,7日前,マイナビ転職エージェントサーチ
株式会社ビズアップ総研,自社WEB研修サービス「e-JINZAI」の企画営業 月給45万円～,東京都 港区 新橋駅 徒歩5分,月給45万円～,2日前,マイナビ転職
AIRUCA株式会社,未経験OK AI システムの法人営業,東京都 渋谷区 渋谷駅 徒歩1分,月給25万円～50万円,7日前,リクナビNEXT
株式会社キャステム,広島の精密金属部品メーカー首都圏営業担当,東京都,年収400万円～500万円,14日前,日経転職版
株式会社エグゼクティブ,法人営業 完全テレワーク,東京都 中央区 人形町駅 徒歩5分,月給23万円～50万円,3日前,かんたん応募
生和コーポレーション株式会社,営業／東日本本社,東京都 千代田区,"月給33万8,000円",11日前,日経転職版
キャレット合同会社,企業の「できる」を増やす!IT営業,東京都 新宿区 新宿三丁目駅 徒歩3分,月給35万円～45万円,2日前,リクナビNEXT
株式会社ヴェリサイト,企業の営業戦略を支援する 営業・営業コンサルタント候補,東京都,"月給27万8,000円～",15日前,リクナビNEXT
株式会社日立ソリューションズ,本社 勤務 大手企業へのITソリューション営業,東京都 品川区,月給23万円～,1日前,リクナビNEXT
旭化成アミダス株式会社,IoT技術や製品の提案営業!大手メーカグループで正社員目指す,東京都 千代田区 神田駅,"時給2,100円",4日前,エン派遣
株式会社キッツ,東証プライム市場上場企業 未経験歓迎 バルブ等の代理店営業,東京都 中央区 日本橋駅 徒歩3分,月給25万円～,23日前,リクナビNEXT
ノービルトラスト株式会社,宅建の資格を活かせる!営業事務 月給30万円／土日祝休み,東京都 港区 神谷町駅 徒歩1分,月給30万円,7時間前,リクナビNEXT
宇賀神電機株式会社,法人営業,東京都 港区,年収370万円～400万円,11日前,日経転職版
右下精器製造株式会社,社会に欠かせない商品を扱う 圧力計のルート営業 残業なし,東京都 港区,月給25万円～30万円,7日前,リクナビNEXT
株式会社エルティヴィー,コンサルティング営業 マネージャー候補／ITと教育で保険業界に革新を!／転勤なし／リモートワーク,東京都 港区,年収450万円～599万円,1日前,en ミドルの転職
株式会社プロフェッショナル・ブレインバンク,営業経験が活かせる! 教育テック企業 手続きなど営業アシ,東京都 港区 青山一丁目駅 徒歩3分,"時給1,800円",15日前,エン派遣
東神工業株式会社,ルート営業 営業事務,東京都 足立区 舎人駅,月給22万円～,1日前,タウンワーク
株式会社アクシアエージェンシー,WEBマーケティングで企業の採用課題を解決する人材系企画営業,東京都 中央区 人形町駅,"月給27万5,000円～",1日前,リクナビNEXT
情報印刷株式会社,安定性 産業新聞、専門新聞、広報紙等の印刷物の提案・営業,東京都 千代田区 飯田橋駅 徒歩5分,月給25万円～30万円,7日前,リクナビNEXT
マーク工業株式会社,樹脂加工の提案営業 東京営業所立ち上げをリード,東京都 千代田区 岩本町駅 徒歩2分,月給26万円～30万円,7時間前,リクナビNEXT
株式会社カツマタテクニカルトランスポート,正当な評価制度で収入UP!物流業界の経験が活かせる法人営業,東京都 杉並区 新高円寺駅 徒歩10分,月給30万円～35万円,14日前,リクナビNEXT
株式会社ビースタイル,AIを活用した「新規開拓営業支援ツール」開発を行う上場IT企業にて法人営業,東京都 千代田区 神田駅 徒歩2分,"時給2,100円",1日前,しゅふJOBスタッフィング
株式会社大洋工芸,創業1960年 店舗の空間デザイン・ディスプレイの提案営業,東京都 中央区,"月給22万2,000円～",1日前,リクナビNEXT
株式会社イーヴンPLUS,IT営業職,東京都 千代田区,月給20万円～,8日前,Q-JiN
三浦工業株式会社,賞与5.7カ月 20代活躍 機械メーカーのソリューション営業,東京都 港区,"月給20万7,500円～35万円",13日前,リクナビNEXT
基礎地盤コンサルタンツ株式会社,官庁・地方自治体、民間企業への企画営業,東京都 江東区,月給24万円～,3日前,リクナビNEXT
マックスアルファ株式会社,業界未経験 当社の未来を担う 派遣会社営業管理職・リーダー,東京都 立川市 立川駅 徒歩8分,年収400万円～600万円,13日前,リクナビNEXT
株式会社M.D.M,建築営業,東京都 福生市 東福生駅 車10分,月給25万円～35万円,2日前,株式会社M.D.M
三協ゴム株式会社,コミュニケーション能力を活かせる! 国内ルート営業,東京都 足立区 西新井大師西駅 徒歩1分,月給23万円～28万円,6時間前,リクナビNEXT
株式会社イズミシステム設計,自由な営業×新ITサービス 建築系自社開発ソフトの企画営業,東京都 千代田区 飯田橋駅 徒歩2分,月給22万円～35万円,13日前,リクナビNEXT
株式会社ボンズ,営業／残業ナシ コールスタッフ／ノルマなし,東京都 八王子市 京王八王子駅 徒歩1分,月給25万円～,1日前,タウンワーク
株式会社加藤美蜂園本舗,業界シェアNO.1食品メーカーの営業職 ルート・企画提案営業,東京都 台東区,月給20万円～30万円,7日前,リクナビNEXT
株式会社メイゼン,完週休2日&年休130日 不動産仕入れ営業 月給35万円～,東京都 豊島区 池袋駅 徒歩6分,月給35万円～,6時間前,リクナビNEXT
株式会社三和鉄工,ネジ製品のルート営業 土日祝休み&年間休日123日,東京都,"月給24万3,500円～29万1,500円",4時間前,リクナビNEXT
株式会社平和マネキン,センスを活かして店舗をプロデュース 営業職 完全週休2日制,東京都,月給20万円～30万円,25日前,マイナビ転職
株式会社和久産業イースト,法人営業／施工管理,東京都 中央区 八丁堀駅 徒歩6分,月給27万円～35万円,1日前,リクナビNEXT
SFビルメンテナンス株式会社,土日祝休み&賞与年2回&月給25万円以上! 営業・設備管理,東京都 墨田区 両国駅 徒歩7分,月給28万円～40万円,13日前,リクナビNEXT
株式会社耕文社,印刷物の企画営業 美容・エンタメ・飲食など取引業界は様々,東京都 品川区 大崎駅,月給24万円～36万円,21日前,リクナビNEXT
井口食品株式会社,未経験歓迎!食品メーカーの 提案営業 残業月20時間程度,東京都 千代田区,月給22万円～35万円,1時間前,マイナビ転職
東亜電気工業株式会社,電気・電子部品を既存取引先の法人に提案する ルート営業,東京都 千代田区 末広町駅 徒歩1分,月給25万円～30万円,10日前,マイナビ転職
パブリッシングイースター株式会社,高率インセンで1年目から年収1000万の先輩も!広告企画営業,東京都 千代田区,月給25万円,13日前,リクナビNEXT
株式会社サンドリア,太陽光発電などの営業,東京都 千代田区,月給25万円～100万円,12時間前,株式会社サンドリア
株式会社ワールドコウゲイ,販促品など印刷物の提案営業 飛び込み営業なし,東京都 足立区 六町駅 徒歩9分,月給22万円～30万円,6時間前,リクナビNEXT
株式会社インターコム,ITソリューション営業 100%自社開発システム 年間休日127日 残業月20時間以下,東京都 千代田区 秋葉原駅 徒歩7分,"月給24万4,660円～",3日前,エン転職
株式会社ルーシッドテック,営業企画,東京都 豊島区                                                                                                                                                                その他 (3),年収300万円～600万円,10日前,かんたん応募
株式会社Add Flow,未経験者歓迎／Instagram・YouTubeなどSNS広告の企画営業,東京都 渋谷区 渋谷駅 徒歩7分,月給24万円～26万円,1日前,マイナビ転職
株式会社エムスタイルコネクション,年間休日122日 土日祝休み 定時退社可 人材サービス営業,東京都 港区 浜松町駅 徒歩3分,年収350万円～450万円,8日前,リクナビNEXT
株式会社いぶき,新規事業として展開!国家プロジェクトから生み出されたナノファイバー事業の強化・拡大すべく営業を募集,東京都,年収400万円～,2日前,en ミドルの転職
田野屋酒販株式会社,コンサルティング営業／第二新卒,東京都 大田区 蓮沼駅 徒歩3分,年収460万円～,1日前,マイナビ転職エージェントサーチ
イーパック株式会社,食品もあなたも優しく包みます 企画営業・営業,東京都 新宿区 新宿駅 徒歩5分,"月給23万1,800円～32万円",20日前,リクナビNEXT
株式会社ハピネット,20代・30代活躍中／中間流通業トップクラス 営業職,東京都 台東区,"月給28万8,000円～",6日前,リクナビNEXT
東レ株式会社,ABS樹脂の営業,東京都 中央区,年収500万円～700万円,1時間前,タイズ
株式会社フラクタル,営業事務／マーケティング部門のアシスタント 未経験者大歓迎,東京都 千代田区 水道橋駅 徒歩3分,月給25万円～,7日前,リクナビNEXT
株式会社三省堂,小中高向けの教科書・辞書などをご提案 営業 正社員登用あり,東京都 千代田区 麹町駅 徒歩4分,月給22万円～,6日前,リクナビNEXT
日本オリーブ株式会社,オリーブ製品の法人営業自宅を拠点に直行直帰 出社義務なし,東京都,月給25万円～29万円,15日前,リクナビNEXT
株式会社明治コーポレーション,実働7h 残業ほぼなし 不動産営業 研修充実で安心,東京都 文京区 茗荷谷駅 徒歩2分,月給30万円,6時間前,リクナビNEXT
株式会社ビコー,ルールやノルマは一切なし 建物クリーニングサービスの提案営業,東京都 江東区 森下駅 徒歩5分,月給30万円～,1日前,リクナビNEXT
大光電機株式会社,照明器具の提案営業 記憶に残るあかり空間を 年休125日,東京都 墨田区 両国駅 徒歩3分,"月給24万633円～31万7,323円",8日前,リクナビNEXT
株式会社リロケーション・ジャパン,留守宅管理サービス利用者への売買仲介営業 100%反響,東京都 新宿区 新宿三丁目駅 徒歩1分,月給33万円～,15日前,リクナビNEXT
アオイ工販株式会社,既存顧客メイン!産業機械部品の法人ルート営業 未経験OK,東京都 品川区 目黒駅 徒歩5分,"月給17万3,000円～",7日前,マイナビ転職
株式会社エコーネス,北欧インテリアの提案営業 スケジュールの決め方や動き方は自由,東京都 中央区,月給26万円～,8時間前,リクナビNEXT
ソフトバンクロボティクス株式会社,「AI×ロボット」で社会課題を解決していく!企画営業,東京都 港区,月給25万円～30万円,2日前,リクナビNEXT
株式会社ハンズキャリア,未経験からの人材派遣営業 月給27万円以上・年休120日以上,東京都 千代田区,月給27万円～35万円,8時間前,リクナビNEXT
ing-Bwell株式会社,年間休日122日・土日祝休み 採用支援セールス・営業企画,東京都 台東区 上野駅 徒歩5分,月給27万円,6日前,リクナビNEXT
アドバンスソフト株式会社,官公庁案件多数 注目のシミュレーション解析ソフトを扱う 営業,東京都 千代田区 御茶ノ水駅,月給20万円～,7日前,リクナビNEXT
株式会社天虹,リペアサービスの営業 未経験歓迎／月給28万円以上／賞与年2回,東京都 渋谷区 恵比寿駅 徒歩6分,月給28万円～40万円,20時間前,エン転職
株式会社フレッシュハウス,リフォーム営業職,東京都 足立区,"月給23万5,000円～37万円",4日前,神奈川求人ナビ
エヌ・ティ・ティ・コミュニケーションズ株式会社,中央官庁向け営業担当,東京都,年収500万円～750万円,3日前,エヌ・ティ・ティ・コミュニケーションズ株式会社
有功社シトー貿易株式会社,段ボール・紙パッケージの可能性を拡げる 営業・販促企画,東京都 千代田区 飯田橋駅 徒歩6分,月給18万円～25万円,13日前,リクナビNEXT
スターツアメニティー株式会社,東証プライム上場企業グループの不動産管理営業,東京都 江戸川区,"月給21万2,000円～",10日前,マイナビ転職
株式会社MEコーポレーション,リノベーション営業 反響中心・土日休み・評価は賞与に反映,東京都 目黒区 中目黒駅,月給27万円～40万円,6時間前,リクナビNEXT
株式会社ILC,年休128日 クリエイティブ人材の営業事務・Webマーケ,東京都 渋谷区,月給22万円～25万円,6時間前,リクナビNEXT
株式会社ジェイシーエス,営業 土日祝休み／年6回昇給／未経験大歓迎／名古屋・大阪積極採用中,東京都 渋谷区 代々木駅 徒歩2分,月給25万円～,17日前,エン転職
株式会社シマデン,創業69年目を迎えた制御機器メーカーのルート営業 未経験歓迎,東京都 板橋区 東武練馬駅 徒歩8分,月給23万円～,2日前,リクナビNEXT
株式会社アーバン21,不動産売買元付仲介の営業 管理職候補求む 業界未経験も歓迎,東京都 港区 浜松町駅 徒歩3分,月給30万円,8日前,リクナビNEXT
エス・シー・テクノロジー株式会社,「食べログ」「SNS運用代行」等のWebマーケティング営業,東京都 千代田区,月給25万円～40万円,7日前,リクナビNEXT
株式会社ログシー,キャリアアドバイザー・営業 年間休日125日以上・土日祝休み,東京都 新宿区 四ツ谷駅,月給23万円～30万円,1日前,リクナビNEXT
株式会社小田急プラネット,国内・海外営業事務,東京都 江東区 新木場駅,"時給1,700円",2日前,エン派遣
株式会社クリーク・アンド・リバー社,大手代理店での営業アシスタント,東京都 港区,"時給1,500円～1,600円",17時間前,CREATIVE JOB
株式会社中山石渠,興味をお持ちのお客様にのみお墓の提案を行う営業・営業企画,東京都 中野区 中野坂上駅 徒歩5分,"月給23万5,000円～30万円",6日前,リクナビNEXT
株式会社ケーツー販売,OA機器のルート営業 未経験歓迎 週休2日制 新規開拓なし,東京都 江戸川区 一之江駅,月給35万円～,7日前,リクナビNEXT
株式会社イノベイションオブメディカルサービス,営業事務 医療と福祉の2本柱で成長を続ける企業 社会貢献実感度の高いお仕事です! 残業月平均20h,東京都 国立市,"月給20万3,000円～",7日前,エン転職
サンワイズ株式会社,未経験歓迎 離職率5%以下 業界シェアトップクラスの営業職,東京都 港区 御成門駅 徒歩3分,月給22万円～28万円,4時間前,リクナビNEXT
H&N Global Education,私立学校をはじめとする教育機関に対しタブレットなどの端末や校内Wi-FiiなどKDDIの通信サービス...,東京都,"月給21万6,200円～",1日前,かんたん応募
株式会社アルクエデュケーション,グローバル人材育成を推進する 教材・研修の提案営業 土日休み,東京都 千代田区,年収380万円～500万円,3日前,リクナビNEXT
株式会社アールスクエア・アンド・カンパニー,Enablementコンサルタント 顧客の営業組織変革をリードしていただきます／フルリモート可,東京都,年収700万円～900万円,9日前,en ミドルの転職
信一株式会社,業界未経験者歓迎!月給25万円以上 貿易事務・営業事務,東京都 港区 神谷町駅 徒歩1分,月給25万円～,7時間前,リクナビNEXT
朝日分光株式会社,残業少なめ&土日休み 年間休日130日 営業事務／貿易事務,東京都 北区 十条駅 徒歩5分,月給20万円～,1日前,リクナビNEXT
協立電業株式会社,ルート営業 未経験歓迎!／土日祝休み／昨年度賞与4.2ヶ月分／面接1回／設立70年以上の専門商社,東京都 立川市 立川駅 徒歩4分,月給22万円～,21時間前,エン転職
株式会社ラクス,営業系総合職 全国採用,東京都 渋谷区 代々木駅 徒歩5分,"月給33万1,000円～",6日前,マイナビ転職
株式会社メモリアルアシスト,寺院への新規開拓営業 実働7時間／直行直帰メイン,東京都 足立区 北千住駅 徒歩10分,月給25万円,13日前,リクナビNEXT
株式会社ネクストレベル,企画・営業 未経験歓迎!職場体験有 正社員へ,東京都,"時給1,600円～2,000円",9時間前,リクナビNEXT
株式会社ミナト総合建設,建設営業 年収1250万円可／18歳で月収60万円可,東京都 豊島区 池袋駅 徒歩8分,月給25万円～,20日前,リクナビNEXT
関東物産株式会社,国内営業・海外営業,東京都 中央区,年収400万円～800万円,6日前,日経転職版
株式会社三共消毒,建物の維持管理 営業 施工,東京都 目黒区 学芸大学駅 徒歩8分,月給30万円～,1日前,はたらいく
株式会社エクシーク,月給40万円～ ECサポートサービスの提案営業,東京都 大田区 大森駅 徒歩2分,月給40万円～,6時間前,リクナビNEXT
リープトンエナジー株式会社,太陽光メーカーの営業／完全週休2日制・30代～40代活躍,東京都 港区,月給31万円～,7時間前,リクナビNEXT
株式会社グッドラック・コーポレーション,リゾートウェディングの旅行代理店への企画営業職求人,東京都 新宿区,月給22万円～,7日前,マイナビ転職エージェントサーチ
株式会社ゼント,100%反響営業 定時退社OK アパマンショップの賃貸営業,東京都 大田区 蒲田駅 徒歩1分,月給25万円～40万円,2日前,リクナビNEXT
東和産業株式会社,冷凍・空調機器のルート営業 土日休み,東京都 目黒区,"月給22万5,000円～26万円",3日前,マイナビ転職
セイズ株式会社,100%反響 注文住宅営業／8年連続売上UP 働きやすい環境,東京都 葛飾区 京成立石駅 徒歩3分,月給30万円～55万円,13日前,リクナビNEXT
Altissimo株式会社,スタンダード市場上場のメーカーでの法人営業職,東京都 中央区,月給21万円～35万円,12時間前,ふれツリ求人なび
株式会社エアウィーヴ,法人営業 5期連続売上高UP! 今話題のエアウィーヴ寝具,東京都 千代田区,年収348万円～,17日前,エン転職
ぴあ株式会社,エンタメに関わる企画営業／未経験歓迎,東京都 渋谷区 渋谷駅 徒歩8分,"月給21万2,850円～33万8,800円",6時間前,リクナビNEXT
株式会社テーオーフローリング,学校などの床のフローリングを提案するルート営業 年休125日,東京都 練馬区 練馬高野台駅 徒歩12分,月給30万円～,8日前,リクナビNEXT
株式会社ナンガ,卸営業,東京都 渋谷区 北参道駅,公開していません,6時間前,クリーデンス
株式会社木下の介護,ゼロから介護施設をつくる開発営業 年休120日 土日祝休み,東京都 新宿区 西新宿駅,"年収960万円～1,200万円",2日前,リクナビNEXT
丸井産業株式会社,入社1年目でも年収500万以上!業界トップクラスの「営業職」,東京都,"月給22万1,550円～30万2,460円",8時間前,リクナビNEXT
株式会社文化工房,法人・自治体・官公庁に向けた 企画営業／問合せ対応中心,東京都 港区 六本木駅 徒歩6分,"月給25万6,900円～",7日前,リクナビNEXT
株式会社サンマリノ,OEM営業,東京都 中央区 築地駅,公開していません,6日前,クリーデンス
株式会社平和医用商会,長年お取引のある病院への「眼科医療機器」のルート営業,東京都 文京区 本郷三丁目駅,月給20万円～37万円,23日前,リクナビNEXT
グローバルライフ株式会社,営業事務 残業月10h以下 完全週休2日制 賞与年2回,東京都 墨田区 錦糸町駅,月給23万円～30万円,6時間前,リクナビNEXT
株式会社キャリアシステムズ,営業コーディネーター,東京都,年収350万円～480万円,14日前,日経転職版
株式会社ユニホー,不動産営業／分譲営業・不動産仲介管理・開発管理・賃貸ビル管理／ZENホールディングス,東京都,年収400万円～550万円,1日前,イーキャリアFA
イシン株式会社,官民や国境を越えた事業に携わる総合職／営業,東京都 新宿区,"月給24万9,961円～30万2,422円",7時間前,リクナビNEXT
シージェイジャパン株式会社,営業 CJグループ 年休120日,東京都 港区 新橋駅 徒歩6分,年収450万円～,20時間前,エン転職
本田技研工業株式会社,Hondaの海外営業・販促 二輪・四輪・パワープロダクツ,東京都 港区,"月給22万6,000円～",8時間前,リクナビNEXT
日綜産業株式会社,メーカー営業,東京都 中央区,月給25万円～35万円,9日前,リクナビNEXT
株式会社タグ・ホールディングス,「テンピュール」・「エアーかおる」等の雑貨を扱うルート営業,東京都 千代田区 神田駅,"月給21万4,943円～27万2,261円",1日前,リクナビNEXT
メタルテック株式会社,営業担当者,東京都 墨田区 錦糸町駅 徒歩10分,"月給5万9,000円",10日前,日経転職版
株式会社MILLS,明治 特約代理店: MILLSでの営業スタッフ,東京都,月給26万円～35万円,2日前,リクナビNEXT
株式会社光建舎,お客様の“理想を現実”に! リノベーション及び不動産買取営業,東京都 港区 芝公園駅 徒歩1分,月給26万円～45万円,15日前,リクナビNEXT
株式会社ボードルア,営業部長,東京都,"年収1,000万円～1,200万円",14日前,日経転職版
株式会社城山ホールディングス,既存顧客への法人ルート営業インセンティブあり／土日祝休,東京都 品川区 北品川駅 徒歩11分,月給25万円～33万円,28分前,マイナビ転職
株式会社木下抗菌サービス,法人営業 “抗菌対策のプロ”として活躍してみませんか,東京都 新宿区 西新宿駅,月給25万円～35万円,20日前,リクナビNEXT
トヨタホーム株式会社 トヨタホーム販売会社グルー...,全国転勤なし／未経験歓迎／トヨタホームのリフォーム営業,東京都,月給44万円,21日前,リクナビNEXT
株式会社トップグローバル,韓国系商社での貿易営業,東京都 千代田区,年収425万円～800万円,1日前,かんたん応募
株式会社からだにいいこと,広告営業職～月刊「からだにいいこと」担当／月間11万部発行の女性向け健康生活情報誌～,東京都 千代田区 半蔵門駅,"月給18万8,917円～20万2,932円",11日前,日経転職版
アクサ生命保険株式会社,フィナンシャルプランアドバイザー・金融営業,東京都 港区,月給70万円,11日前,日経転職版
パーソルマーケティング株式会社,営業・ラウンダー,東京都 中央区 馬喰町駅 徒歩3分                                                                                                                                                                その他 (88),"時給1,800円～",3日前,パーソルマーケティング
株式会社サンテクニカル,営業スタッフ,東京都 江東区,月給24万円～,15日前,Qsicman
高輪プラスチックス株式会社,既存顧客からの依頼対応メインの営業・セールスエンジニア,東京都 大田区 西馬込駅 徒歩5分,月給23万円～40万円,13日前,リクナビNEXT
株式会社レンズ,不動産取引アドバイザー／100%反響営業／未経験者歓迎／平均年収800万円,東京都 練馬区 練馬駅 徒歩1分,月給27万円～35万円,10日前,かんたん応募
株式会社DYM,サポート業務も正当に評価 営業アシスタント・事務 顧客対応無,東京都 品川区 大崎駅 徒歩10分,月給24万円～,6時間前,リクナビNEXT
ヤマトプロテック株式会社,「人の命を守る」消防・防災設備のルート営業 年休127日,東京都 港区,"月給22万8,340円～33万8,000円",10日前,マイナビ転職
株式会社ファクト,情報通信コンサルタント営業 土日祝休 業界未経験・若手活躍中,東京都 豊島区 池袋駅,月給25万円～30万円,1日前,リクナビNEXT
株式会社Blue Ocean,自律神経ケア体験セミナーのフォロー営業スタッフ,東京都 港区 表参道駅 徒歩2分,月給35万円～,5日前,株式会社Blue Ocean
神田電子工業株式会社,年間休日123日!残業少なめ!賞与支給! ルート営業,東京都 千代田区 秋葉原駅 徒歩4分,"月給19万2,000円～",3時間前,リクナビNEXT
ホーコス株式会社,建築設備機器の営業 年休120日 賞与5ヶ月分,東京都 港区,"月給21万2,000円～24万円",8時間前,リクナビNEXT
株式会社タカラレーベンリアルネット,未経験OK! ”安定×成長” 企業で活躍する 営業系総合職,東京都 中央区 茅場町駅 徒歩1分,"月給21万7,000円～55万9,000円",1日前,マイナビ転職
タイキ株式会社,残業ほぼなし 土日休み 墨田区向島勤務 研修充実 営業事務,東京都 墨田区 とうきょうスカイツリー駅 徒歩10分,月給20万円～25万円,1日前,リクナビNEXT
トータルクリエート株式会社,飛び込みナシ!対法人の提案営業 年休125日 土日祝休み,東京都 千代田区 東京駅 徒歩10分,月給25万円～,3時間前,リクナビNEXT
池田建設株式会社,法人営業,東京都 千代田区,年収400万円～700万円,3日前,かんたん応募
双日インシュアランス株式会社,個人営業 フルフレックス勤務OK,東京都 千代田区 霞ケ関駅 徒歩3分,月給24万円～,3日前,エン転職
カクトク株式会社,法人営業 フルリモートOK／無形商材の営業経験者の方へ,東京都 港区,年収400万円～600万円,2時間前,リクルートエージェント
王子製薬株式会社,立ち上げメンバーとして働ける!ランドリー洗剤・化粧品等の営業,東京都 渋谷区,月給20万円～,15日前,リクナビNEXT
株式会社ハウスドゥ住宅販売,不動産FC加盟店の開発営業職,東京都 港区 広尾駅 徒歩7分,"月給26万9,000円～43万7,000円",7日前,かんたん応募
弁護士法人あまた法律事務所,転勤なし・年休126日 営業経験が活きる／営業事務・士業補助,東京都 文京区 本郷三丁目駅 徒歩1分,月給23万円～30万円,1日前,リクナビNEXT
株式会社ユウデン,未経験歓迎 ほぼ新規開拓なし ルート営業,東京都 足立区 北綾瀬駅 徒歩12分,年収400万円～,13日前,リクナビNEXT
ニッポンメンテナンスシステム株式会社,「売る」から「仕事を作る」仕事へ。多様なチャンス有:法人営業,東京都 中央区 八丁堀駅 徒歩1分,月給24万円～,7時間前,リクナビNEXT
東京フイルムサービス株式会社,テレワークを推進! 営業 年間休日120日／完全週休二日制,東京都 千代田区 神保町駅 徒歩5分,"月給20万5,000円～26万円",7時間前,リクナビNEXT
株式会社ファースト,未経験でも月収33万円以上可! 反響営業 完全週休2日制,東京都 町田市 町田駅 バス10分,月給23万円～,2日前,マイナビ転職
ハンス株式会社,営業,東京都 千代田区,月給23万円～35万円,3日前,READY TO FASHION
ノーザリーメディカル株式会社,睡眠改善を実現する機器の提案営業,東京都 中央区,月給22万円～28万円,20日前,マイナビ転職
株式会社まるの会,企画営業 完全週休2日制&土日祝休&残業月平均20h以下,東京都 新宿区 西新宿駅,月給25万円～40万円,15日前,リクナビNEXT
株式会社コムクラフト,欧米と日本を結び次世代技術を提案 専門商社の技術営業 @大阪,東京都 杉並区,月給23万円～,3日前,リクナビNEXT
オフィスレコン株式会社,横浜限定募集! 完休2日制&土日祝&年休125日 営業事務,東京都 千代田区,月給25万円～,7時間前,リクナビNEXT
株式会社友玉園セラミックス,主要三大材料”セラミック”の営業 未経験歓迎,東京都 大田区 長原駅 徒歩5分,"月給17万8,000円～",13日前,リクナビNEXT
アイデックス株式会社,営業事務・一般事務 残業少なめ 土日祝休み 正社員登用有,東京都 千代田区 飯田橋駅 徒歩5分,"月給17万1,000円～23万4,000円",7日前,リクナビNEXT
地盤ネット株式会社,年間休日125日 豊富な福利厚生 住宅に関する 提案営業,東京都 新宿区 新宿三丁目駅 徒歩6分,月給23万円～50万円,6日前,リクナビNEXT
株式会社ネクサーズ,ノルマなし!未経験でも月給25万円以上 営業職 WEB面接可,東京都 新宿区 新宿駅 徒歩6分,月給25万円～30万円,8日前,リクナビNEXT
ファウンダーズ株式会社 管理部,業績連動賞与あり／月給30万円～!コンサルティング営業,東京都 千代田区 東京駅,月給30万円～,9日前,リクナビNEXT
AMBL株式会社,AIソリューション営業,東京都 品川区,年収500万円～,2日前,AMBL株式会社
株式会社グランドホーム,成長を全社でバックアップ!未経験活躍中! 不動産仕入営業,東京都 武蔵野市 吉祥寺駅 徒歩8分,月給30万円～,6時間前,リクナビNEXT
株式会社えがお,個人営業,東京都,年収360万円～420万円,3日前,かんたん応募
アンチエイジング株式会社,エステ・ヘアサロンへオリジナルコスメの企画提案営業 土日祝休,東京都 港区 外苑前駅 徒歩6分,月給25万円～,7時間前,リクナビNEXT
株式会社ジーエステート,戸建て営業,東京都 渋谷区 渋谷駅,年収600万円,11日前,日経転職版
株式会社孝和,劇場運営で劇団公演を支える 演劇ホールの管理／内勤営業,東京都 新宿区 西新宿駅 徒歩7分,"月給20万3,000円",6時間前,リクナビNEXT
ミノラス不動産株式会社,課長候候・優良不動産コンサル会社の売買営業・将来の可能性大、キャリアプラン豊富,東京都 大田区 蒲田駅 徒歩7分,"月給31万4,000円～",28日前,日経転職版
株式会社タイトー,キャラクターグッズの企画営業 スクウェア・エニックス100%子会社 年間休日127日で働きやすさ,東京都 新宿区 東新宿駅,月給21万円～,20時間前,エン転職
パーソルエクセルHRパートナーズ株式会社,NW・サーバ導入のソリューション営業,東京都 江東区 豊洲駅 徒歩5分,"時給2,600円～2,700円",6日前,ジョブチェキ！
株式会社GLORY OF BRIDGE,人材コンサルティング法人営業 月残業20H／服装自由／若手が活躍,東京都,年収350万円～700万円,16時間前,Spring転職エージェント
川上機工株式会社,未経験歓迎!メーカーで働く 営業スタッフ 賞与年4回,東京都 中野区,月給20万円～35万円,1日前,マイナビ転職
松阪興産株式会社,法人営業 昨年賞与実績5.5ヶ月分／家族手当・退職金制度あり,東京都 町田市,"月給20万2,000円～29万840円",3日前,エン転職
株式会社田中印刷,法人営業,東京都 中央区 茅場町駅 徒歩1分,年収300万円～600万円,3日前,かんたん応募
株式会社クルー,法人営業 未経験大歓迎 月給25万円～+高額インセン+賞与3回,東京都 中央区 東日本橋駅 徒歩3分,月給25万円～,7日前,マイナビ転職
株式会社CORe,提案営業 20代平均給与28.4万円 一緒に会社を作りませんか,東京都 荒川区 日暮里駅 徒歩2分,"月給22万5,000円",2時間前,マイナビ転職
株式会社テック,富士通コンポーネント製品の電子デバイス営業 土日祝休み,東京都 品川区 品川シーサイド駅 徒歩4分,"月給21万2,500円～",14日前,リクナビNEXT
株式会社ハウスコミュニケーション,不動産営業 目白店、赤坂店のオープニングスタッフ募集／年収1000万円や2000万円は通過点,東京都 新宿区 西早稲田駅 徒歩3分,月給30万円～,21時間前,エン転職
株式会社ウォーターデザイン,土日祝休みでオフも充実!未経験OK 水のアート作品の企画営業,東京都 大田区 昭和島駅 徒歩6分,月給23万円～30万円,6日前,リクナビNEXT
コンシェル&マッチ,営業・企画営業（法人向け）,東京都 中央区 人形町駅 徒歩5分,月給25万円～30万円,3日前,tenichi
サングローブ株式会社,年500万以上続々!どんどん事業拡大中の成長企業!WEBコンサル営業 未経験可,東京都 新宿区 西新宿駅 徒歩5分,月給20万円～52万円,7日前,サングローブ株式会社
株式会社京葉電子工業,電子カルテシステムの法人営業 未経験OK 賞与2回,東京都 江戸川区 西葛西駅 徒歩2分,月給26万円～,2日前,マイナビ転職
グランド産業株式会社,営業・管理職採用／前職給与保証／さらにインセンティブ有,東京都 中央区 新日本橋駅 徒歩2分,月給40万円～,8日前,リクナビNEXT
日本環境マネジメント株式会社,第二新卒歓迎 営業・企画・管理 社会インフラを支える安定企業,東京都,"月給25万5,000円～30万円",2日前,リクナビNEXT
株式会社PSビバレッジ,大手グループでの法人営業未経験歓迎 残業少なめ 土日祝休,東京都 江東区 木場駅,月給28万円～,1時間前,マイナビ転職
株式会社ルーデン・ライフサービス,既卒歓迎／営業職／飛び込みなしの反響営業で働きやすさもやりがいも手に入れませんか,東京都 渋谷区 渋谷駅 徒歩4分,年収400万円～450万円,1日前,Re就活
サイネオス・ヘルス・コマーシャル株式会社,CSOの医療機器営業担当者として業界未経験からスタートしていただけます,東京都,年収360万円～500万円,5時間前,A・ヒューマン
株式会社フィリップス・ジャパン,睡眠・呼吸に特化した医療機器営業 年休125日 月給35万円,東京都 品川区,年収716万円,9時間前,リクナビNEXT
株式会社イシダ,はかりメーカーの法人向け営業賞与年2回&昨年実績6.9ヶ月分,東京都 北区 浮間舟渡駅 徒歩1分,月給22万円～,2時間前,マイナビ転職
株式会社PR TIMES,国内最大級のサービスを支える 営業事務 正社員登用あり,東京都 千代田区 溜池山王駅 徒歩1分,"時給1,800円～",11日前,マイナビ転職
株式会社ケー・アンド・エムインターナショナル,商社の海外営業／必要なのは意欲／語学を活かす!出張あり,東京都 品川区 五反田駅 徒歩6分,月給26万円～,2日前,リクナビNEXT
マンパワーグループ株式会社,営業・企画営業・ラウンダー,東京都 品川区 天王洲アイル駅 徒歩5分                                                                                                                                                                その他 (42),"時給1,950円",7日前,マンパワーグループ 派遣・求人・転職のJOBNET
株式会社青木製作所,月給25万円以上!残業ほぼなし!タンクローリーの営業,東京都 足立区,月給25万円～38万円,15日前,リクナビNEXT
株式会社タカデン,アミューズメント業界のルート営業 第二新卒歓迎!完週休2日,東京都 板橋区,"月給26万6,000円～",6日前,リクナビNEXT
株式会社プライムネット,不動産業界向けに独自のサービスを提供!コンサルティング営業,東京都 港区 六本木一丁目駅 徒歩5分,月給40万円～,6日前,リクナビNEXT
株式会社Road,営業マネージャー候補／HRコンサルティング事業 独自の多角化経営戦略を持つベンチャー企業,東京都 江東区 東京国際クルーズターミナル駅 徒歩5分,年収400万円～800万円,5日前,かんたん応募
株式会社ベネッセスタイルケア,病院や医療機関への営業・販促企画 ベネッセグループ 未経験可,東京都,"月給26万4,688円～38万5,713円",7時間前,リクナビNEXT
三井ホーム株式会社,土地活用などお客様のご要望に沿った提案ができる営業,東京都 新宿区 西新宿駅 徒歩4分,"月給21万5,000円～40万円",7日前,リクナビNEXT
みすまる産業株式会社,食品パッケージ等の営業 充実研修有,東京都 台東区 浅草橋駅 徒歩3分,月給26万円,1日前,リクナビNEXT
和泉機械株式会社,建機レンタルの法人向け 営業職 月給25万円～ 転勤なし,東京都 台東区 浅草橋駅 徒歩3分,月給25万円～50万円,7日前,マイナビ転職
株式会社エストアンドカンパニー,収益用不動産営業,東京都,年収300万円,11日前,日経転職版
株式会社ホーシン,既存取引先へ建設資材のルート営業／年休125日／土日祝休み,東京都 八王子市,"月給21万7,875円～26万5,125円",6時間前,リクナビNEXT
株式会社武蔵野銀行,営業職 年休121日 営業or金融営業の経験者募集,東京都,"月給20万5,000円～",2時間前,マイナビ転職
古河電工産業電線株式会社,国内外の法人向け 営業 年休121日 土日祝休み 残業ほぼなし,東京都 荒川区 日暮里駅 徒歩10分,"月給22万7,208円～",4日前,マイナビ転職
株式会社住建コミュニティ,35歳以下面接確約 完全反響営業!不動産の賃貸営業,東京都 渋谷区 代々木上原駅,月給33万円,7時間前,リクナビNEXT
株式会社レッド・フリップ,最大で負担額0円で寮を利用可能! 営業,東京都 渋谷区,月給25万円～,6日前,リクナビNEXT
株式会社タイムワールド,完全反響営業 未経験20代が活躍 年収1000万可 在宅勤務,東京都 千代田区 東京駅,月給25万円～,3日前,リクナビNEXT
宇部建設資材販売株式会社,未経験歓迎!社会インフラを支える建設資材の営業職 残業少,東京都 港区,"月給21万1,000円～",6日前,マイナビ転職
株式会社Harvest Biz Career,派遣コーディネーター・営業 年休125日上!年収400万円上,東京都 台東区,"月給23万7,000円～",7日前,リクナビNEXT
心幸ホールディングス株式会社,トレンド感 福利厚生サービスの企画営業 年間休日120日,東京都 千代田区,月給25万円～50万円,8日前,マイナビ転職
仲精機株式会社,精密加工メーカーの営業週休2日／土日休み&福利厚生充実,東京都 品川区,月給23万円～,14日前,リクナビNEXT
株式会社松美装,完全反響型!リフォーム会社での 営業 現場管理,東京都 町田市 町田駅 バス15分,月給18万円～40万円,3日前,タウンワーク
三菱エンジニアリングプラスチックス株式会社,提案営業 未経験歓迎 既存顧客中心 海外勤務の可能性あり,東京都 港区,月給23万円～,3日前,リクナビNEXT
株式会社大塚商会,透明な評価 異業界出身者活躍 安定経営 年休125日 営業,東京都,"月給24万5,000円～",7日前,リクナビNEXT
株式会社United Vision & Comp...,ヘルステックベンチャーの経営戦略企画・営業,東京都,年収420万円～720万円,7日前,リクナビNEXT
株式会社ホスピタリティ&グローイング・ジャパン,法人営業,東京都 新宿区 新宿駅 徒歩5分,年収400万円～600万円,3日前,かんたん応募
株式会社WEBY,法人営業,東京都 中央区 八丁堀駅 徒歩5分,年収300万円～350万円,3日前,かんたん応募
株式会社東日本地所,入社1年で年収1000万円も可 売りやすい戸建物件の提案営業,東京都 府中市 府中駅 徒歩10分,月給25万円,6日前,リクナビNEXT
株式会社anifare,営業経験を活かせる 保護犬猫の譲渡活動におけるブリーダー営業,東京都 渋谷区,月給30万円～50万円,7時間前,リクナビNEXT
株式会社生出,物流包装に関する営業技術職 月給33万円～,東京都 瑞穂町 箱根ケ崎駅 車4分,月給33万円～,3日前,リクナビNEXT
株式会社テンポイノベーション,業界経験不問／店舗物件専門の不動産営業職／営業利益昨対120%超えの成長企業／土日祝日休み,東京都 新宿区,年収650万円,1日前,株式会社テザリング
株式会社リバティホーム,年収800万円可能 お客様に寄り添う注文住宅／リフォーム営業,東京都 江戸川区 小岩駅 徒歩5分,月給30万円～40万円,6日前,リクナビNEXT
楽天銀行株式会社,住宅ローン営業 不動産事業者との提携契約を獲得する法人営業,東京都 港区,"月給20万1,440円～",7時間前,リクナビNEXT
株式会社ウエニ貿易,営業職,東京都 文京区 湯島駅,公開していません,2日前,クリーデンス
株式会社営功社,完全在宅で出来る提案営業 完全週休2日制／土日 年休125日,東京都 渋谷区,月給27万円～50万円,9時間前,リクナビNEXT
富士フイルムメディカル株式会社,日系大手! 超音波診断装置の営業職／臨床検査技師・放射線技師,東京都 江東区,年収500万円～800万円,4時間前,かんたん応募
遠州鉄道株式会社 保険営業部,保険コンサルタント／開拓なしの既契約者向け営業 WEB面接可,東京都 新宿区,"月給18万508円～23万2,213円",7時間前,リクナビNEXT
株式会社木下不動産,未経験から土地活用のプロになれる不動産営業 未経験入社90%,東京都 新宿区 西新宿駅,月給28万円～,9日前,リクナビNEXT
ヴァンテージポイント株式会社,自分らしく働くHR系フリーランス営業／フルリモート・アポ提供あり,東京都 新宿区,固定報酬20万円～100万円,1日前,かんたん応募
株式会社マイナビワークス,採用SNSツールの営業,東京都 港区 赤坂駅 徒歩4分,"時給1,550円",8日前,マイナビスタッフ 派遣
サーカス株式会社,求人広告の企画営業!／未経験OK／20〜30代活躍中,東京都 目黒区,"年収360万円～1,000万円",1日前,かんたん応募
株式会社ワンダーシェアジャパン,外資企業営業 インセン年4回+賞与,東京都 中央区 馬喰町駅 徒歩6分,月給25万円～50万円,21日前,リクナビNEXT
株式会社JWEBGATE,法人営業職,東京都 中央区,"月給20万3,500円～39万8,000円",23時間前,マイナビ転職エージェントサーチ
株式会社グッドワークス,自社ITプロダクトの営業業界未経験者も歓迎,東京都 千代田区 秋葉原駅 徒歩3分,月給27万円～50万円,7日前,マイナビ転職
株式会社トリニティーホールディングス-人事部 株...,大手外資系医療機器メーカーでの複数領域でのインサイドセールス職／ディテーリング業務,東京都 豊島区,年収450万円～500万円,10日前,株式会社トリニティーホールディングス-人事部
株式会社リリーフ住宅,リフォームの提案営業 将来の幹部候補募集!ノルマなし,東京都 杉並区 下井草駅 徒歩1分,月給27万円～,9日前,リクナビNEXT
株式会社MUK,法人営業／話題の調理器具・美容機器メーカー／年休120日,東京都 港区 浜松町駅 徒歩4分,月給30万円～,7時間前,リクナビNEXT
株式会社新興精機,メーカー兼商社の営業系総合職,東京都 文京区,月給25万円～35万円,10日前,マイナビ転職
株式会社イシカワ,営業事務・営業アシスタント,東京都 渋谷区 恵比寿駅,月給19万円～,6時間前,リクナビNEXT
株式会社ケンメディア,キャラクターグッズの営業 賞与5ヶ月分／土日祝休み／昇進も可能,東京都 中央区 勝どき駅 徒歩5分,月給21万円～35万円,10日前,エン転職
株式会社アパリエ建築,土地活用コンサルティング・不動産開発営業 20～30代活躍中,東京都 新宿区 新宿御苑前駅 徒歩1分,月給40万円～50万円,7日前,リクナビNEXT
株式会社セキュア,提案営業 セキュリティ&AIソリューション,東京都 新宿区,年収400万円～800万円,3日前,マイナビ転職エージェントサーチ
株式会社GVテクノロジーズ,自社製品／欧米製品の営業 技術部門と立案～製品化まで協業,東京都 杉並区 荻窪駅 徒歩10分,"月給22万7,300円～",9日前,リクナビNEXT
株式会社UKABU,営業／AI自社サービス「UKABU」の営業職,東京都 品川区 武蔵小山駅,年収300万円～500万円,14時間前,Geekly
株式会社東新製作所,オンリーワンの金属加工製品を扱う営業職 土日祝休み,東京都 大田区 大森駅,月給25万円～42万円,8日前,リクナビNEXT
株式会社Waplus,総合営業職「高収入」全国募集,東京都 立川市                                                                                                                                                                その他 (17),月給19万円～120万円,3日前,株式会社Waplus
株式会社G-CREWS,賞与年2回／アニメ・コミックなどのグッズ企画・提案営業,東京都 新宿区,月給28万円～,6日前,リクナビNEXT
ハイブリッド・サービス株式会社 管理部,月給30万円 土日祝休 年間休日120日 営業アシスタント,東京都 千代田区 秋葉原駅 徒歩6分,月給30万円,6日前,リクナビNEXT
アド印刷株式会社,印刷物、メーリング事業、Web ソリューション展開企業で印刷営業職,東京都 港区,年収300万円～450万円,14日前,日経転職版
株式会社秋水社,電子コミックの営業・Webマーケティング 新規開拓&ノルマ無,東京都 千代田区 飯田橋駅 徒歩7分,"月給24万5,619円～",6時間前,リクナビNEXT
株式会社アミューズワークス,アニメイトグループの一員としてイベントの企画・提案営業,東京都 豊島区,月給23万円～,3日前,リクナビNEXT
東京海上日動あんしん生命保険株式会社,新着! 30代・20代男性活躍中 コンサル営業,東京都 中央区 八丁堀駅 徒歩3分,月給30万円～60万円,7時間前,リクナビNEXT
有限会社柏屋,営業,東京都 府中市 府中駅,"月給26万5,000円～28万5,000円",10日前,日経転職版
株式会社キャリアインデックス,営業 新規事業・SaaS事業も展開 実働7.5h 育休取得率100%継続中! 住宅補助あり,東京都 港区 白金台駅 徒歩5分,"月給24万6,800円～",14日前,エン転職
株式会社コラボス,IT法人営業 転勤なし 月給31万円以上,東京都 千代田区 半蔵門駅 徒歩5分,月給31万円～,3日前,エン転職
株式会社遠山鐵工所,営業アシスタント・事務 土日祝休み 年間休日123日,東京都 北区 赤羽岩淵駅 徒歩5分,月給20万円～25万円,8日前,リクナビNEXT
光文工業株式会社,法人営業 昨年度賞与実績5～10ヶ月分! 土日祝お休み／年休125日 定時終業も可 1947年設立,東京都 大田区 大森駅 徒歩3分,月給25万円～35万円,7日前,エン転職
株式会社Clotho,成長企業でアクティブに働ける一般事務・営業,東京都 墨田区 両国駅 徒歩2分,月給24万円,14日前,リクナビNEXT
渡辺パイプ株式会社,住宅に関する商材のルート営業 土日祝休み・年間休日124日,東京都,月給20万円～40万円,9時間前,リクナビNEXT
SRGroup,営業／企画営業／法人対象,東京都 新宿区,月給27万円～35万円,13時間前,SRGroup
神奈川管材株式会社,ルート営業,東京都 大田区                                                                                                                                                                その他 (3),"月給26万5,000円～",3日前,type
大熊製薬株式会社,韓国コスメ営業／年休120日以上 月給33万円～ 学歴不問,東京都 渋谷区,"月給33万3,334円～41万6,667円",3日前,リクナビNEXT
株式会社ジェーオージェー,「叙々苑」のこだわりと美味しさを、ご家庭に。／営業,東京都 文京区 湯島駅 徒歩5分,"年収300万円～1,000万円",21日前,リクナビNEXT
ボストン・サイエンティフィック ジャパン株式会社,営業経験不問! 不整脈診断・治療製品の営業職／臨床工学技士,東京都 品川区,年収500万円～800万円,4時間前,かんたん応募
株式会社全進堂,「写真業界」に新しい風を吹かせる! 提案営業 未経験歓迎,東京都 豊島区 池袋駅 徒歩4分,月給25万円～,10日前,マイナビ転職
セントケア・ホールディング株式会社,営業職／セントケアホーム下石神井,東京都 杉並区 上井草駅 徒歩14分,"月給26万9,000円～29万4,500円",1日前,セントケア・ホールディング株式会社
日本シグマックス株式会社,医療商材の提案営業 業界で圧倒的知名度を誇る医療商材メーカー／年間休日124日／賞与年2回,東京都 千代田区 飯田橋駅 徒歩1分,月給25万円～,14日前,エン転職
株式会社ニッコー,官公庁や大手企業から選ばれる革新的な素材を提案する 営業,東京都 八王子市 京王八王子駅 徒歩7分,月給30万円～40万円,1日前,リクナビNEXT
トシン・グループ株式会社,上場企業で活躍!資材・建材のルート営業 未経験歓迎,東京都,"月給22万7,010円～27万9,490円",10日前,マイナビ転職
株式会社友桝飲料,営業企画,東京都 中央区,年収500万円～700万円,4時間前,リクルートエージェント
株式会社グループセブ ジャパン,EC Account Manager ECキーアカウント営業 T-fal,東京都 港区 青山一丁目駅,年収550万円～650万円,1日前,en ミドルの転職
株式会社光ソフトウェア,IT営業マネージャー,東京都 江東区,年収400万円～800万円,1日前,かんたん応募
ジャトー株式会社,年休125日／有名施設の音響・映像の技術営業,東京都 港区 大門駅,"月給21万5,000円～",9日前,リクナビNEXT
太陽産業株式会社,未経験OK!既存顧客への法人ルート営業 年間休日123日,東京都 新宿区,"月給19万9,750円～27万4,460円",2日前,リクナビNEXT
デンカエレクトロン株式会社,営業事務 年間休日121日／土日祝休み／未経験大歓迎,東京都 港区 新橋駅 徒歩5分,月給25万円～,7日前,リクナビNEXT
イーコネクション株式会社,自分の裁量で仕事を進められる 法人営業,東京都 新宿区 西新宿駅 徒歩3分,月給25万円～,13日前,リクナビNEXT
神戸合成株式会社,大手カーメーカー純正品のルート営業 若手限定募集,東京都 千代田区 御茶ノ水駅 徒歩7分,"月給21万2,000円～40万5,500円",21日前,マイナビ転職
株式会社リミックスポイント,エネルギーコンサルティング営業 年休124日 フレックス勤務OK,東京都 港区 神谷町駅 徒歩2分,月給35万円～,17日前,エン転職
株式会社ヒューマントラスト,営業,東京都 千代田区 半蔵門駅 徒歩1分                                                                                                                                                                その他 (8),"時給1,600円～1,700円",8日前,ヒューマントラスト
株式会社ナビット,地下鉄ののりかえ便利マップで有名なナビットが営業を募集,東京都 千代田区 九段下駅,年収350万円～700万円,14日前,リクナビNEXT
アークレイマーケティング株式会社,営業 業界トップクラス×安定基盤!完休2日 +祝休の賞与年2回で働きやすさ,東京都 新宿区,"月給25万2,500円～",10日前,エン転職
NNP株式会社,電子部品のルート営業職,東京都,月給21万円～,5時間前,リクナビNEXT
フォントワークス株式会社,営業,東京都 港区 外苑前駅 徒歩4分,"月給42万5,000円～46万9,000円",11日前,日経転職版
スマートソーラー株式会社,太陽光発電事業の法人営業・代理店営業,東京都 中央区 日本橋駅 徒歩4分,年収400万円～800万円,10日前,日経転職版
株式会社豊田貿易,卸営業／イタリアインポートブランド,東京都,年収300万円～450万円,16日前,フォーピープル
株式会社Edzeal,インセンティブと自由度の高さが魅力! SES営業,東京都 中央区 銀座駅 徒歩7分,月給22万円～55万円,7時間前,リクナビNEXT
NEC VALWAY株式会社,既存顧客を中心とした内勤営業,東京都 新宿区 新宿駅 徒歩7分,"月給22万5,000円～27万4,000円",7日前,リクナビNEXT
株式会社ブルームソリューションズ,仲間と共に採用課題を解決!採用コンサル／営業 女性管理職在籍,東京都 渋谷区 恵比寿駅,月給26万円～,7日前,リクナビNEXT
セコム医療システム株式会社,医療に貢献する自社サービスの営業 反響中心 残業月20h程,東京都 千代田区 麹町駅 徒歩1分,"月給22万9,900円～30万3,100円",3時間前,マイナビ転職
株式会社マルデンコーポレーション,清掃・警備の現場を支える 業務管理・営業 年休120日以上,東京都 東村山市 武蔵大和駅 徒歩14分,"月給26万5,500円～31万5,000円",1日前,リクナビNEXT
株式会社ジーシーシー,営業企画 設立から57年地方自治体と取引中／昨年度賞与4.5ヶ月／残業月10h／年間休日122日,東京都 新宿区 西新宿駅 徒歩5分,"月給24万4,350円～",3日前,エン転職
株式会社西東社,自社書籍のルート営業 未経験歓迎／残業少なめ／完全週休2日制／プロモーションにも携われます,東京都 千代田区 御茶ノ水駅 徒歩7分,月給23万円～32万円,10日前,エン転職
株式会社村田洋白商店,営業職／金属材料の販売,東京都 中央区,月給22万円～28万円,13時間前,株式会社村田洋白商店
株式会社夢グループ,自社通販カタログなどの広告企画営業 完週休2日 残業ほぼ無し,東京都 文京区 護国寺駅 徒歩1分,月給20万円～25万円,7日前,リクナビNEXT
パナソニック ソリューションテクノロジー株式会社,ITソリューション提案営業 ～パナソニックグループ／働き方 ～,東京都 港区 浜松町駅,年収450万円～700万円,20時間前,doda
株式会社ソフトライフ,完全週休2日制&安定した固定給 100%反響型の不動産営業,東京都 中央区,月給35万円～50万円,7日前,マイナビ転職
株式会社イムペックスケミカルス謙信洋行,お客様に世界の化学品・ 機能性素材を届ける提案営業,東京都 台東区,月給25万円～45万円,9日前,リクナビNEXT
株式会社フジキ,営業 未経験歓迎／年間休日125日／土日祝休み／残業少なめ! 防水業界トップクラスのシェア,東京都 中央区,月給25万円～,10日前,エン転職
日本ヘルスケア・マーケティング株式会社,法人営業18817,東京都 港区,年収250万円～400万円,2日前,かんたん応募
キングラン・ハウネスト株式会社,断熱材など住宅資材の法人営業 年休125日 未経験OK,東京都 千代田区 淡路町駅 徒歩1分,月給20万円～40万円,3日前,マイナビ転職
丸井織物株式会社,新規事業推進リーダー／法人営業、新規事業開発、事業企画,東京都,"年収500万円～1,000万円",5日前,ほくりくFIT転職
株式会社シェアードリサーチ,IRソリューション営業／土日祝休み 在宅勤務OK 未経験歓迎,東京都 文京区 千駄木駅 徒歩2分,年収400万円～,6時間前,リクナビNEXT
株式会社朝日設計,法人営業 土木 建設 公共事業 sa,東京都 新宿区 西新宿駅 徒歩6分,年収400万円～700万円,9日前,朝日設計Works
ワンビ株式会社,"2,500社の実績があるセキュリティ製品のメーカー 法人営業",東京都 新宿区 新宿三丁目駅,月給22万円～,14日前,マイナビ転職
株式会社ネクスティ エレクトロニクス,営業 フレックス勤務OK! グローバルな事業展開,東京都 港区 品川駅 徒歩4分,"月給21万1,000円～33万8,000円",20時間前,エン転職
株式会社ヒューマンワーク,ホットペッパーグルメの企画営業 急成長中事業 安定の経営基盤,東京都 中央区,月給28万円～35万円,2日前,リクナビNEXT
リックス株式会社,ポンプやフィルタなど設備機器の営業 家族手当など福利厚生充実! 創業以来の黒字経営で長期安定,東京都 八王子市 西八王子駅 徒歩3分,"月給23万9,000円～",14日前,エン転職
株式会社エルシーエス,家電などの内勤営業残業・外回りなし／土日祝休／月給30万円～,東京都 新宿区 新大久保駅 徒歩1分,月給30万円～60万円,1時間前,マイナビ転職
株式会社電通国際情報サービス,マーケティング領域でのITソリューション営業 電通×米国GE社のジョイントベンチャー企業,東京都 港区 品川駅 徒歩7分,月給22万円～,3日前,エン転職
株式会社スタッフサービス,アカウント営業,東京都 千代田区 大手町駅 徒歩3分,"時給1,950円～",1日前,エンジニアガイド
株式会社昭和ネオン,創業100年／年休120日以上! 広告で街を彩る 営業,東京都 品川区 新馬場駅 徒歩5分,月給20万円～,7日前,リクナビNEXT
株式会社ASK,完全週休2日制／残業ほぼなし 機械部品のルート営業,東京都 千代田区,月給22万円～40万円,9日前,リクナビNEXT
イオンプロダクトファイナンス株式会社,営業企画 年間休日125日以上 イオングループ 連続休暇10日取得可能,東京都 千代田区 神田駅 徒歩4分,月給24万円～,3日前,エン転職
株式会社スタッフ・アクティオ,総合商社で受発注メインの営業事務 30代～40代活躍,東京都 大田区 矢口渡駅 徒歩8分,"時給1,600円～1,650円",1日前,エン派遣
株式会社FLIGHTS,ドローン×SaaSの自社サービスを社会実装する営業マネージャーを募集,東京都 渋谷区 渋谷駅 徒歩5分,年収600万円～900万円,1日前,en ミドルの転職
株式会社立花電子ソリューションズ,営業職／テレワーク推進中 第二創業期を迎える多彩なデバイスを取り扱うサプライヤー,東京都,年収600万円～799万円,7日前,en ミドルの転職
株式会社リ・モデル,未経験からガッツリ稼げる 100%反響営業 20代活躍中,東京都 足立区 舎人公園駅 車7分,月給22万円～,9日前,リクナビNEXT
株式会社日本歯科商社,仕事もプライベートも両立出来る 総合歯科医療機器商社の営業,東京都 墨田区 両国駅 徒歩5分,月給25万円～,8日前,リクナビNEXT
株式会社村上農園,管理職候補／量販店向け野菜の提案営業。成長企業で思う存分自分の力を発揮したい方へ,東京都,年収400万円～550万円,6日前,Spring転職エージェント
株式会社make standards,営業 年収1000万円以上可能／年間休日125日以上,東京都 江東区 新豊洲駅 徒歩6分,"月給33万5,000円～55万円",公開していません,エン転職
株式会社ダイセル,カラム製品・分取サービス等に関する国内営業およびマーケティング,東京都,年収500万円～800万円,22日前,Spring転職エージェント
日本アビオメッド株式会社,インペラの営業職／臨床工学技士・看護師・臨床検査技師歓迎,東京都,年収500万円～800万円,4時間前,かんたん応募
株式会社ステラ,企画・営業 プロモーションを支援する展示会・学会などの提案,東京都 中央区 銀座一丁目駅 徒歩2分,月給25万円～40万円,14日前,リクナビNEXT
株式会社KKday Japan,旅行・観光系Webサイトの提案営業 提案や商談はWebで完結,東京都 新宿区 四ツ谷駅 徒歩4分,月給25万円～40万円,13日前,リクナビNEXT
株式会社やまきプロパティ,面接1回／営業・人材コーディネーター／土・日・祝休み,東京都 港区,月給25万円～40万円,6日前,リクナビNEXT
株式会社エヌエム・ヒューマテック,法人営業,東京都 江東区,年収360万円～384万円,3日前,かんたん応募
株式会社MAYASTAFFING,ITサービスのソリューション営業,東京都 千代田区 大手町駅 徒歩10分,"時給2,400円～",4日前,エン派遣
ビーグッドカンパニー株式会社,アパレル本社で商品企画にも携われる ルート営業,東京都 渋谷区 恵比寿駅 徒歩8分,年収276万円～360万円,6時間前,リクナビNEXT
株式会社アドバンスインターナショナル,ベンツやアメ車など中古輸入車の反響営業・販売,東京都 町田市,年収500万円～,3日前,リクナビNEXT
株式会社ジール不動産,20代の男性が活躍中!年間休日130日&土日祝休み 営業,東京都 新宿区 西新宿駅 徒歩5分,月給30万円～,7時間前,リクナビNEXT
いちよし証券株式会社,求む!やんちゃな人材! 資産アドバイザー／営業,東京都,"月給22万5,000円～",9日前,リクナビNEXT
Modis株式会社,人財ソリューション営業 エンジニアと共に事業課題を解決する,東京都 港区,"月給20万円～33万2,000円",8時間前,リクナビNEXT
ITStudy株式会社,営業アシスタント・事務 未経験歓迎!意欲重視の採用,東京都 千代田区 秋葉原駅,月給19万円～35万円,7日前,リクナビNEXT
株式会社リクルートネット,法人営業,東京都 港区 六本木駅 徒歩6分,年収300万円～301万円,3日前,かんたん応募
フジ工業株式会社,手すりなどのルート営業・取付工事,東京都 墨田区,月給22万円～30万円,8時間前,リクナビNEXT
株式会社ドリームゲート,仕入から提案販売まで 国内最大級ウィンター専門店の販売・営業,東京都 千代田区 淡路町駅 徒歩3分,月給20万円～40万円,7日前,リクナビNEXT
星野物産株式会社,創業120年の歴史を持つ食品メーカーの 営業,東京都 千代田区,"月給19万8,000円～31万5,000円",7日前,リクナビNEXT
株式会社オーティーエス,テキスタイル営業,東京都 江戸川区 葛西臨海公園駅,公開していません,3日前,クリーデンス
スポーツサーフェス株式会社,国内外の有名な大会で使用されるテニスコート等のルート営業,東京都 中央区 三越前駅 徒歩3分,"月給25万9,000円～54万5,000円",13日前,リクナビNEXT
サンマルコ食品株式会社,あなたの経験が活かせる! 企画営業 人柄重視の採用,東京都 文京区 白山駅,"月給24万8,100円～32万6,600円",3日前,マイナビ転職
株式会社ウエシマコーヒー,ルート営業,東京都 品川区 西小山駅 徒歩5分,月給19万円～25万円,1時間前,マイナビ転職
スミス・アンド・ネフュー株式会社,ドクターから信頼される医療機器・医薬品営業／直行直帰・土日休,東京都 港区 大門駅,年収400万円～800万円,1日前,doda
株式会社コントロールテクノロジー,SaaS／法人営業 営業チームを立ち上げるコアメンバーを募集,東京都 港区,"年収451万7,245円～717万5,461円",7日前,en ミドルの転職
京王不動産株式会社,売買仲介営業 京王グループ 残業時間は10時間以下 転勤なし,東京都 渋谷区 初台駅 徒歩3分,"月給24万4,738円～",7日前,エン転職
大勝建設株式会社,残業&ノルマなし!事務業務がメイン 官公庁案件のルート営業,東京都 港区 田町駅,月給22万円～40万円,3日前,リクナビNEXT
エンビリオン株式会社,未経験OK!／東証マザーズ上場企業 反響営業,東京都 八王子市                                                                                                                                                                その他 (31),月給25万円,12時間前,ふれツリ求人なび
Human Global Talent Co. ...,グローバル人材活用のコンサルティング営業 人材紹介会社向け企画提案／年間休日126日,東京都 新宿区 新宿駅 徒歩10分,年収350万円～450万円,6日前,Daijob.com
ラフメイカー株式会社,営業サポートスタッフ,東京都,月給20万円～30万円,2日前,ラフメイカー株式会社
株式会社コスモライフ,ウォーターサーバーの法人営業職,東京都,年収550万円～650万円,6日前,Spring転職エージェント
株式会社竹宝商会,20代・30代活躍中 オフィス用品・家具・機器などの法人営業,東京都 新宿区 高田馬場駅 徒歩3分,月給19万円～,6日前,リクナビNEXT
株式会社NTジオテックス,最先端の測量機をPRする 営業 未経験歓迎 土日休み,東京都 中野区 野方駅,月給20万円～35万円,11日前,マイナビ転職
TBユニファッション株式会社,スーパーフレックス導入!自由なアイデアを形に ルート営業,東京都 中央区 水天宮前駅 徒歩0分,"月給20万4,000円～",16日前,リクナビNEXT
株式会社イスト,通信制高校の営業スタッフ 入試広報,東京都 江東区,月給23万円～,3日前,かんたん応募
株式会社今村紙工,企画営業職 祝儀袋の生産量日本トップクラスの成長企業,東京都 千代田区 飯田橋駅 徒歩5分,月給21万円～35万円,21日前,リクナビNEXT
有限会社ビーサイレンス,輸入雑貨・バラエティー商品の営業 残業なし ノルマなし,東京都 葛飾区 金町駅,月給25万円～35万円,8日前,リクナビNEXT
株式会社タイセイ・ハウジー,GW、夏・冬休み7連休以上 賃貸物件の仲介営業 未経験歓迎,東京都 八王子市 八王子駅,"月給21万9,000円～35万円",8日前,リクナビNEXT
鈴与三和建物株式会社,土地活用営業職,東京都 港区,年収600万円～800万円,1日前,建設転職ナビ
株式会社サンリブ,営業,東京都 大田区 武蔵新田駅 徒歩7分,月給25万円～35万円,7時間前,ビルメン転職ナビ
アイリスオーヤマ株式会社,営業系総合職 高い認知度を誇るアイリスだから成果に繋がる,東京都 港区,"月給27万2,000円～44万円",6日前,マイナビ転職
寿美工業株式会社,ルート・提案営業 年休128日!ワークライフバランス充実,東京都 港区 高輪台駅 徒歩5分,月給23万円～,7時間前,リクナビNEXT
株式会社deartech,美容室専売品の営業 未経験スタート多数 プライベート充実,東京都 港区 青山一丁目駅 徒歩3分,月給24万円～40万円,7時間前,リクナビNEXT
株式会社フロムエーワーク,営業侍?否!令和に求められる人材コンサルティング募集でござる,東京都 中野区 中野駅 徒歩8分,"月給23万4,406円～",1日前,リクナビNEXT
東新産業株式会社,年休123日 完全週休2日 専門商社の法人ルート営業,東京都 渋谷区,"月給21万5,000円～24万9,000円",20日前,リクナビNEXT
株式会社リデモルエステート,「経験不問の人柄採用・今なら入社祝金30万円」1年目からでもしっかり稼げる!,東京都 江東区 門前仲町駅 徒歩5分,"月給25万1,000円～",22時間前,かんたん応募
フォンテトレーディング株式会社,営業スタッフ 営業事務スタッフ,東京都 目黒区,月給24万円～,6日前,求人＠インテリアデザイン
株式会社ロコガイド,営業組織の立ち上げメンバー,東京都 港区 赤羽橋駅 徒歩3分,年収400万円～700万円,4日前,U29JOB
株式会社ベストパートナー,"セールス・営業の新規開拓法人向け, ルートセールス法人向け",東京都 新宿区 新大久保駅 徒歩1分,年収300万円,3日前,Ｔジョブ
株式会社渋谷不動産エージェント,不動産仲介営業職 残業ほぼなし 月給28万+インセン 駅チカ,東京都 調布市 調布駅,月給28万円,41分前,マイナビ転職
フィット電装株式会社,未経験歓迎の専門職／電気・空調・セキュリティシステム法人営業,東京都 大田区 大森駅 徒歩6分,月給21万円～,6時間前,リクナビNEXT
株式会社プラージュ,今話題のARとECサイト制作の反響営業,東京都 品川区 五反田駅 徒歩3分,月給25万円～,18日前,はたらいく
ソルナ株式会社,成長企業を支える!相手の立場を考えながら活躍する 営業事務,東京都 中央区,年収320万円～420万円,2日前,リクナビNEXT
株式会社ジャングルジャム,卸営業,東京都 世田谷区 池尻大橋駅,公開していません,2日前,クリーデンス
サンウェイテクノロジー株式会社,AI等の産業用ハードウェアの提案営業 20・30代活躍中,東京都 文京区 本郷三丁目駅 徒歩5分,"月給21万1,764円～47万589円",7日前,リクナビNEXT
株式会社ユーレックス・ジャパン,年収700万円可能 実績賞与年3回 営業／管理職候補,東京都 港区 大門駅 徒歩1分,月給35万円～,13日前,リクナビNEXT
TOWN株式会社,SaaS 直販営業専任 セールス責任者 フレックス,東京都 中央区 八丁堀駅 徒歩5分,月給30万円～58万円,3日前,マイナビ転職
シーアールエス株式会社,既卒歓迎／IT営業／未経験からIT業界で活躍できる!一人ひとりを大事に育て着実に成長を遂げている会社,東京都 新宿区 新宿御苑前駅 徒歩1分,年収300万円～400万円,3日前,Re就活
アルトンジャパン株式会社,業務用掃除機などの営業・販促企画年間休日120日,東京都 墨田区 錦糸町駅 徒歩5分,月給28万円～33万円,9日前,リクナビNEXT
スカリー株式会社,キャスティング企画営業 広告代理店・企画営業経験者歓迎,東京都 港区 赤坂見附駅 徒歩3分,月給25万円～45万円,7日前,エン転職
日米礦油株式会社,石油製品のルート営業・配送・販売 未経験歓迎,東京都,"月給18万9,000円～21万8,000円",9日前,リクナビNEXT
グッドモーゲージ株式会社,住信SBIネット銀行専属代理店 住宅ローン営業,東京都,"月給27万5,000円～",7日前,リクナビNEXT
中日電熱株式会社,既存顧客中心の電熱ヒーターに関する営業,東京都 港区 御成門駅 徒歩3分,月給27万円～,7時間前,リクナビNEXT
株式会社リデモルエステート 東京都内,「経験不問の人柄採用／今なら入社祝金30万円支給」マンションオーナー向け建物修繕の営業,東京都 豊島区 大塚駅 徒歩9分,"月給25万1,000円～",22時間前,かんたん応募
株式会社シーティーエス,地域限定社員 転勤なし 建設現場用ITインフラ等の提案営業,東京都 足立区,"月給21万6,000円～",23日前,リクナビNEXT
弘和産業株式会社,九州・沖縄エリア 土木建設用資材の営業 未経験大歓迎,東京都 羽村市 小作駅 バス15分,年収350万円～500万円,3時間前,リクナビNEXT
株式会社三井ハイテック,法人営業 賞与過去実績6ヶ月分 家族手当など福利厚生充実,東京都 港区 田町駅 徒歩8分,月給25万円～38万円,20時間前,エン転職
株式会社インテリアライフ・アソシエーション,建築・内装に携わる／法人営業 月給30万円～,東京都 墨田区 押上駅 徒歩5分,月給30万円～,7日前,リクナビNEXT
株式会社トップ,完全週休2日／賞与最大年6回 企業運営のパートナーに!営業,東京都 新宿区,"月給26万5,000円～",7日前,リクナビNEXT
有限会社T&J Solutions,缶バッジやアクリルホルダーなどのグッズ製作の商品企画・営業,東京都 中央区 小伝馬町駅 徒歩4分,月給25万円～45万円,2日前,リクナビNEXT
株式会社Sales synergy,25歳の社長が立ち上げたベンチャー企業 WEBマーケ・営業,東京都,月給40万円～,2日前,リクナビNEXT
ビートレンド株式会社,betrendサービスの営業,東京都,年収400万円～600万円,1日前,Spring転職エージェント
株式会社デルタソリューションズ,高月給スタート キャッシュレス決済端末に関する企画営業,東京都 中央区 八丁堀駅 徒歩1分,"月給31万5,000円～",1日前,リクナビNEXT
ジーコム株式会社,法人営業 100%反響営業 無線ナースコールのパイオニア 転勤なし,東京都 大田区 大森駅,月給25万円～,17日前,エン転職
旭機工株式会社,商品力の高い介護機器を扱う 営業 残業ほぼなし 営業力強化中,東京都 豊島区 池袋駅 徒歩7分,月給22万円～32万円,9日前,リクナビNEXT
NTTデータルウィーブ株式会社,金融ソリューション営業 NTTデータグループ リモート可 賞与年2回,東京都 中野区 中野駅 徒歩5分,年収450万円～790万円,17時間前,女の転職type
福田刃物工業株式会社,業界トップクラスの営業,東京都 豊島区 駒込駅 徒歩10分,月給23万円～,22日前,リクナビNEXT
サッポロビール株式会社,「ヱビスビール」「黒ラベル」など人気商品を扱う企画営業,東京都 渋谷区,"月給21万5,000円～",7日前,リクナビNEXT
プロメント設備株式会社,営業・マネージャー 福岡・東京2拠点募集 月給37.5万円～,東京都 千代田区 岩本町駅 徒歩1分,"月給37万5,000円～",7日前,リクナビNEXT
三井金属ユアソフト株式会社,基幹システムの法人営業 三井金属グループ 賞与5ヶ月分支給 フレックス勤務・リモート勤務OK,東京都 品川区 大崎駅 徒歩2分,"月給27万6,300円～",24日前,エン転職
有限会社テイ・スタイル,OEM営業,東京都 渋谷区 原宿駅,公開していません,3日前,クリーデンス
株式会社プライムサーヴ,営業アシスタント 既存顧客対応のサポート業務,東京都 新宿区 新宿駅 徒歩5分,"月給18万3,200円",7時間前,リクナビNEXT
株式会社アミファ,新商品提案も!法人向け企画営業 土日祝休／年間休日135日,東京都 港区 外苑前駅 徒歩2分,月給30万円～,7時間前,リクナビNEXT
株式会社セイノースタッフサービス,人材コンサルティング営業,東京都 中央区 浜町駅 徒歩1分,"月給23万5,900円～",7時間前,リクナビNEXT
株式会社コノエ,月給30万円～ 営業・販売経験を活かす 和装品の販売・営業,東京都 豊島区,月給30万円～,9日前,リクナビNEXT
株式会社テラオカ,東京・埼玉・沼津採用 ソリューション営業 業界未経験歓迎,東京都 台東区 浅草駅 徒歩14分,"月給23万900円～32万9,900円",10日前,マイナビ転職
東邦ゴム工業株式会社,総合商社営業,東京都,年収400万円～600万円,1日前,en ミドルの転職
株式会社折兼,営業事務 事務デビュー歓迎 残業・転勤なし／私服OK／賞与実績平均3.45ヶ月分,東京都 千代田区 内幸町駅 徒歩2分,"月給17万8,000円～",20時間前,エン転職
株式会社イソメディカルアドバンス,医療機器のメーカー営業月給30万円以上／年休125日!在宅勤務,東京都 千代田区 九段下駅 徒歩4分,月給30万円～,10日前,マイナビ転職
三明物産株式会社,30代活躍中!調味料や食材の提案営業 土日祝休 残業ほぼなし,東京都 江東区,年収310万円～450万円,6時間前,リクナビNEXT
株式会社IIJエンジニアリング,法人営業,東京都 千代田区 御茶ノ水駅 徒歩6分,年収400万円～550万円,3日前,かんたん応募
リッツMC株式会社,営業アシスタント・Web担当 年休120!テレワークあり,東京都 港区 麻布十番駅,月給20万円～,7日前,リクナビNEXT
株式会社古西電機,営業 未経験OK!年間休日128日 若手大募集,東京都 品川区 青物横丁駅,"月給22万5,000円～",6日前,リクナビNEXT
オカハシ株式会社,化粧品・食品・医薬品の「製品の顔となる」パッケージの企画営業,東京都 千代田区 淡路町駅 徒歩5分,月給25万円～30万円,7日前,リクナビNEXT
株式会社データX,法人営業,東京都 新宿区,年収364万円～600万円,3日前,かんたん応募
株式会社セフティライフ,法人営業,東京都 西多摩郡                                                                                                                                                                その他 (21),年収350万円～550万円,17日前,かんたん応募
株式会社ハンデックス,2027年に100拠点を目指す成長企業で活躍! 営業・管理職,東京都,"月給37万5,000円～",14日前,リクナビNEXT
住友建機販売株式会社,法人営業 20～30代の若手活躍中,東京都 江東区,"月給21万3,000円～30万円",10日前,マイナビ転職
有限会社小柳建具商會,営業募集,東京都 江東区 森下駅 徒歩3分,月給30万円～40万円,1日前,タウンワーク
株式会社スコア・ジャパン,国際宅配便サービスの法人営業 外国語スキル不問／インセンティブあり／東京積極採用／年休120日以上,東京都 江東区 亀戸駅 徒歩7分,月給25万円～40万円,10日前,エン転職
株式会社ジャペックスエネルギー,各種手当や福利厚生・待遇が充実!エネルギー製品の法人営業,東京都 台東区 御徒町駅,"月給17万2,420円～",13日前,リクナビNEXT
ピアブ・ジャパン株式会社,月給32万円～／セールスインセンティブあり 真空機器の営業,東京都 葛飾区 青砥駅 徒歩9分,月給32万円～,6日前,リクナビNEXT
株式会社北陸銀行,銀行営業職,東京都,年収400万円～800万円,9日前,en ミドルの転職
株式会社リアルグラッド,「本当」に「よかった」を～ 不動産営業／賃貸管理,東京都 中央区,月給25万円～,7時間前,リクナビNEXT
株式会社トータルエスティメイト,建築関連の営業経験者大歓迎! 大手ゼネコンへのルート営業,東京都 板橋区,月給20万円～40万円,2日前,リクナビNEXT
株式会社アルヴァスデザイン,人材育成コンサルタント 志ある企業の営業パーソンを支援する営業職,東京都 港区 新橋駅,"月給21万6,000円～54万500円",7日前,マイナビ転職エージェントサーチ
株式会社グリップインターナショナル,営業職,東京都 渋谷区 恵比寿駅,公開していません,2日前,クリーデンス
株式会社エアコンワーク,業務用エアコン営業事務,東京都 新宿区 新宿駅 徒歩7分,月給25万円,2日前,リクナビNEXT
株式会社タイミー,営業事務スペシャリスト スキマバイトアプリ「タイミー」,東京都 豊島区,年収400万円～600万円,3時間前,リクルートエージェント
株式会社テヅカ,機械工具商社のルート営業,東京都 大田区,"月給20万5,000円～28万5,000円",公開していません,マイナビ転職
株式会社エンクルー,提案営業,東京都 新宿区 新宿御苑前駅 徒歩3分,"月給38万4,000円～",2日前,かんたん応募
株式会社ムラタ,20代30代活躍中!未経験・第二新卒歓迎!アパレル副資材営業,東京都 台東区 浅草橋駅 徒歩5分,月給20万円～30万円,6時間前,リクナビNEXT
株式会社バンタン,営業企画,東京都 渋谷区 恵比寿駅,公開していません,3日前,クリーデンス
株式会社ピーアンドアイ,法人営業 大手との取引多数 年間70%程度がプライム案件 年休127日,東京都 港区 虎ノ門駅 徒歩2分,"月給25万9,375円～",17日前,エン転職
株式会社アサーティブ,未経験可能な個人営業!電力コスト削減の提案営業,東京都 品川区 天王洲アイル駅,月給22万円,3日前,株式会社アサーティブ
株式会社アメニティ,病院や老人ホームへの法人営業個人ノルマなし 残業少なめ,東京都 千代田区,月給25万円～50万円,公開していません,マイナビ転職
株式会社リンクトゥモロー,NTTグループの教育関連部門で営業サポート,東京都 世田谷区 成城学園前駅 バス10分,"時給1,600円",4日前,エン派遣
株式会社anysee,オープニング募集 独立の夢や年収3000万円も実現できる営業,東京都 渋谷区,月給20万円,1日前,リクナビNEXT
株式会社ツクイ,営業アドバイザー 全国のスタッフへ営業指導／介護事業所数トップクラス／土日休み／賞与年2回／面接1回,東京都 港区,"月給19万8,250円～38万1,250円",7日前,エン転職
S-PLAN株式会社,防水工事会社の営業「リファーラルマーケティング担当」,東京都 大田区 蒲田駅 徒歩10分,"時給2,000円～",4日前,S-PLAN株式会社
株式会社モトヤ,営業,東京都 千代田区 竹橋駅 徒歩1分                                                                                                                                                                その他 (2),"時給1,500円～1,600円",6日前,DTPジョブズ
株式会社ネオコンピタンス,頑張りはスタッフに還元する企業 人材サービスの提案営業,東京都 千代田区,月給27万円～,13日前,リクナビNEXT
アポプラスステーション株式会社,業界未経験歓迎! MR／医薬品営業 月給33万円～,東京都,月給33万円～,3時間前,リクナビNEXT
不二輸送機工業株式会社,20代30代活躍中! 物流自動化設備の企画営業,東京都 千代田区,月給24万円～29万円,3日前,リクナビNEXT
株式会社アスマーク,法人営業,東京都 渋谷区 渋谷駅,年収350万円～400万円,3日前,かんたん応募
大陸貿易株式会社,ロシア専門商社で 営業 年間休日127日／残業少なめ,東京都 中央区 八丁堀駅 徒歩4分,月給22万円～48万円,17日前,マイナビ転職
株式会社グランデス,個人営業,東京都 渋谷区 渋谷駅 徒歩8分,"年収400万円～2,000万円",3日前,かんたん応募
株式会社龍泉堂,健康・美容に関する 技術営業 土日祝休 年間休日120日,東京都 豊島区 池袋駅 徒歩5分,月給28万円～35万円,6時間前,リクナビNEXT
株式会社ミキタク,営業／未経験OK／残業ほぼなし／決算賞与あり／千代田区勤務／既存メイン,東京都 千代田区 水道橋駅 徒歩2分,年収400万円,2日前,女の転職type
株式会社NITTOH,建築営業スタッフ「正社員」募集／資格取得支援・手当支給,東京都 町田市,"月給22万4,000円～39万7,000円",17日前,かんたん応募
株式会社アス職,未経験営業／土日祝休み／8時30分～18時00分,東京都 大田区 鵜の木駅 徒歩2分,月給20万円～32万円,2日前,株式会社アス職
国際化工株式会社,国内トップクラスのシェアを誇るメラミン食器のルート営業 未経験歓迎 グッドデザイン賞受賞,東京都 品川区 五反田駅 徒歩4分,"月給20万5,400円～",24日前,エン転職
セントケア東京株式会社,営業職／セントケアお花茶屋,東京都 葛飾区 お花茶屋駅 徒歩6分,"月給26万9,000円～29万4,500円",8日前,セントケア東京株式会社
運営元 株式会社CLAYPLUS／東京都 求人窓口,個人営業,東京都 新宿区,年収250万円～550万円,2日前,かんたん応募
株式会社Branding Engineer,コンサルティング営業／WEBマーケティング領域／未経験OK／若手歓迎,東京都 渋谷区,年収400万円～700万円,1日前,株式会社テザリング
株式会社くらこんホールディングス,「塩こん部長」でもお馴染み!有名食品メーカーの法人営業,東京都 港区,月給20万円～35万円,2時間前,マイナビ転職
名共設電株式会社,営業職募集,東京都 港区 青山一丁目駅,月給25万円,9日前,かんたん応募
株式会社イナップ,営業企画 不況下でも順調に成長している会社の幹部候補,東京都 新宿区 新宿三丁目駅 徒歩1分,月給24万円～40万円,7時間前,リクナビNEXT
株式会社ミライアゴーゴー,WEB制作を中心に様々な商材を提案 新規営業,東京都 港区 赤坂駅 徒歩3分,月給23万円～35万円,2時間前,マイナビ転職
下田通商株式会社,1社1社と信頼関係を築ける既存顧客へのルート営業,東京都 中央区 三越前駅 徒歩3分,"月給19万2,000円～28万8,000円",14日前,リクナビNEXT
濱中製鎖工業株式会社,法人営業 営業経験者優遇 年間休日120日,東京都 千代田区 有楽町駅,月給30万円～,1日前,マイナビ転職
株式会社アックスコンサルティング,士業向けコンサルティング営業 土日祝休み／年休120日以上,東京都 渋谷区 恵比寿駅 徒歩5分,月給25万円～,7日前,リクナビNEXT
株式会社homula,卸営業 卸営業メンバー,東京都 千代田区,"年収600万円～1,000万円",3日前,READY TO FASHION
メディアエンジン株式会社,法人営業,東京都 千代田区 水道橋駅 徒歩6分,"年収600万円～1,000万円",3日前,かんたん応募
株式会社東洋,ユニフォームレンタルの法人営業 創業82年の安定企業／賞与年2回／残業月20h以内,東京都 板橋区,月給23万円～28万円,24日前,エン転職
横浜化成株式会社,塗料・化学製品のルート営業 世界をカラフルに!暮らしに彩りと安心を届けます／設立75年の安定企業,東京都 港区 泉岳寺駅 徒歩1分,月給25万円～30万円,20時間前,エン転職
立花証券株式会社,“金融未経験”から「株式アドバイスのプロ」を目指す 営業職,東京都,月給24万円～,2日前,リクナビNEXT
株式会社ヘイフィールド,法人営業 急成長ベンチャー／新規開拓と深耕営業が両方できます!／20〜30代活躍中,東京都 品川区,年収420万円～720万円,5日前,かんたん応募
株式会社日生リビングシエスタ,「量ではなく質」一人一人と向き合う賃貸住宅営業 定着率90%,東京都 東久留米市,月給25万円～,3日前,リクナビNEXT
エー・アール・ティ株式会社,自社出版雑誌の企画営業・制作・編集 未経験歓迎 土日祝休み,東京都 中央区,月給20万円～,7日前,リクナビNEXT
株式会社メインティース,なくてはならない安定業界 ルート営業 社会的意義の高い仕事,東京都 目黒区 学芸大学駅 徒歩1分,月給20万円～28万円,10日前,マイナビ転職
運営元 株式会社CLAYPLUS／東京都 採用窓口,法人営業,東京都 千代田区 秋葉原駅,年収250万円～300万円,2日前,かんたん応募
株式会社エムケイティタイセー,未経験歓迎! 電子部品のルート営業 賞与年2回 年休120日,東京都 豊島区 池袋駅 徒歩5分,月給25万円～40万円,3日前,マイナビ転職
株式会社Trys,法人営業 必須スキルは人が好きなこと,東京都 港区 赤坂駅 徒歩2分,月給23万円～27万円,23時間前,かんたん応募
株式会社Carecon,ITベンチャーの営業 土日休み,東京都 渋谷区 渋谷駅 徒歩8分,月給25万円～35万円,6日前,リクナビNEXT
株式会社ツインズ,営業職／残業10h程／年休120日以上,東京都 中央区,月給26万円～30万円,6日前,doda
サークレイス株式会社,SaaS商材の営業 大口顧客担当／月給33万円～／残業月20h以内／定着率90%～／原則リモート勤務,東京都 中央区 宝町駅 徒歩4分,"月給33万2,230円～",10日前,エン転職
大樹生命保険株式会社 青梅第二営業部,主婦さん活躍中の保険営業未経験大歓迎!飛び込み営業ナシ,東京都 青梅市 河辺駅 徒歩5分,月給18万円～,3日前,リクナビNEXT
株式会社サニックス,再生可能エネルギー商材を提案 営業系総合職,東京都 港区,"月給29万1,000円",7日前,マイナビ転職
株式会社H.T.M,残業少なめ あなたの可能性をさらに広げる 営業・販促,東京都 中央区,月給25万円,1日前,リクナビNEXT
株式会社アグリス,農業・医療に特化した商品開発・販売企業 アグリ営業部で年俸～400万円!農業資材営業職,東京都 千代田区 大手町駅 徒歩4分,年収300万円～400万円,14日前,日経転職版
ニューウェイジャパン株式会社,美容業界デビュー歓迎 サロン向け美容商材の代理店営業 研修有,東京都 港区,"月給22万9,000円～37万円",1日前,リクナビNEXT
ヤマト自動車株式会社,自動車用補修部品や工具の法人・ルート営業 月給25万円～,東京都,月給25万円～40万円,2日前,リクナビNEXT
株式会社ジャパン・インターナショナル・コマース,欧米輸入ブランド・自社商品の営業職!渋谷勤務,東京都 渋谷区 渋谷駅 徒歩15分,月給20万円～,15日前,リクナビNEXT
株式会社バリューデザイン,セールス・営業の代理店営業,東京都 中央区 八丁堀駅 徒歩5分,年収400万円～600万円,3日前,Ｔジョブ
ワタミ株式会社,30代～40代が活躍中 「ワタミの宅食」の営業／所長候補,東京都,"月給19万8,000円～22万1,000円",8時間前,リクナビNEXT
株式会社レコチョク,営業企画,東京都 渋谷区,"月給40万8,680円～",6日前,エンタメ人
サンワード貿易株式会社,営業の送迎ドライバー／20代・30代男性活躍中,東京都 千代田区 飯田橋駅 徒歩3分,"時給1,200円～",4日前,はたらいく
株式会社KRS,月給26万円以上 求人広告の企画営業・営業企画 未経験歓迎,東京都 渋谷区 渋谷駅 徒歩5分,月給26万円～,9日前,リクナビNEXT
株式会社スタイルワン,営業責任者,東京都 渋谷区 渋谷駅,公開していません,3日前,クリーデンス
ビューティーシステム株式会社,営業アシスタント事務,東京都 千代田区,"月給25万円～29万1,000円",2日前,IG unico
株式会社テツタニ,塗料や顔料などのルート営業 色材のスペシャリスト企業 残業時間月10時間程度,東京都 千代田区 小川町駅 徒歩3分,"月給22万5,000円～",3日前,エン転職
attic camellia works株式会社,こだわりの詰まったリノベ物件も扱う 完全反響の仲介営業,東京都 町田市 町田駅 徒歩4分,月給25万円,3日前,リクナビNEXT
SEMITEC株式会社,国内営業,東京都,年収400万円～480万円,6日前,Spring転職エージェント
ひのわ不動産リゾートアセットマネジメント株式会社,営業職募集,東京都 港区 青山一丁目駅 徒歩3分,月給25万円,9日前,かんたん応募
ピーロート・ジャパン株式会社,未経験歓迎! ワインの法人営業 土日祝休み 好きな街で活躍,東京都 港区,"月給22万5,000円～",6日前,マイナビ転職
株式会社データ・アプリケーション,エンタープライズ営業,東京都 千代田区 東京駅 徒歩4分,"月給32万5,125円～",1日前,U29JOB
株式会社フィエルテ,営業チーム責任者 -大企業CFO組織向けソリューション提案営業,東京都 新宿区,年収600万円～950万円,5日前,マイナビ転職エージェントサーチ
株式会社ゼルス,コラボTシャツやメタで企業PRを支援する 営業／営業企画,東京都 目黒区 中目黒駅 徒歩7分,月給25万円～35万円,21日前,リクナビNEXT
株式会社NEXER,課題を解決するWebマーケティングの企画営業 未経験歓迎,東京都 豊島区 東池袋駅 徒歩1分,月給30万円～,7日前,マイナビ転職
株式会社アルファコード,エンタメ領域における「VRコンテンツ」を創る! 企画営業,東京都 千代田区 末広町駅 徒歩6分,月給25万円～50万円,21日前,リクナビNEXT
株式会社大岡産業,完全週休2日!飛び込み無しの不動産営業／仕入・販売／ルート有,東京都 中央区,月給29万円～,2日前,リクナビNEXT
株式会社ビジネスコンサルタント,法人向けコンサルティング営業 インセンティブ上限なし,東京都,"月給21万5,000円～",7日前,エン転職
株式会社耕電設,提案営業 未経験でも月給25万以上 研修体制充実,東京都 港区 新橋駅,月給25万円～45万円,9日前,リクナビNEXT
株式会社フードナビ,未経験でも月給32万円～!お問合せの反響営業・FC加盟店開発,東京都 中央区 茅場町駅 徒歩3分,月給32万円～,1日前,リクナビNEXT
白水貿易株式会社,3拠点での募集 安定の医療業界!歯科器材・薬品等のルート営業,東京都 千代田区 淡路町駅,"月給21万4,000円～27万2,000円",23日前,リクナビNEXT
G.A.コンサルタンツ株式会社,アジアを舞台に!人材ソリューションの提案営業 年休120日,東京都,"月給25万4,820円～",21日前,リクナビNEXT
ジャパンマシナリー株式会社,法人営業 実働7時間 年間休日126日,東京都 大田区 雑色駅,"月給27万8,873円～",20時間前,エン転職
株式会社EPファーマライン,医療機器のセールス 月給33万円～ 直行直帰型の自由な営業スタイル,東京都 豊島区 池袋駅 徒歩3分,月給33万円～,24日前,エン転職
大和グラビヤ株式会社,営業事務 週休2日制 リモートOK 手当充実,東京都 中央区 茅場町駅 徒歩7分,月給23万円～30万円,13日前,リクナビNEXT
銀座ステファニー化粧品株式会社,コスメの卸営業職,東京都 港区 新橋駅,公開していません,3日前,クリーデンス
株式会社ワントゥーテン,最新技術で世の中に感動を与えたい営業募集,東京都 品川区 天王洲アイル駅 徒歩5分,"年収400万5,000円～500万6,000円",18時間前,CREATIVE JOB
株式会社昭和コーポレーション,経験不問!昇給・賞与あり 残業ほぼなし 営業事務職,東京都 多摩市 多摩センター駅 徒歩7分,月給23万円～49万円,3日前,リクナビNEXT
日本エフ・ディー・シー株式会社,土日祝休み／賞与年2回／ムダな残業もなし 営業・営業企画,東京都 豊島区 池袋駅 徒歩13分,月給25万円,13日前,リクナビNEXT
株式会社ユニスピード,急成長中 新規事業 VRゴーグル「arpara」の提案営業,東京都 港区 大門駅 徒歩2分,月給25万円～,7日前,リクナビNEXT
ウルト・エレクトロニクス・ジャパン株式会社,営業 月給55万円以上 英語力も活かせる 土日祝休み,東京都,月給55万円～,7日前,リクナビNEXT
株式会社D-Standing,営業アシスタント兼役員秘書,東京都 千代田区,"時給1,200円～1,500円",12日前,ママワークス
AIG損害保険株式会社,法人営業／ICA／土日祝休／未経験入社の方が活躍中,東京都,"月給22万300円～33万5,000円",16日前,リクナビNEXT
株式会社イー・ステート・オンライン,残業ほぼなし!駅から徒歩1分 営業サポート業務,東京都 千代田区 東京駅 徒歩5分,"時給1,600円～",5日前,エン派遣
ホームトレードセンター株式会社,不動産仲介の営業スタッフ・100%反響営業! 完全週休2日,東京都 武蔵野市,年収750万円,7日前,リクナビNEXT
株式会社ハウス・デポ・パートナーズ,「フラット35」の法人営業／月給28万円以上／土日祝休み,東京都 中央区,月給28万円～,1日前,doda
株式会社GYホーム,住まいづくりに関わる 法人営業 未経験歓迎 土日休み,東京都,月給25万円～30万円,14日前,マイナビ転職
ウチダ商事株式会社,エクステリア商品など建築資材販売／営業職／東京都練馬区「平和台」駅上,東京都 練馬区 平和台駅,"月給21万円～28万5,000円",2日前,かんたん応募
楽天カード株式会社,法人営業 社員定着率97.7%,東京都 港区 青山一丁目駅 徒歩2分,"月給25万7,900円～",7日前,エン転職
山陰信販株式会社,未経験歓迎! 営業系総合職 年休121日／20～30代中心に活躍中,東京都 中央区 宝町駅 徒歩1分,"月給23万5,000円～",3時間前,マイナビ転職
株式会社KADOKAWA,出版営業,東京都 千代田区 飯田橋駅 徒歩4分,"月給34万5,000円～",21時間前,エン転職
オプテックエクスプレス株式会社,営業事務,東京都 港区 新橋駅 徒歩3分,"時給1,500円～",3日前,タウンワーク
株式会社アール・エフ・マネジメント,営業事務 未経験OK! 完全週休2日制 残業少なめ 実働7時間と短め,東京都 豊島区,月給24万円～,3日前,女の転職type
椿本メイフラン株式会社,年休121日&新規開拓なし!上場企業グループでのメーカー営業,東京都 千代田区 新御茶ノ水駅,"月給21万7,500円～",6日前,リクナビNEXT
株式会社クロス,大手企業の正社員 グループ会社向けの保険営業でノルマなし,東京都 中央区 八丁堀駅 徒歩8分,"時給2,000円",1日前,エン派遣
ADEKAケミカルサプライ株式会社,化学製品の深耕営業,東京都,年収350万円～450万円,公開していません,Spring転職エージェント
株式会社メイト,幼児向け教材・出版の営業 20代・30代活躍中 営業経験優遇,東京都 豊島区 西巣鴨駅 徒歩5分,月給24万円～33万円,14日前,リクナビNEXT
株式会社ファインズ,法人営業,東京都 渋谷区,年収288万円～500万円,3日前,かんたん応募
株式会社ネクストビート,法人営業,東京都 渋谷区,年収510万円～840万円,3日前,かんたん応募
東越商事株式会社,保険代理店のルート営業・コンサルタント 残業ほぼ無／土日祝休,東京都 台東区 仲御徒町駅 徒歩2分,月給30万円～35万円,7日前,リクナビNEXT
株式会社大和,営業職 提案営業・サポート 神奈川県No.1企業で1から成長,東京都 港区,月給30万円～35万円,14日前,リクナビNEXT
株式会社やまもとくん,住宅リフォームの提案営業 人柄採用!ミドル世代が活躍中,東京都 千代田区,月給25万円,7日前,マイナビ転職
保険マンモス株式会社,毎月100万人以上が訪れる保険情報のポータルサイト「保険マンモス」の代理店営業,東京都 港区,月給32万円～50万円,1日前,en ミドルの転職
株式会社GENIE,新しくできたシャンプーメーカーの営業,東京都 世田谷区 三軒茶屋駅 徒歩3分,月給27万円～80万円,23日前,リクナビNEXT
株式会社ジェイ・シー・シー,6期連続増収増益で成長 アパレル商品企画・営業 ほぼ残業なし,東京都 渋谷区 渋谷駅 徒歩8分,年収400万円～,21日前,リクナビNEXT
一般財団法人あんしん財団,中小企業向け福利厚生サービス提供 営業,東京都 新宿区,"月給26万5,000円～39万9,000円",9時間前,リクナビNEXT
JIBUN HAUS.株式会社,営業 未経験歓迎／完全週休2日制／リモート勤務OK,東京都 港区 表参道駅 徒歩8分,月給25万円～,14日前,エン転職
株式会社ウテナ,スキンケア商品の提案営業 月平均残業10時間 賞与実績4ヶ月分あり,東京都 世田谷区 芦花公園駅 徒歩5分,月給22万円～,20時間前,エン転職
株式会社プラトンジャパン,法人営業,東京都 町田市 鶴川駅 徒歩6分,年収380万円～450万円,3日前,かんたん応募
株式会社wonderX,～1200万円!広告PR提案営業,東京都 港区 青山一丁目駅 徒歩7分,"年収700万円～1,200万円",20時間前,CREATIVE JOB
セキスイハイムグループ,セキスイハイムの住宅営業,東京都,"月給21万6,000円",9日前,リクナビNEXT
株式会社アルプス物流,フォワーディング営業 退職金など充実の福利厚生 電子部品に特化した総合物流企業,東京都 大田区,月給24万円～,7日前,エン転職
カワセコンピュータサプライ株式会社,法人営業／各種印刷物、電子化対応製品でお客様の業績拡大に貢献,東京都 中央区,月給25万円～40万円,7時間前,リクナビNEXT
株式会社ライトアップ,法人営業,東京都 渋谷区 渋谷駅,年収600万円～800万円,3日前,かんたん応募
株式会社すららネット,海外の子どもたちへEdtechで学びを届けるeラーニング教材営業・制作メンバー募集,東京都,月給30万円～40万円,12時間前,JICA 国際協力キャリア PARTNER
日鉄ソリューションズ株式会社,ITソリューション営業 NSSOLらしい高度で大規模な提案に挑戦,東京都 港区,月給27万円～,10日前,マイナビ転職
株式会社GROOVE,ルート営業中心 住宅設備メーカーの営業 基本土日休み,東京都 新宿区 西新宿五丁目駅 徒歩2分,月給25万円～45万円,7日前,リクナビNEXT
株式会社S.O.W.ホールディングス,健診とヘルスケアデータのクラウドサービスを拡大させる営業推進マネージャー,東京都 中央区 新日本橋駅 徒歩3分,"年収650万円～1,000万円",1日前,en ミドルの転職
ムラカワ株式会社,チーズ専門商社の法人営業／未経験歓迎・1年かけてじっくり育成,東京都 板橋区 高島平駅,"月給29万5,000円～",2時間前,doda
株式会社CBコンサルティング,世の中に必要不可欠な新規事業を展開 提案営業,東京都 港区 大門駅 徒歩2分,月給26万700円～,7時間前,リクナビNEXT
インターギアソリューション株式会社,求人広告新規電話営業 平均年収800万円 求人未経験OK,東京都 港区 赤坂見附駅 徒歩1分,"固定報酬2,000円～5,000円",14日前,マイナビ転職
株式会社ケーメックス・オートメーション,提案営業 飛び込みなし／テレワークあり／週休二日制,東京都 千代田区 岩本町駅 徒歩6分,月給24万円～,14日前,エン転職
中和物産株式会社,「中国発」のグローバル企業で活躍! 営業 月給40万円以上,東京都 千代田区 秋葉原駅 徒歩8分,月給40万円～,7時間前,リクナビNEXT
株式会社イデア・レコード,管理職候補 大手クライアント多数!業界DXを牽引する企業の営業戦略を担うプレイングマネージャー募集,東京都,年収500万円～699万円,2日前,en ミドルの転職
株式会社互興,OEM／ODM営業,東京都 港区 表参道駅,年収300万円～350万円,9日前,フォーピープル
アーバンスクエア株式会社,高級輸入車のショールーム施工の営業・案件管理,東京都 渋谷区 渋谷駅 徒歩6分,月給28万円～45万円,6時間前,リクナビNEXT
ボークス株式会社,フォルクスワーゲン・アウディの営業・販売 人物重視の採用,東京都 町田市,"月給21万8,000円～",3日前,リクナビNEXT
株式会社フィエルテホールディングス,提案営業 20代平均給与28.4万円／一緒に会社を作りませんか?設立2年目／20代社長,東京都 新宿区 新宿御苑前駅 徒歩2分,"月給22万5,000円～",20日前,かんたん応募
株式会社INGコーポレーション,30～40代活躍中!一戸建てリフォームの100%反響営業,東京都 立川市 砂川七番駅 徒歩10分,月給35万円～,6時間前,リクナビNEXT
シロカ株式会社,量販店向け営業担当者,東京都 千代田区 神保町駅 徒歩2分,月給22万円～27万円,11日前,日経転職版
株式会社トノハタ,食品メーカーの営業スタッフ既存取引先への深耕営業中心,東京都 台東区 浅草橋駅 徒歩5分,月給21万円～45万円,7日前,マイナビ転職
株式会社ZWEI,営業統括,東京都 中央区 銀座駅 徒歩2分,月給50万円～,8日前,日経転職版
株式会社bサーチ,営業総合職／研修制度充実,東京都 中央区 水天宮前駅 徒歩3分,月給56万円,6日前,リクナビNEXT
TIP composite株式会社,経験者優遇 高い技術力を発信 営業,東京都 千代田区 神田駅,月給22万円～40万円,7日前,リクナビNEXT
株式会社フーモア,広告営業,東京都 中央区 築地市場駅 徒歩5分,"月給24万5,000円～35万円",5日前,CREATIVE JOB
HACCI’s JAPAN合同会社,コスメブランドを共に創り上げる 営業担当 働きやすい環境あり,東京都 港区 表参道駅 徒歩5分,"月給29万6,667円～50万円",22日前,リクナビNEXT
株式会社日立システムズ,中央省庁・東京都自治体向けソリューション 営業,東京都 品川区,"月給23万4,500円～",10日前,マイナビ転職
株式会社イーディス,アニメ・ゲームのコラボレーション企画の提案を行う 営業,東京都 豊島区 池袋駅 徒歩4分,月給30万円～,28日前,マイナビ転職
旭化成株式会社,リーダー候補／石油化学製品のグローバル営業・マーケ職,東京都 千代田区 日比谷駅,"月給33万2,000円",6日前,en ミドルの転職
株式会社東急コミュニティー,健康経営優良法人認定 総合職／マンション・ビル運営管理、営業,東京都,月給21万円～35万円,2日前,リクナビNEXT
タイムリープ・アセット株式会社,営業 新規事業10名以上の大量募集 急募!内定まで2週間 提案営業,東京都,年収180万円～,6日前,かんたん応募
大中産業株式会社,耐熱用品・作業用品などのルート営業 既存顧客のみ&ノルマなし,東京都 江戸川区,"月給22万5,000円～",7日前,リクナビNEXT
日本ネクサウェブ株式会社,大手企業を中心に230社を超える導入実績!安定した取引・経営基盤のあるUI／UXソリューションの営業,東京都,月給30万円～,8日前,en ミドルの転職
株式会社A.E.リレーションズ,Web広告・印刷・採用などの広告営業／プロモーション担当,東京都 渋谷区 渋谷駅 徒歩3分,月給28万円,7日前,リクナビNEXT
株式会社シンクロ・フード,"セールス・営業の新規開拓法人向け, ルートセールス法人向け",東京都 千代田区 東京駅,年収356万円～484万円,3日前,Ｔジョブ
角田電気工業株式会社,空港・鉄道・官公庁と取引多数!とある“必需品”を扱う営業職,東京都 台東区 三ノ輪駅 徒歩3分,"月給23万4,000円～27万円",2日前,リクナビNEXT
日野興業株式会社,ルート営業 10月から完全週休2日制／昨年度賞与6.6ヶ月分／手当充実,東京都 台東区 上野御徒町駅 徒歩1分,"月給21万2,500円～26万7,500円",21時間前,エン転職
株式会社アース保証,横浜に新支店OPEN!未経験から活躍!法人営業・営業企画,東京都 中央区 東銀座駅 徒歩3分,月給27万円～40万円,7時間前,リクナビNEXT
株式会社三榮 ステンレス,営業スタッフ,東京都 台東区 御徒町駅 徒歩3分,月給20万円～30万円,13時間前,株式会社三榮 ステンレス
株式会社LIXIL住生活ソリューション,印刷会社での営業事務 1700円～,東京都 千代田区 秋葉原駅 徒歩5分,"時給1,700円",4日前,エン派遣
鐘通株式会社,法人営業 70年の歴史を持つ老舗商社 手厚い福利厚生&年間休日122日! くるみんマーク4つ取得,東京都 八王子市,月給29万円～31万円,17日前,エン転職
株式会社OmniGrid,法人営業,東京都 新宿区 新宿三丁目駅,年収450万円～600万円,3日前,かんたん応募
株式会社SMBCヒューマン・キャリア,営業部管理職,東京都 豊島区 目白駅,"年収600万円～1,000万円",2日前,マイナビ転職エージェントサーチ
THIJapan株式会社,外資系企業での提案営業 成果は歩合でしっかり還元,東京都 中央区,"月給28万5,000円～",14日前,エン転職
株式会社connection,提案営業,東京都 江戸川区 船堀駅 車5分,月給25万円～30万円,2日前,株式会社connection
大和工業株式会社,工業用製品・材料のルート営業,東京都 江戸川区 平井駅 徒歩12分,"月給22万5,000円～24万5,000円",13日前,リクナビNEXT
株式会社パークホームズ・プラス,第1期 トレーラーハウスの営業@新規開拓ナシ,東京都 中央区 京橋駅 徒歩3分,月給35万円～,21日前,リクナビNEXT
株式会社ヤマシタ,福祉用具のルート営業 研修に絶対的自信あり,東京都 港区,"月給22万8,000円～35万円",9日前,マイナビ転職
カゴメ株式会社,法人営業 変革期を迎えるカゴメの成長に貢献／東証プライム上場／国内シェアNo1の総合食品メーカー,東京都 中央区,"月給20万5,000円～",公開していません,エン転職
株式会社グリーンプラス,搬送助力システムの提案営業年休129日／完全土日祝休み,東京都,月給23万円～28万円,2日前,マイナビ転職
リビン・テクノロジーズ株式会社,住生活領域における社会問題を解決! 不動産×DXの提案営業,東京都 中央区,"月給26万2,000円～42万5,000円",2時間前,マイナビ転職
株式会社ウィルオブ・ワーク,キャッシュレス決済アプリpaypayの新規開拓営業 基本直行直帰,東京都 千代田区 永田町駅 徒歩10分,"時給1,600円～",9日前,WILLOF
株式会社アクアサービス,リフォーム営業 受注1件で報酬40万円超えも可能／勤務スタイルは自由／サポート体制充実,東京都 中央区 茅場町駅 徒歩3分,公開していません,10日前,エン転職
株式会社長谷工リアルエステート,不動産流通の営業 学歴不問 転勤なし・希望エリアで働ける,東京都,月給24万円～,7日前,エン転職
株式会社ユニバーサル園芸社,緑化プロジェクトの企画営業職,東京都 中央区,月給30万円,公開していません,みどり求人ナビ
株式会社JIN DIN ROU,20～30代活躍中 営業スタッフ,東京都 品川区 目黒駅 徒歩1分,月給24万円～,6時間前,リクナビNEXT
ジブラルタ生命保険株式会社,代理店営業,東京都,年収459万円～735万円,3日前,Spring転職エージェント
インフォメーションサービスフォース株式会社,法人営業,東京都 新宿区 新宿御苑前駅 徒歩3分,"月給22万円～37万5,000円",11時間前,U29JOB
株式会社クリアパートナー,不動産営業 完全週休2日／土日祝 未経験・第二新卒者歓迎,東京都 中央区 銀座一丁目駅 徒歩2分,月給25万円,10日前,マイナビ転職
株式会社ノナガセ,賞与6か月分&土日祝休 高いシェア率を誇る専門商社の営業,東京都 中央区,月給23万円～,15日前,リクナビNEXT
株式会社ユーエイ,営業,東京都 千代田区 末広町駅 徒歩2分,月給24万円～,12時間前,U29JOB
株式会社大藤社,ルート営業スタッフ募集,東京都 新宿区 神楽坂駅 車5分,"月給18万円～27万5,000円",6日前,DTPジョブズ
株式会社ラクラスホーム,未経験でも月給25万円～ 営業事務 土日祝休み 残業なし,東京都 渋谷区 代々木駅 徒歩4分,月給25万円～,22日前,リクナビNEXT
株式会社ソニー･ピクチャーズエンタテインメント,有料放送チャンネル 広告企画営業担当募集,東京都 港区 神谷町駅 徒歩5分,年収576万円～876万円,7日前,CREATIVE JOB
アヴァント株式会社,リーダー候補! IT営業・人材コーディネーター 年休125日,東京都 中野区 新中野駅 徒歩2分,"月給27万1,250円～37万7,500円",2日前,リクナビNEXT
神戸レザークロス株式会社,大手アパレル企業グループ!レディースシューズの商品企画・営業,東京都 台東区,"月給24万2,500円～31万9,000円",15日前,リクナビNEXT
株式会社ユナイトボード,オフィス建具・家具のルート営業スタッフ,東京都 葛飾区 新小岩駅 バス15分,"時給1,200円～",1日前,JOBLIST
株式会社スリール,営業 セールスプロモーションからのスタートを応援,東京都 港区,月給27万円,14日前,リクナビNEXT
株式会社サムシング,過程を大事にするから着実に成長できる 地盤調査改良の法人営業,東京都 新宿区 新宿駅,月給25万円～45万円,8時間前,リクナビNEXT
株式会社ビー・ハウス,遺体保全剤「DOMS」の営業 昨年度賞与実績3.5ヶ月分!／残業ほとんどナシ,東京都 立川市 立川駅 車11分,月給25万円～,21時間前,エン転職
二葉計器株式会社,メーター専門メーカーでの営業職,東京都 台東区 三ノ輪駅 徒歩8分,月給21万円～30万円,1日前,マイナビ転職エージェントサーチ
シチズン・システムズ株式会社,ヘルスケア製品の海外営業,東京都 西東京市 田無駅 徒歩8分,"月給24万4,600円～34万9,400円",8日前,リクナビNEXT
株式会社カミオジャパン,営業 業界トップクラスのメーカーでキャリアを築く,東京都 千代田区 神田駅 徒歩2分,月給23万円～,7日前,リクナビNEXT
ギグセールス株式会社,営業職,東京都 渋谷区,年収360万円～960万円,18時間前,マイナビ転職エージェントサーチ
株式会社マイナビ,代理店への販売サポート・営業事務,東京都 千代田区 竹橋駅 徒歩1分,年収400万円～570万円,4時間前,CREATIVE JOB
Ubie株式会社,東京／医療機関向けDX推進企業／営業事務リーダー候補,東京都 中央区 三越前駅,年収450万円～800万円,8日前,en ミドルの転職
株式会社エイ・アイ・エス,業界トップクラスシェア 自社製品のコンサルティング営業,東京都 千代田区 淡路町駅 徒歩2分,月給28万円～,公開していません,マイナビ転職
株式会社神戸製作所,技術営業～Eコマース業界の活況を受け業績拡大中の段ボール向け搬送装置メーカー／面接1回～,東京都 大田区 大森町駅,年収400万円～600万円,4日前,doda
株式会社フォーイット,法人営業,東京都 渋谷区,年収400万円～600万円,3日前,かんたん応募
ユアサ商事株式会社,法人営業 社会課題の解決を目指す複合専門商社,東京都 千代田区,"月給25万3,000円～41万7,000円",1日前,マイナビ転職
ヒューマンシーン株式会社,営業リスト自動作成ツールの法人向け案内コールスタッフ,東京都 渋谷区 渋谷駅,"時給1,350円～1,700円",11時間前,かんたん応募
バナナスピリッツ株式会社,人気アニメ・TV番組グッズ制作を内側から支える 営業事務,東京都 港区 赤羽橋駅 徒歩2分,月給23万円～28万円,15日前,リクナビNEXT
パナソニック産機システムズ株式会社,空調営業／パナソニックグループ／関東,東京都 墨田区,年収530万円～838万円,8時間前,建設転職ナビ
株式会社レソリューション,平均年齢32.5歳 人事コンサル営業・人材コーディネーター,東京都 千代田区,"月給22万2,804円～",14日前,メカニッ求
株式会社アイダ設計,自分らしく働ける!対話に専念できる! 分譲・注文住宅の営業,東京都,月給20万円～30万円,9日前,リクナビNEXT
株式会社P16,企画営業 未経験OK 月給25万円以上 今なら32歳以下、面接確約,東京都 千代田区 神田駅 徒歩5分,月給25万円～,8日前,マイナビ転職
株式会社折橋製作所,自動車部品製造メーカーのルート営業,東京都 江東区 清澄白河駅 徒歩2分,"月給27万5,000円～",6日前,Create 転職
株式会社桐井製作所,非住宅木造建築向けの営業支援 年間休日126日・平均残業20H／月,東京都 千代田区,年収400万円～650万円,3時間前,リクルートエージェント
株式会社Voice,オフィス空間づくりを一貫して担う!営業 100%反響型,東京都 渋谷区 渋谷駅 徒歩5分,月給25万円～29万円,8時間前,リクナビNEXT
ソフトブレーン株式会社,コンサルティング営業／業界未経験歓迎／年休124日／早期昇格&1年で年収150万円以上アップも可,東京都 中央区 東銀座駅 徒歩3分,"月給33万3,000円～83万円",21日前,エン転職
株式会社JPクレスト,WEBマーケティング営業／年収1000万円可能／年休125日,東京都 千代田区 神田駅 徒歩10分,月給25万円～,1日前,doda
株式会社フロム・エージャパン,成長企業の人材戦略を担う 営業・採用コンサル 20代活躍中,東京都 新宿区 新宿御苑前駅 徒歩1分,月給25万円～,6日前,リクナビNEXT
CMでも有名なフードデリバリー企業 株式会社出前館,飲食店の商材企画～販売促進のコンサル営業,東京都 新宿区 新宿駅 徒歩5分,年収350万円～700万円,13日前,マイナビスタッフ 転職支援
ソーシャルワイヤー株式会社,SNSマーケティング・SNS運用／企画営業,東京都 港区 田町駅 徒歩5分,月給33万円～50万円,7日前,リクナビNEXT
株式会社ウインウイン,Indeedなどリクルーティング広告の営業,東京都 千代田区 麹町駅,月給28万59円～35万73円,3日前,リクナビNEXT
株式会社クルイト,営業責任者／経営幹部候補,東京都,"年収700万円～1,200万円",15時間前,Spring転職エージェント
東邦樹脂工業株式会社,未経験者歓迎! 提案営業 土日祝休み 賞与4.6ヵ月分,東京都 中央区 三越前駅 徒歩6分,月給22万円～29万円,6日前,マイナビ転職
株式会社キッズウェイ,自社製品・サービスの営業職,東京都 豊島区 池袋駅 徒歩10分,"月給24万3,000円～",23時間前,マイナビ転職エージェントサーチ
LOPS株式会社 油脂関連専門商社,業績堅調!油脂関連専門商社に年俸400～600万円!国内・海外営業職,東京都 港区 虎ノ門駅 徒歩1分,年収400万円～600万円,14日前,日経転職版
アスクプロ株式会社,新規営業職 未経験OK／営業スキル身に着けたい方募集!／20〜30代活躍中,東京都 新宿区 四谷三丁目駅,年収300万円～600万円,12日前,かんたん応募
株式会社レスターコミュニケーションズ,FAカメラやレンズ、画像処理等のFA機器ソリューション営業,東京都 品川区 大崎駅 徒歩8分,月給22万円～35万円,11日前,マイナビ転職
株式会社成田デンタル,未経験大歓迎 待遇・安定感抜群! 歯科技工物のルート営業,東京都 杉並区,"月給23万6,500円～",7日前,リクナビNEXT
日華化学株式会社,繊維加工用薬剤のグローバル営業 月平均残業10時間 家族手当など福利厚生充実,東京都 中央区 日本橋駅 徒歩1分,"月給22万7,578円～",17日前,エン転職
株式会社日本ワーク・センター,営業アシスタント,東京都 江東区 新木場駅 徒歩6分,"時給1,400円～1,500円",7日前,マッハバイト
株式会社テンポアップ,40～60代多数活躍!不動産仲介営業 未経験歓迎 履歴書不要,東京都,"年収1,000万円～",20日前,リクナビNEXT
株式会社オルセル,webサイト・ネットショップの営業・運営改善・マーケティング,東京都 千代田区 飯田橋駅 徒歩4分,月給30万円～,7日前,リクナビNEXT
ミイダス株式会社,課題解決型 次世代型法人営業,東京都 港区 青山一丁目駅 徒歩7分,月給50万円～,21日前,リクナビNEXT
株式会社アサンテ,40代・50代活躍中 国内売上No.1だから安定&稼げる営業,東京都,月給21万円～,8時間前,リクナビNEXT
株式会社ミリオナ化粧品,モノづくりに関わる 企画営業 土日祝休／経験者月給30万～,東京都 中央区 茅場町駅,月給25万円～,7日前,リクナビNEXT
株式会社マル・ビ,お客様からたくさんのありがとうを集める 印刷物の営業,東京都 新宿区 神楽坂駅 徒歩5分,月給26万円～39万円,15日前,リクナビNEXT
オオサキメディカル株式会社,85年の歴史を持つ医療材料メーカーのルート営業職／東京都,東京都 台東区 上野駅 徒歩3分,年収400万円～550万円,15時間前,マイナビジョブ20's
株式会社トリプルアイズ,経験を活かす!IT業界の営業職,東京都 千代田区,"月給33万4,000円～58万4,000円",7時間前,リクナビNEXT
株式会社電巧社,営業／産業用モータ・インバータの取扱い経験者歓迎／創業94年:メーカー機能・商社機能,東京都 港区,年収500万円～650万円,1日前,株式会社テザリング
株式会社スタジアム,デジタルソリューション営業／業界未経験歓迎,東京都 港区 赤坂見附駅,年収360万円～420万円,1日前,Geekly
TJ日本株式会社,POPやバナーなどの営業職,東京都 港区 赤坂見附駅 徒歩3分,月給20万円～40万円,13日前,リクナビNEXT
いずみテクノス株式会社,管工事の営業アシスタント・施工補助,東京都 杉並区 荻窪駅 徒歩7分,"月給25万8,000円～",8日前,リクナビNEXT
株式会社コトブキ,営業,東京都 千代田区 新御茶ノ水駅,年収340万円～450万円,11時間前,doda
株式会社ホテイフーズコーポレーション,やきとり缶詰のルート営業 業界シェアTOPクラスの商品,東京都 台東区,月給21万円～27万円,公開していません,マイナビ転職
株式会社セールスクルー,新オフィス勤務の法人向け営業職,東京都 渋谷区 渋谷駅 徒歩7分,月給22万円～120万円,2時間前,かんたん応募
株式会社オウチーノ,SaaSツール提案営業／マネジャー候補,東京都,"年収600万円～1,000万円",14日前,日経転職版
神島化学工業株式会社,法人営業 ～創業100年を越える無機化学メーカー～,東京都 千代田区 秋葉原駅 徒歩3分,年収426万円～628万円,14日前,タイズ
RISE ON株式会社 ピタットハウス渋谷店,未経験入社でも月収100万円を目指せる!／不動産売買仲介営業,東京都 渋谷区 渋谷駅 徒歩5分,月給25万円,1日前,リクナビNEXT
日本ディクス株式会社,在宅週3日 ノルマ無し!既存顧客へ向けてシステム提案営業,東京都 新宿区 西新宿駅 徒歩3分,"時給1,800円",8日前,エン派遣
株式会社日邦バルブ,未経験歓迎 水道インフラを支えるバルブメーカー ルート営業,東京都 新宿区,"月給22万7,000円～28万7,000円",9日前,リクナビNEXT
株式会社ワンズマインド,残業月5時間未満!有給消化率84% Webサービス反響営業,東京都 新宿区 新宿御苑前駅 徒歩4分,"月給26万3,000円～34万円",12日前,リクナビNEXT
株式会社NTTデータ,営業職,東京都 江東区 豊洲駅 徒歩5分,"月給21万6,260円～",14日前,マイナビ転職
ネットスクウェア株式会社,出社時間やスケジュールは自己裁量! 企画提案営業,東京都 江東区 豊洲駅,年収300万円～450万円,1日前,マイナビ転職
日米レジン株式会社,業界有数の販売シェア!特殊接着剤の営業,東京都 中央区,"月給20万5,000円～",20日前,リクナビNEXT
株式会社ファーゴ,"セールス・営業の新規開拓法人向け, ルートセールス法人向け",東京都 世田谷区 三軒茶屋駅 徒歩3分,年収384万円～540万円,3日前,Ｔジョブ
株式会社Donuts,中途 広告企画営業,東京都 新宿区 新宿駅 徒歩1分,年収350万円～550万円,3時間前,CREATIVE JOB
unlimited nine株式会社,営業,東京都 港区 外苑前駅 徒歩2分,"月給22万3,200円～80万円",6日前,GIRLSWOMAN
株式会社KOSMO,未経験OK!月給28万以上!メンテナンス契約のルート営業,東京都 江東区 木場駅,"時給1,800円",15日前,エン派遣
日本コンベンションサービス株式会社,営業事務／医療機器メーカー,東京都 品川区 大崎駅 徒歩1分,"時給1,700円",2日前,ジョブメリ
株式会社高島屋 東中野店,不動産賃貸営業 週休2日 賞与年2回 残業なし,東京都 中野区 東中野駅 徒歩1分,月給25万円～30万円,6時間前,リクナビNEXT
グローバルキッチン株式会社,施設向け冷凍給食の 営業,東京都 港区 大門駅 徒歩5分,"月給25万円～34万8,000円",13日前,リクナビNEXT
株式会社INFASパブリケーションズ,広告企画・営業職,東京都 港区 六本木駅,公開していません,3日前,クリーデンス
株式会社メディアート,業界最高峰シェア 病院向けデジタルサイネージの提案営業,東京都 豊島区 池袋駅 徒歩10分,月給25万円～30万円,9日前,リクナビNEXT
株式会社KiteRa,CS部門の営業事務・アシスタント 残業月平均10h,東京都 港区 青山一丁目駅,月給25万円～30万円,7時間前,リクナビNEXT
ディップ株式会社,一般事務職、データ入力、タイピング、営業事務,東京都 足立区 北千住駅 徒歩6分,"時給1,300円～",2日前,バイトル
株式会社ニッケン・キャリア・ステーション,未経験スタートOK／什器のルート営業,東京都 中央区 小伝馬町駅 徒歩4分,"時給1,700円～",1日前,エン派遣
コミュニティ・ネットワーク株式会社,営業職,東京都 文京区,"月給19万7,000円～",3日前,Qsicman
協同組合APICO,未経験でも月給25万円以上 営業 年休126日／土日祝日休み,東京都 千代田区 神保町駅 徒歩3分,月給25万円～,7時間前,リクナビNEXT
大竹建窓株式会社,営業事務 社内初ポジション／残業ほぼなし／服装自由／基本土日祝休み／充実の福利厚生,東京都 品川区 大崎駅 徒歩6分,月給20万円～30万円,17日前,エン転職
株式会社フロンティア,福祉用具のルート営業,東京都 江東区,"月給23万2,600円～28万4,200円",13日前,マイナビ転職
株式会社ビジネスネットコーポレーション,急成長のHRTech業界の企画営業 年休125日 残業月20h程度,東京都 港区 虎ノ門ヒルズ駅 徒歩3分,月給22万円～34万円,2時間前,マイナビ転職
株式会社SFIDA X,営業アシスタント 9期連続ベストベンチャー100選出／残業月10H以下,東京都 新宿区 西新宿駅,月給21万円～,7日前,エン転職
パナソニックホームズ多摩株式会社,「パナソニックホームズ」の戸建住宅や集合住宅等の営業職,東京都 立川市 立飛駅,月給22万円～35万円,13日前,かんたん応募
株式会社菊医会,営業経験者を募集! 医師向けライフスタイル誌の広告営業,東京都 港区 外苑前駅 徒歩2分,月給25万円～40万円,23日前,リクナビNEXT
株式会社リスキル,IT研修 コンサルティング営業担当 企業内の研修や教育体制構築支援カンパニー／20〜30代活躍中,東京都 新宿区,年収400万円～550万円,5日前,かんたん応募
株式会社スパークル,"セールス・営業の新規開拓法人向け, ルートセールス法人向け",東京都 新宿区 東新宿駅 徒歩5分,年収600万円,3日前,Ｔジョブ
株式会社クラウドナイン,IT人材コーディネーター 未経験歓迎／月収35万以上／土日祝休み／代表は元DeNAの営業責任者,東京都 品川区 目黒駅 徒歩5分,年収400万円～800万円,21時間前,エン転職
株式会社協栄情報,エンジニアと企業を繋ぐ! SES営業 年間休日120日以上,東京都 中央区,年収400万円～,3日前,en ミドルの転職
株式会社アジアインフォネット,太陽光発電の法人営業,東京都 港区 大門駅 徒歩3分,月給30万円～60万円,7日前,ビルメン転職ナビ
iYell株式会社,新規獲得営業,東京都 渋谷区 渋谷駅 徒歩9分,年収450万円～700万円,11日前,日経転職版
アラオ株式会社,ルート営業 年休125日 有休取得率75.4% 業界未経験80% 15年連続売上UP中,東京都 新宿区 新宿三丁目駅 徒歩3分,"月給23万2,400円～",21日前,エン転職
東洋グループ,営業事務スタッフ,東京都 江戸川区,月給18万円～23万円,6日前,Create 転職
株式会社ヴァンガードネットワークス,IT力を高める企画営業 年休124日,東京都 千代田区 秋葉原駅 徒歩2分,"月給24万5,000円～38万円",9日前,リクナビNEXT
オーデリック株式会社,光環境・LED照明器具の提案営業 賞与+決算賞与 年休124日,東京都 墨田区,"月給24万300円～32万5,000円",6日前,マイナビ転職
株式会社ハートリー,既卒歓迎／営業職／自社商品を中心としたお菓子メーカーの法人営業,東京都 足立区,年収300万円～400万円,5日前,Re就活
株式会社アドバ,ノルマ・外勤なしでもやりがい 営業サポート,東京都 新宿区 新宿駅 徒歩7分,月給22万円～,3日前,とらばーゆ
株式会社レオン都市開発,医師のQOL向上に貢献する不動産営業 医師向け営業経験者歓迎,東京都 千代田区 有楽町駅,月給67万円,14日前,リクナビNEXT
株式会社ウィズウィグ,医学・医薬・ライフサイエンス翻訳 「ルート」と「企画」営業,東京都 中央区 八丁堀駅 徒歩1分,年収400万円～450万円,8日前,かんたん応募
株式会社引越社,反響営業／見積りスタッフ 半年間は月給27万円～,東京都,"月給22万5,020円～40万1,968円",3時間前,リクナビNEXT
環境オプティマル株式会社,法人営業 業界経験不問 経営基盤安定 SDGsに貢献,東京都 新宿区 新宿御苑前駅 徒歩1分,月給28万円～35万円,15日前,リクナビNEXT
株式会社シグマシステム,飛び込みなし 大手の既存顧客など向け営業 将来の幹部候補,東京都 中央区 馬喰町駅,月給23万円～52万円,20日前,リクナビNEXT
丸良興業有限会社,建設営業職・顧客フォロー,東京都 大田区 平和島駅 徒歩12分,"月給23万3,550円～45万円",17時間前,丸良興業有限会社
株式会社桜ゴルフ,月給26万～+賞与 ゴルフ会員権の内勤営業／営業アシスタント,東京都 中央区 銀座駅 徒歩1分,月給26万円～28万円,1日前,リクナビNEXT
新明電材株式会社,商社営業 未経験歓迎／業界最大手,東京都 世田谷区 代田橋駅,年収360万円～,7日前,doda
株式会社ABC店舗,営業部長 コロナ禍でも安定した経営／「不動産 × 飲食」物件紹介～経営支援までサポート,東京都 品川区 大崎駅,"年収800万円～1,200万円",5日前,doda
正和工業株式会社,法人営業,東京都 町田市 町田駅 徒歩10分,年収350万円～600万円,3日前,かんたん応募
株式会社ぐるなび,営業マネージャー／本社 東証一部上場／飲食店の永続経営をさまざまな角度からサポート!,東京都 千代田区,年収625万円～775万円,15時間前,かんたん応募
ワールド・ネット・インターナショナル株式会社,急募 営業事務・総務 残業ほぼなし 家庭と仕事の両立を応援,東京都 調布市 飛田給駅 徒歩1分,月給23万円～,6日前,リクナビNEXT
株式会社LOOP,土日休み・残業ほぼなし・10時出社の不動産営業,東京都 豊島区 池袋駅 徒歩2分,月給25万円,23日前,リクナビNEXT
株式会社リビングプロシード,企画営業 年間休日122日／土日祝休み,東京都 中央区 水天宮前駅 徒歩2分,"月給23万4,790円～33万7,020円",21日前,エン転職
株式会社アカラ,コンサルティング営業,東京都 千代田区 麹町駅 徒歩1分,月給30万円～,7日前,U29JOB
三石物産株式会社,専門商社での法人営業 既存・ルート営業中心,東京都 千代田区 秋葉原駅 徒歩5分,年収400万円～,7日前,リクナビNEXT
株式会社トラストライフ,保険営業／フルリモートOK／インセン上限なし／年休118日,東京都 千代田区,月給30万円,16日前,リクナビNEXT
株式会社インターテクスチャード,営業 布帛をメインとした提案型受注生産営業／東京／外苑前,東京都 港区,年収300万円～600万円,4日前,READY TO FASHION
G・TRANS株式会社,OEM・ODM営業／完全週休2日制／月給25万円以上,東京都 港区 外苑前駅 徒歩7分,月給25万円～,1日前,doda
日中友好ビジネス・教育研究所合同会社,月給30万以上!人材派遣営業,東京都 豊島区 池袋駅 徒歩1分,月給30万円～,15日前,リクナビNEXT
株式会社D&Dホールディングス,企画営業,東京都 中央区 人形町駅 徒歩5分,月給25万円～36万円,12時間前,U29JOB
丸菱電機株式会社,ルート営業／年休127日／20・30代未経験活躍／褒賞制度有,東京都 江戸川区 葛西臨海公園駅,"月給24万5,090円～28万3,990円",8日前,doda
株式会社クレデンス,完全週休2日制／残業月平均20h以内／賃貸保証サービスの営業,東京都 千代田区 九段下駅 徒歩3分,月給25万円～32万円,20日前,リクナビNEXT
伊藤工事株式会社,営業・ルームアドバイザー ノルマ無し 月平均残業20h,東京都 荒川区 西日暮里駅 徒歩5分,月給25万円～30万円,7日前,リクナビNEXT
株式会社モトハラ,未経験でも頑張り次第でどんどん昇給! ルート配送&営業,東京都 足立区 千住大橋駅 徒歩8分,月給30万円～,6日前,リクナビNEXT
株式会社ジュポンインターナショナル,化粧品メーカーのOEM企画営業職／年収340〜530万円,東京都 大田区,年収340万円～530万円,20時間前,マイナビ転職エージェントサーチ
株式会社リカレント,ビジネス研修 コンサルティング営業担当,東京都 新宿区,年収350万円～470万円,11日前,日経転職版
株式会社トラスト,投資用不動産の営業 分業制により効率 月給40万円+歩合,東京都 中央区 東銀座駅 徒歩1分,月給40万円～,7時間前,リクナビNEXT
株式会社アルファ,営業事務／未経験者歓迎／週2日1日4時間以上で働き方自由自在,東京都 杉並区 高円寺駅 徒歩1分,"時給1,300円～1,800円",6日前,かんたん応募
日本ドライケミカル株式会社,消防用設備の施工管理・メンテナンス営業年間休日123日以上,東京都 北区,月給19万円～40万円,7日前,マイナビ転職
ALSOK双栄株式会社,提案営業スタッフ／ALSOK双栄 株式会社 東京西支店 村山営業所,東京都 立川市 玉川上水駅 バス10分,月給20万円～30万円,13日前,ALSOK双栄株式会社
大興電子通信株式会社,ITインフラ営業／昨年度賞与3.5か月分／年休126日／設立69年／東証スタンダード上場,東京都 千代田区 飯田橋駅 徒歩1分,"月給25万7,000円～38万円",10日前,エン転職
インヴェンティット株式会社,美術館・博物館向けチケットシステムの法人営業、営業企画,東京都 千代田区 麹町駅 徒歩4分,年収380万円～550万円,7日前,リクナビNEXT
株式会社ファインドスター,広告業界の営業サポート 時間単位での有休取得OK 土日祝お休み 服装・髪色・ネイル自由,東京都 千代田区 水道橋駅 徒歩2分,月給24万円～,21時間前,エン転職
ティ・エフ株式会社,営業企画,東京都 渋谷区,年収500万円～800万円,3日前,かんたん応募
株式会社アウトソーシングテクノロジー,未経験からはじめる法人営業 東証プライム上場グループ インセンティブ制度あり,東京都 千代田区 東京駅 徒歩1分,"月給27万5,000円～",21日前,エン転職
株式会社リクルート 飲食・美容・旅行領域,法人営業,東京都,年収359万円～413万円,3日前,かんたん応募
株式会社みらいオーナーズスタイル,提案営業 未経験OK 入社祝金30万円支給 福利厚生充実,東京都,"月給19万8,000円～25万1,000円",2日前,リクナビNEXT
株式会社プロッド・イクス,商業施設のプランニング、テナント誘致営業、運営・販促,東京都 目黒区 中目黒駅 徒歩11分,年収420万円～,23日前,リクナビNEXT
インターネットウェア株式会社,営業マネージャー候補／東京都中央区日本橋,東京都 中央区 新日本橋駅 徒歩1分,"月給28万6,700円～44万円",17日前,かんたん応募
髙松建設株式会社,不動産のコンサルティング営業,東京都 千代田区,月給26万円～30万円,24日前,かんたん応募
株式会社幻冬舎メディアコンサルティング,企業ブランディング出版のコンサルティング営業,東京都 渋谷区 北参道駅 徒歩1分,"月給26万5,000円～",3日前,エン転職
株式会社ライスカレー,SNSを活用し、大手企業のPR戦略を向上させる「企画営業」,東京都 渋谷区 渋谷駅,月給27万円～,1日前,リクナビNEXT
油化産業株式会社,未経験歓迎 化粧品をイチから企画も可能! 提案営業,東京都 渋谷区 恵比寿駅 徒歩1分,月給21万円～32万円,1時間前,マイナビ転職
ランスタッド株式会社,ルート営業 新規開拓&ノルマなし,東京都 葛飾区 堀切菖蒲園駅 徒歩2分,"時給1,650円",5日前,ランスタッド 事務・オフィスワーク
株式会社エクソル,提案営業,東京都 港区 浜松町駅 徒歩3分,年収350万円～450万円,8日前,U29JOB
中央衣料株式会社,まずはルート営業から 月給23万円以上 土日祝休み 営業,東京都 練馬区 中村橋駅 徒歩3分,月給23万円～40万円,1日前,リクナビNEXT
株式会社マック,医療機器や消耗品の営業年休124日 昨年度賞与実績6か月分,東京都 江東区 東雲駅 徒歩7分,月給25万円～,3日前,マイナビ転職
株式会社プライマリー,Web広告の企画提案営業 月給29万円～／土日祝休み／各種福利厚生も充実,東京都 港区 三田駅 徒歩8分,"月給30万4,100円～",公開していません,エン転職
